# phpcms bakfile
# version:PHPCMS V9
# time:2018-04-26 09:43:54
# type:phpcms
# phpcms:http://www.phpcms.cn
# --------------------------------------------------------



DROP TABLE IF EXISTS `v9_page`;
CREATE TABLE `v9_page` (
  `catid` smallint(5) unsigned NOT NULL DEFAULT '0',
  `title` varchar(160) NOT NULL,
  `style` varchar(24) NOT NULL,
  `keywords` varchar(40) NOT NULL,
  `content` text NOT NULL,
  `template` varchar(30) NOT NULL,
  `updatetime` int(10) unsigned NOT NULL DEFAULT '0',
  KEY `catid` (`catid`)
) ENGINE=InnoDB DEFAULT CHARSET=utf8 ROW_FORMAT=DYNAMIC;

INSERT INTO `v9_page` VALUES('8','愿景和使命',';','使命','<div style=\"background: #fff;\">\r\n<div class=\"smContainer\" style=\"height: 459px; background: url(\'/touyun/statics/touyun/images/shiming/smImg1.jpg\') no-repeat top right;\">\r\n<div class=\"smText\" style=\"padding-right: 300px;\">\r\n<h2 style=\"color:#0D5899\">使命</h2>\r\n<p>我们的使命是：一物一码 万物互联</p>\r\n<p>作为&ldquo;一物一码&rdquo;应用的领导者，透云科技致力于通过为每一件商品赋予独一无二的二维码，并开发基于场景的有益应用。&ldquo;一物一码&rdquo;使商品成为品牌的自有媒介，帮助其传递信息、实时互动、记录行为、即时传播、高度共享以创造更高的商业价值。</p>\r\n<p>物物相连的物联网时代已经来临，智能手机将不再是唯一的关联登陆设备，智能穿戴等设备已可实现互联。二维码将彻底改变我们与世界交流的方式。作为连接世界的触点，二维码让一切事物连通到互联网，实现万物互联。</p>\r\n</div>\r\n</div>\r\n</div>\r\n<div style=\"background: #f2f2f3;\">\r\n<div class=\"smContainer\" style=\"height: 500px; background: url(\'/touyun/statics/touyun/images/shiming/smImg2.jpg\') no-repeat top left;\">\r\n<div class=\"smText\" style=\"padding-left: 300px;\">\r\n<h2 style=\"padding-top: 120px;color:#0D5899\">愿景</h2>\r\n<p>我们的愿景是：成为世界领先的互联网科技公司</p>\r\n<p>&bull; &nbsp;&nbsp; 不断升级&ldquo;一物一码&rdquo;技术，引领和带动中国互联网技术的进步及发展。</p>\r\n<p>&bull; &nbsp;&nbsp; 将透云的理念、技术、产品和服务推进世界舞台，实现万物真正互联。</p>\r\n<p>&bull; &nbsp;&nbsp; 与行业伙伴共同成长，赢得行业尊敬。</p>\r\n</div>\r\n</div>\r\n</div>\r\n<div style=\"background: #fff;\">\r\n<div class=\"smContainer\">\r\n<div class=\"smText\" style=\"padding-bottom: 100px;\">\r\n<h2 style=\"color:#0D5899\">核心价值观</h2>\r\n<p>我们的核心价值观是：创新、分享、高效、共赢；</p>\r\n<p>创新是一种原则。是灵活变通、是革新；但不是抛弃，不是不切实际、无基础。</p>\r\n<p>分享是一种机制。是合作互惠、是协助；但不是攫取，不是不劳而获、无成果。</p>\r\n<p>高效是一种追求。是实事求是、是效率；但不是投机，不是天马行空、无执行。</p>\r\n<p>共赢是一种结果。是资源共享、是双赢；但不是纵容，不是一团和气、无规则。</p>\r\n</div>\r\n</div>\r\n</div>\r\n<div style=\"height: 600px; background: url(\'/touyun/statics/touyun/images/shiming/smImg3.jpg\') no-repeat top center;\">\r\n<div class=\"smContainer\">\r\n<div class=\"smText\" style=\"padding-left: 270px;\">\r\n<h2 style=\"color:#0D5899\">企业精神</h2>\r\n<p>我们的核心精神是：价值源于创造</p>\r\n<p>我们认为，为社会创造财富，为地球创造美好环境，是企业和员工存在的价值所在。</p>\r\n<p>价值是创造出来的，没有创造，价值就是无源之水、无本之木。企业效益的实现、社会的认同、未来的发展以及员工个人的成长和价值实现，都离不开创造。</p>\r\n<p>企业的创造力是实现企业价值的源泉，而每位员工不断创造的动机和各具特色的创造能力，又是企业创造力的源泉。</p>\r\n<p>我们鼓励员工的价值创造，并为员工的价值创造提供必要的条件。企业对员工价值认可的程度，取决于员工为企业创造业绩的多寡。</p>\r\n<p>我们认为，员工的创造活动是通过工作来体现的。因此，我们每一位员工都应该尽职尽责、尽心尽力，并富有成效地工作，努力实现个人的人生价值。</p>\r\n</div>\r\n</div>\r\n</div>\r\n<div style=\"height: 310px; background: url(\'/touyun/statics/touyun/images/shiming/smImg4.jpg\') no-repeat top center;\">\r\n<div class=\"smContainer\">\r\n<div class=\"smText\" style=\"padding-left: 100px;\">\r\n<h2 style=\"padding-top: 70px;color:#0D5899\">核心竞争力</h2>\r\n<p>我们的核心竞争力是：卓越的创新能力、优秀的企业文化、高效的组织团队。</p>\r\n</div>\r\n</div>\r\n</div>\r\n','','0');
INSERT INTO `v9_page` VALUES('13','联系我们',';','联系我们','<p>联系人：张小姐<br />\r\n电话： 021-61820853<br />\r\n邮箱：marketing@sao.so<br />\r\n上海总部地址：上海市静安区光复路581号</p>\r\n','','0');
INSERT INTO `v9_page` VALUES('22','加入我们',';','加入我们','<p>众店宝，百万小店的制胜法宝<br />\r\n马上加入，立享七重福利！<br />\r\n加盟热线：4006165073</p>\r\n<h5>七大福利</h5>\r\n<ul>\r\n<li>&bull; 免费使用价值3000元的门店智能设备及系统</li>\r\n<li>&bull; 价格更低的进货渠道</li>\r\n<li>&bull; 持续的促销活动和在线抽奖</li>\r\n<li>&bull; 众店宝店主奖励活动</li>\r\n<li>&bull; 线上线下的免费贴心服务</li>\r\n<li>&bull; 未来快速、低息的运营资金贷款保证</li>\r\n<li>&bull; 吸引更多附近客流的外送服务</li>\r\n</ul>\r\n<img src=\"/touyun/statics/touyun/images/about/interus.jpg\" />','','0');
INSERT INTO `v9_page` VALUES('34','关于透云',';','关于透云','<h2><strong>一物一码：让消费者更亲近品牌</strong></h2>\r\n<h3><strong>【关于透云】</strong></h3>\r\n透云科技隶属于中国透云科技集团有限公司。<br />\r\n<br />\r\n成立于2011年，透云科技致力于用&ldquo;一物一码&rdquo;技术打通企业与消费者的连接，打造互联网+时代的创新营销及防伪溯源新模式。透云科技主要从事可变二维码技术开发及应用拓展，并拥有多项二维码印刷专利，为品牌客户提供产品二维码印刷服务及一站式的创新数字营销方案。<br />\r\n<br />\r\n作为&ldquo;<a href=\"https://www.sao.so/mark\" target=\"_blank\">一物一码</a>&rdquo;应用的领导者，透云科技致力于通过为每一件商品赋予独一无二的二维码，打通品牌与每一位既有消费者之间的沟通边界。<br />\r\n<br />\r\n借助&ldquo;一物一码&rdquo; ，企业将有能力打造&ldquo;以每一位消费者为中心&rdquo;的生态圈。基于消费者的行为分析，企业不断完善消费者与品牌的个性互动，持续提升消费者对品牌的忠诚度。企业还将获得继品牌之后的又一资产&mdash;&mdash;大数据。<br />\r\n<br />\r\n基于&ldquo;一物一码&rdquo;的应用，透云科技将信息技术和市场营销创新结合，为企业提供包括商品赋码方案、大数据分析、个性化营销、销售过程管理和防伪追溯在内的整合解决方案。<br />\r\n<br />\r\n透云科技2014年合作签约全国知名快消品牌恒大冰泉，2016年于香港证交所成功上市；透云科技迄今已为108家知名快消品牌服务，提供&ldquo;一物一码&rdquo;二维码互动营销和防伪溯源服务，全部累计发码量超过100亿。<br />\r\n<br />\r\n透云科技注册资金为6亿元，成立6年来先后获得ISO9001:2008，ISO/IEC 27001:2013质量管理体系认证和CMMI 3级资格认证。<br />\r\n<br />\r\n同时透云科技也和众多国际知名公司/媒体达成战略合作，包括成为微软金牌能力伙伴，尼尔森数据合作伙伴，腾讯SNG战略伙伴，阿里满天星银牌搭档和新华网溯源中国战略伙伴。<br />\r\n<h3><strong>【中国透云科技集团有限公司】</strong></h3>\r\n（股票代码：01332）<br />\r\n<br />\r\n主要从事包装产品及销售终端陈列用品的设计、研发、生产及销售。<br />\r\n<br />\r\n集团现拥有多项二维码印刷专利，并为中国产品生产商提供产品二维码印刷服务及一站式的创新数字营销方案；集团产品包装创新二维码技术&ldquo;一物一码&rdquo;将信息技术和市场营销创新结合，为企业提供包括商品赋码方案、大数据分析、个性化营销、销售过程管理和防伪追溯在内的整合解决方案。<br />\r\n<div>&nbsp;</div>\r\n','','0');

DROP TABLE IF EXISTS `v9_pay_account`;
CREATE TABLE `v9_pay_account` (
  `id` mediumint(8) unsigned NOT NULL AUTO_INCREMENT,
  `trade_sn` char(50) NOT NULL,
  `userid` mediumint(8) unsigned NOT NULL DEFAULT '0',
  `username` char(20) NOT NULL,
  `contactname` char(50) NOT NULL,
  `email` char(40) NOT NULL,
  `telephone` char(20) NOT NULL,
  `discount` float(8,2) NOT NULL DEFAULT '0.00',
  `money` char(8) NOT NULL,
  `quantity` int(8) unsigned NOT NULL DEFAULT '1',
  `addtime` int(10) NOT NULL DEFAULT '0',
  `paytime` int(10) NOT NULL DEFAULT '0',
  `usernote` char(255) NOT NULL,
  `pay_id` tinyint(3) NOT NULL,
  `pay_type` enum('offline','recharge','selfincome','online') NOT NULL DEFAULT 'recharge',
  `payment` char(90) NOT NULL,
  `type` tinyint(3) NOT NULL DEFAULT '1',
  `ip` char(15) NOT NULL DEFAULT '0.0.0.0',
  `status` enum('succ','failed','error','progress','timeout','cancel','waitting','unpay') NOT NULL DEFAULT 'unpay',
  `adminnote` char(20) NOT NULL,
  PRIMARY KEY (`id`),
  KEY `status` (`status`),
  KEY `userid` (`userid`),
  KEY `trade_sn` (`trade_sn`,`money`,`status`,`id`)
) ENGINE=InnoDB DEFAULT CHARSET=utf8 ROW_FORMAT=DYNAMIC;


DROP TABLE IF EXISTS `v9_pay_payment`;
CREATE TABLE `v9_pay_payment` (
  `pay_id` tinyint(3) unsigned NOT NULL AUTO_INCREMENT,
  `name` varchar(120) NOT NULL,
  `pay_name` varchar(120) NOT NULL,
  `pay_code` varchar(20) NOT NULL,
  `pay_desc` text NOT NULL,
  `pay_method` tinyint(1) DEFAULT NULL,
  `pay_fee` varchar(10) NOT NULL,
  `config` text NOT NULL,
  `is_cod` tinyint(1) unsigned NOT NULL DEFAULT '0',
  `is_online` tinyint(1) unsigned NOT NULL DEFAULT '0',
  `pay_order` tinyint(3) unsigned NOT NULL DEFAULT '0',
  `enabled` tinyint(1) unsigned NOT NULL DEFAULT '0',
  `author` varchar(100) NOT NULL,
  `website` varchar(100) NOT NULL,
  `version` varchar(20) NOT NULL,
  PRIMARY KEY (`pay_id`),
  KEY `pay_code` (`pay_code`)
) ENGINE=InnoDB DEFAULT CHARSET=utf8 ROW_FORMAT=DYNAMIC;


DROP TABLE IF EXISTS `v9_pay_spend`;
CREATE TABLE `v9_pay_spend` (
  `id` int(10) unsigned NOT NULL AUTO_INCREMENT,
  `creat_at` int(10) unsigned NOT NULL DEFAULT '0',
  `userid` int(10) unsigned NOT NULL DEFAULT '0',
  `username` varchar(20) NOT NULL,
  `type` tinyint(1) unsigned NOT NULL DEFAULT '0',
  `logo` varchar(20) NOT NULL,
  `value` int(5) NOT NULL,
  `op_userid` int(10) unsigned NOT NULL DEFAULT '0',
  `op_username` char(20) NOT NULL,
  `msg` varchar(255) NOT NULL,
  PRIMARY KEY (`id`),
  KEY `type` (`type`),
  KEY `creat_at` (`creat_at`),
  KEY `logo` (`logo`),
  KEY `userid` (`userid`)
) ENGINE=InnoDB DEFAULT CHARSET=utf8 ROW_FORMAT=DYNAMIC;


DROP TABLE IF EXISTS `v9_picture`;
CREATE TABLE `v9_picture` (
  `id` mediumint(8) unsigned NOT NULL AUTO_INCREMENT,
  `catid` smallint(5) unsigned NOT NULL DEFAULT '0',
  `typeid` smallint(5) unsigned NOT NULL,
  `title` char(80) NOT NULL DEFAULT '',
  `style` char(24) NOT NULL DEFAULT '',
  `thumb` char(100) NOT NULL DEFAULT '',
  `keywords` char(40) NOT NULL DEFAULT '',
  `description` char(255) NOT NULL DEFAULT '',
  `posids` tinyint(1) unsigned NOT NULL DEFAULT '0',
  `url` char(100) NOT NULL,
  `listorder` tinyint(3) unsigned NOT NULL DEFAULT '0',
  `status` tinyint(2) unsigned NOT NULL DEFAULT '1',
  `sysadd` tinyint(1) unsigned NOT NULL DEFAULT '0',
  `islink` tinyint(1) unsigned NOT NULL DEFAULT '0',
  `username` char(20) NOT NULL,
  `inputtime` int(10) unsigned NOT NULL DEFAULT '0',
  `updatetime` int(10) unsigned NOT NULL DEFAULT '0',
  PRIMARY KEY (`id`),
  KEY `status` (`status`,`listorder`,`id`),
  KEY `listorder` (`catid`,`status`,`listorder`,`id`),
  KEY `catid` (`catid`,`status`,`id`)
) ENGINE=InnoDB DEFAULT CHARSET=utf8 ROW_FORMAT=DYNAMIC;


DROP TABLE IF EXISTS `v9_picture_data`;
CREATE TABLE `v9_picture_data` (
  `id` mediumint(8) unsigned DEFAULT '0',
  `content` text NOT NULL,
  `readpoint` smallint(5) unsigned NOT NULL DEFAULT '0',
  `groupids_view` varchar(100) NOT NULL,
  `paginationtype` tinyint(1) NOT NULL,
  `maxcharperpage` mediumint(6) NOT NULL,
  `template` varchar(30) NOT NULL,
  `paytype` tinyint(1) unsigned NOT NULL DEFAULT '0',
  `relation` varchar(255) NOT NULL DEFAULT '',
  `pictureurls` mediumtext NOT NULL,
  `copyfrom` varchar(255) NOT NULL DEFAULT '',
  `allow_comment` tinyint(1) unsigned NOT NULL DEFAULT '1',
  KEY `id` (`id`)
) ENGINE=InnoDB DEFAULT CHARSET=utf8 ROW_FORMAT=DYNAMIC;


DROP TABLE IF EXISTS `v9_position`;
CREATE TABLE `v9_position` (
  `posid` smallint(5) unsigned NOT NULL AUTO_INCREMENT,
  `modelid` smallint(5) unsigned DEFAULT '0',
  `catid` smallint(5) unsigned DEFAULT '0',
  `name` char(30) NOT NULL DEFAULT '',
  `maxnum` smallint(5) NOT NULL DEFAULT '20',
  `extention` char(100) DEFAULT NULL,
  `listorder` smallint(5) unsigned NOT NULL DEFAULT '0',
  `siteid` smallint(5) unsigned NOT NULL DEFAULT '0',
  `thumb` varchar(150) NOT NULL DEFAULT '',
  PRIMARY KEY (`posid`)
) ENGINE=InnoDB AUTO_INCREMENT=18 DEFAULT CHARSET=utf8 ROW_FORMAT=DYNAMIC;

INSERT INTO `v9_position` VALUES('1','0','0','首页焦点图推荐','20','','1','1','');
INSERT INTO `v9_position` VALUES('2','0','0','首页头条推荐','20','','4','1','');
INSERT INTO `v9_position` VALUES('5','69','0','推荐下载','20','','0','1','');
INSERT INTO `v9_position` VALUES('8','30','54','图片频道首页焦点图','20','','0','1','');
INSERT INTO `v9_position` VALUES('9','0','0','网站顶部推荐','20','','0','1','');
INSERT INTO `v9_position` VALUES('10','0','0','栏目首页推荐','20','','0','1','');
INSERT INTO `v9_position` VALUES('12','0','0','首页图片推荐','20','','0','1','');
INSERT INTO `v9_position` VALUES('13','82','0','栏目页焦点图','20','','0','1','');
INSERT INTO `v9_position` VALUES('14','0','0','视频首页焦点图','20','','0','1','');
INSERT INTO `v9_position` VALUES('15','0','0','视频首页头条推荐','20','','0','1','');
INSERT INTO `v9_position` VALUES('16','0','0','视频首页每日热点','20','','0','1','');
INSERT INTO `v9_position` VALUES('17','0','0','视频栏目精彩推荐','20','','0','1','');

DROP TABLE IF EXISTS `v9_position_data`;
CREATE TABLE `v9_position_data` (
  `id` mediumint(8) unsigned NOT NULL DEFAULT '0',
  `catid` smallint(5) unsigned NOT NULL DEFAULT '0',
  `posid` smallint(5) unsigned NOT NULL DEFAULT '0',
  `module` char(20) DEFAULT NULL,
  `modelid` smallint(6) unsigned DEFAULT '0',
  `thumb` tinyint(1) NOT NULL DEFAULT '0',
  `data` mediumtext,
  `siteid` smallint(5) unsigned NOT NULL DEFAULT '1',
  `listorder` mediumint(8) DEFAULT '0',
  `expiration` int(10) NOT NULL,
  `extention` char(30) DEFAULT NULL,
  `synedit` tinyint(1) DEFAULT '0',
  KEY `posid` (`posid`),
  KEY `listorder` (`listorder`)
) ENGINE=InnoDB DEFAULT CHARSET=utf8 ROW_FORMAT=DYNAMIC;


DROP TABLE IF EXISTS `v9_poster`;
CREATE TABLE `v9_poster` (
  `id` smallint(5) unsigned NOT NULL AUTO_INCREMENT,
  `siteid` smallint(5) unsigned NOT NULL DEFAULT '0',
  `name` varchar(40) NOT NULL,
  `spaceid` smallint(5) unsigned NOT NULL DEFAULT '0',
  `type` varchar(10) NOT NULL,
  `setting` text NOT NULL,
  `startdate` int(10) unsigned NOT NULL DEFAULT '0',
  `enddate` int(10) unsigned NOT NULL DEFAULT '0',
  `addtime` int(10) unsigned NOT NULL DEFAULT '0',
  `hits` mediumint(8) unsigned NOT NULL DEFAULT '0',
  `clicks` smallint(5) unsigned NOT NULL DEFAULT '0',
  `listorder` tinyint(3) unsigned NOT NULL DEFAULT '0',
  `disabled` tinyint(1) unsigned NOT NULL DEFAULT '0',
  PRIMARY KEY (`id`),
  KEY `spaceid` (`spaceid`,`siteid`,`disabled`,`listorder`)
) ENGINE=InnoDB AUTO_INCREMENT=11 DEFAULT CHARSET=utf8 ROW_FORMAT=DYNAMIC;

INSERT INTO `v9_poster` VALUES('1','1','banner','1','images','array (\n  1 => \n  array (\n    \'linkurl\' => \'http://www.phpcms.cn\',\n    \'imageurl\' => \'http://dev.wfyuan.com/touyun/uploadfile/poster/2.png\',\n    \'alt\' => \'\',\n  ),\n)','1285813808','1446249600','1285813833','0','1','0','0');
INSERT INTO `v9_poster` VALUES('2','1','phpcmsv9','2','images','array (\n  1 => \n  array (\n    \'linkurl\' => \'http://www.phpcms.cn\',\n    \'imageurl\' => \'http://dev.wfyuan.com/touyun/statics/images/v9/ad_login.jpg\',\n    \'alt\' => \'phpcms专业建站系统\',\n  ),\n)','1285816298','1446249600','1285816310','0','1','0','0');
INSERT INTO `v9_poster` VALUES('3','1','phpcms下载推荐','3','images','array (\n  1 => \n  array (\n    \'linkurl\' => \'http://www.phpcms.cn\',\n    \'imageurl\' => \'http://dev.wfyuan.com/touyun/uploadfile/poster/3.png\',\n    \'alt\' => \'phpcms官方\',\n  ),\n)','1286504815','1446249600','1286504865','0','1','0','0');
INSERT INTO `v9_poster` VALUES('4','1','phpcms广告','4','images','array (\n  1 => \n  array (\n    \'linkurl\' => \'http://www.phpcms.cn\',\n    \'imageurl\' => \'http://dev.wfyuan.com/touyun/uploadfile/poster/4.gif\',\n    \'alt\' => \'phpcms官方\',\n  ),\n)','1286505141','1446249600','1286505178','0','0','0','0');
INSERT INTO `v9_poster` VALUES('5','1','phpcms下载','5','images','array (\n  1 => \n  array (\n    \'linkurl\' => \'http://www.phpcms.cn\',\n    \'imageurl\' => \'http://dev.wfyuan.com/touyun/uploadfile/poster/5.gif\',\n    \'alt\' => \'官方\',\n  ),\n)','1286509363','1446249600','1286509401','0','0','0','0');
INSERT INTO `v9_poster` VALUES('6','1','phpcms下载推荐1','6','images','array (\n  1 => \n  array (\n    \'linkurl\' => \'http://www.phpcms.cn\',\n    \'imageurl\' => \'http://dev.wfyuan.com/touyun/uploadfile/poster/5.gif\',\n    \'alt\' => \'官方\',\n  ),\n)','1286510183','1446249600','1286510227','0','0','0','0');
INSERT INTO `v9_poster` VALUES('7','1','phpcms下载详情','7','images','array (\n  1 => \n  array (\n    \'linkurl\' => \'http://www.phpcms.cn\',\n    \'imageurl\' => \'http://dev.wfyuan.com/touyun/uploadfile/poster/5.gif\',\n    \'alt\' => \'官方\',\n  ),\n)','1286510314','1446249600','1286510341','0','0','0','0');
INSERT INTO `v9_poster` VALUES('8','1','phpcms下载页','8','images','array (\n  1 => \n  array (\n    \'linkurl\' => \'http://www.phpcms.cn\',\n    \'imageurl\' => \'http://dev.wfyuan.com/touyun/uploadfile/poster/1.jpg\',\n    \'alt\' => \'官方站\',\n  ),\n)','1286522084','1446249600','1286522125','0','0','0','0');
INSERT INTO `v9_poster` VALUES('9','1','phpcms v9广告','9','images','array (\n  1 => \n  array (\n    \'linkurl\' => \'http://www.phpcms.cn\',\n    \'imageurl\' => \'http://dev.wfyuan.com/touyun/uploadfile/poster/4.gif\',\n    \'alt\' => \'\',\n  ),\n)','1287041759','1446249600','1287041804','0','0','0','0');
INSERT INTO `v9_poster` VALUES('10','1','phpcms','10','images','array (\n  1 => \n  array (\n    \'linkurl\' => \'http://www.phpcms.cn\',\n    \'imageurl\' => \'http://dev.wfyuan.com/touyun/uploadfile/poster/6.jpg\',\n    \'alt\' => \'phpcms官方\',\n  ),\n)','1289270509','1446249600','1289270541','1','0','0','0');

DROP TABLE IF EXISTS `v9_poster_201803`;
CREATE TABLE `v9_poster_201803` (
  `id` int(10) unsigned NOT NULL AUTO_INCREMENT,
  `pid` smallint(5) unsigned NOT NULL DEFAULT '0',
  `siteid` smallint(5) unsigned NOT NULL DEFAULT '0',
  `spaceid` smallint(5) unsigned NOT NULL DEFAULT '0',
  `username` char(20) NOT NULL,
  `area` char(40) NOT NULL,
  `ip` char(15) NOT NULL,
  `referer` char(120) NOT NULL,
  `clicktime` int(10) unsigned NOT NULL DEFAULT '0',
  `type` tinyint(1) unsigned NOT NULL DEFAULT '1',
  PRIMARY KEY (`id`),
  KEY `pid` (`pid`,`type`,`ip`)
) ENGINE=InnoDB DEFAULT CHARSET=utf8 ROW_FORMAT=DYNAMIC;


DROP TABLE IF EXISTS `v9_poster_201804`;
CREATE TABLE `v9_poster_201804` (
  `id` int(10) unsigned NOT NULL AUTO_INCREMENT,
  `pid` smallint(5) unsigned NOT NULL DEFAULT '0',
  `siteid` smallint(5) unsigned NOT NULL DEFAULT '0',
  `spaceid` smallint(5) unsigned NOT NULL DEFAULT '0',
  `username` char(20) NOT NULL,
  `area` char(40) NOT NULL,
  `ip` char(15) NOT NULL,
  `referer` char(120) NOT NULL,
  `clicktime` int(10) unsigned NOT NULL DEFAULT '0',
  `type` tinyint(1) unsigned NOT NULL DEFAULT '1',
  PRIMARY KEY (`id`),
  KEY `pid` (`pid`,`type`,`ip`)
) ENGINE=InnoDB DEFAULT CHARSET=utf8 ROW_FORMAT=DYNAMIC;


DROP TABLE IF EXISTS `v9_poster_space`;
CREATE TABLE `v9_poster_space` (
  `spaceid` smallint(5) unsigned NOT NULL AUTO_INCREMENT,
  `siteid` smallint(5) unsigned NOT NULL DEFAULT '0',
  `name` char(50) NOT NULL,
  `type` char(30) NOT NULL,
  `path` char(40) NOT NULL,
  `width` smallint(4) unsigned NOT NULL DEFAULT '0',
  `height` smallint(4) unsigned NOT NULL DEFAULT '0',
  `setting` char(100) NOT NULL,
  `description` char(100) NOT NULL,
  `items` tinyint(3) unsigned NOT NULL DEFAULT '0',
  `disabled` tinyint(1) unsigned NOT NULL DEFAULT '0',
  PRIMARY KEY (`spaceid`),
  KEY `disabled` (`disabled`,`siteid`)
) ENGINE=InnoDB AUTO_INCREMENT=11 DEFAULT CHARSET=utf8 ROW_FORMAT=DYNAMIC;

INSERT INTO `v9_poster_space` VALUES('1','1','顶部搜索右侧广告位','banner','poster_js/1.js','430','63','array (\n  \'paddleft\' => \'\',\n  \'paddtop\' => \'\',\n)','','1','0');
INSERT INTO `v9_poster_space` VALUES('2','1','会员登陆页广告','banner','poster_js/2.js','310','304','array (\n  \'paddleft\' => \'\',\n  \'paddtop\' => \'\',\n)','会员登陆页广告右侧代替外部通行证广告','1','0');
INSERT INTO `v9_poster_space` VALUES('3','1','图片频道图片排行下方','banner','poster_js/3.js','249','87','array (\n  \'paddleft\' => \'\',\n  \'paddtop\' => \'\',\n)','','1','0');
INSERT INTO `v9_poster_space` VALUES('4','1','新闻中心推荐链接左侧','banner','poster_js/4.js','748','91','array (\n  \'paddleft\' => \'\',\n  \'paddtop\' => \'\',\n)','','1','0');
INSERT INTO `v9_poster_space` VALUES('5','1','下载列表页右侧顶部','banner','poster_js/5.js','248','162','array (\n  \'paddleft\' => \'\',\n  \'paddtop\' => \'\',\n)','','1','0');
INSERT INTO `v9_poster_space` VALUES('6','1','下载详情页右侧顶部','banner','poster_js/6.js','248','162','array (\n  \'paddleft\' => \'\',\n  \'paddtop\' => \'\',\n)','','1','0');
INSERT INTO `v9_poster_space` VALUES('7','1','下载详情页右侧下部','banner','poster_js/7.js','248','162','array (\n  \'paddleft\' => \'\',\n  \'paddtop\' => \'\',\n)','','1','0');
INSERT INTO `v9_poster_space` VALUES('8','1','下载频道首页','banner','poster_js/8.js','698','80','array (\n  \'paddleft\' => \'\',\n  \'paddtop\' => \'\',\n)','','1','0');
INSERT INTO `v9_poster_space` VALUES('9','1','下载详情页地址列表右侧','banner','poster_js/12.js','330','50','array (\n  \'paddleft\' => \'\',\n  \'paddtop\' => \'\',\n)','','1','0');
INSERT INTO `v9_poster_space` VALUES('10','1','首页关注下方广告','banner','poster_js/10.js','307','60','array (\n  \'paddleft\' => \'\',\n  \'paddtop\' => \'\',\n)','','1','0');

DROP TABLE IF EXISTS `v9_queue`;
CREATE TABLE `v9_queue` (
  `id` int(10) NOT NULL AUTO_INCREMENT,
  `type` char(5) DEFAULT NULL,
  `siteid` smallint(5) unsigned DEFAULT '0',
  `path` varchar(100) DEFAULT NULL,
  `status1` tinyint(1) DEFAULT '0',
  `status2` tinyint(1) DEFAULT '0',
  `status3` tinyint(1) DEFAULT '0',
  `status4` tinyint(1) DEFAULT '0',
  `times` int(10) unsigned DEFAULT '0',
  PRIMARY KEY (`id`),
  KEY `siteid` (`siteid`),
  KEY `times` (`times`)
) ENGINE=InnoDB DEFAULT CHARSET=utf8 ROW_FORMAT=DYNAMIC;


DROP TABLE IF EXISTS `v9_release_point`;
CREATE TABLE `v9_release_point` (
  `id` mediumint(8) NOT NULL AUTO_INCREMENT,
  `name` varchar(30) DEFAULT NULL,
  `host` varchar(100) DEFAULT NULL,
  `username` varchar(50) DEFAULT NULL,
  `password` varchar(50) DEFAULT NULL,
  `port` varchar(10) DEFAULT '21',
  `pasv` tinyint(1) DEFAULT '0',
  `ssl` tinyint(1) DEFAULT '0',
  `path` varchar(50) DEFAULT NULL,
  PRIMARY KEY (`id`)
) ENGINE=InnoDB DEFAULT CHARSET=utf8 ROW_FORMAT=DYNAMIC;


DROP TABLE IF EXISTS `v9_search`;
CREATE TABLE `v9_search` (
  `searchid` int(10) unsigned NOT NULL AUTO_INCREMENT,
  `typeid` smallint(5) unsigned NOT NULL DEFAULT '0',
  `id` mediumint(8) unsigned NOT NULL DEFAULT '0',
  `adddate` int(10) unsigned NOT NULL,
  `data` text NOT NULL,
  `siteid` smallint(5) unsigned NOT NULL DEFAULT '1',
  PRIMARY KEY (`searchid`),
  KEY `typeid` (`typeid`,`id`),
  KEY `siteid` (`siteid`),
  FULLTEXT KEY `data` (`data`)
) ENGINE=MyISAM AUTO_INCREMENT=492 DEFAULT CHARSET=utf8;

INSERT INTO `v9_search` VALUES('1','1','1','1523704023','防伪包装结构及使用该防伪包装结构的防伪包装体 结构 防伪 结构 包装 使用','1');
INSERT INTO `v9_search` VALUES('2','1','2','1523706578','口香糖包装结构 口香糖 结构 结构 包装','1');
INSERT INTO `v9_search` VALUES('3','1','3','1523706681','柔性软体包装  包装','1');
INSERT INTO `v9_search` VALUES('4','1','4','1523706731','设置二维码标签的瓶盖防伪装置 二维码 瓶盖 装置 装置 标签 防伪 设置','1');
INSERT INTO `v9_search` VALUES('5','1','5','1523706778','射频识别与移动通信结合实现物品信息查验的系统和方 射频 移动通信 物品 物品 移动通信 结合 识别 实现 信息 系统','1');
INSERT INTO `v9_search` VALUES('6','1','6','1523706802','吸管包装结构及使用该结构的饮料包装-2 结构 吸管 饮料 结构 包装 饮料 使用','1');
INSERT INTO `v9_search` VALUES('7','1','7','1523706815','吸管包装结构及使用该结构的饮料包装 结构 吸管 饮料 结构 包装 饮料 使用','1');
INSERT INTO `v9_search` VALUES('8','1','8','1523706843','易拉罐拉环结构及使用该结构的易拉罐-1 易拉罐 结构 拉环 结构 使用','1');
INSERT INTO `v9_search` VALUES('9','1','9','1523706871','易拉罐拉环结构及使用该结构的易拉罐-2 易拉罐 结构 拉环 结构 使用','1');
INSERT INTO `v9_search` VALUES('10','1','10','1523706889','易拉罐内压式拉环结构及使用该结构的易拉罐 易拉罐 结构 拉环 结构 使用','1');
INSERT INTO `v9_search` VALUES('11','1','11','1523706920','国家金卡工程2014年度金蚂蚁奖（市场开拓奖） 金卡工程 市场开拓 蚂蚁 工程 蚂蚁 年度 国家','1');
INSERT INTO `v9_search` VALUES('12','1','12','1523706954','国家金卡工程2014年度金蚂蚁奖（优秀应用成果奖） 金卡工程 成果奖 蚂蚁 成果 工程 蚂蚁 优秀 年度 应用 国家','1');
INSERT INTO `v9_search` VALUES('13','1','13','1523706970','好品中国云鼎奖（骑士奖） 中国 骑士 云鼎奖 骑士','1');
INSERT INTO `v9_search` VALUES('14','1','14','1523706997','搜索中国正能量 点赞2015 创新中国·企业创新奖 中国 创新奖 能量 创新 能量 企业 搜索','1');
INSERT INTO `v9_search` VALUES('15','1','15','1523707012','中国互联网+行业创新企业奖 中国 互联网 行业 互联网 行业 创新 企业','1');
INSERT INTO `v9_search` VALUES('16','1','16','1523707028','多码防伪认证系统高新项目转化证书 高新 证书 项目 证书 系统 认证 新项目 转化 项目 高新 防伪','1');
INSERT INTO `v9_search` VALUES('17','1','17','1523707044','副理事长会员证书 理事长 证书 会员 证书 会员 副理事长','1');
INSERT INTO `v9_search` VALUES('18','1','18','1523707064','时代创变榜—2017年度影响力企业 影响力 年度 时代 时代 影响力 年度 企业','1');
INSERT INTO `v9_search` VALUES('19','53','1','1523707734','上海透云物联网科技有限公司正式成立  成立 正式 有限公司 科技 物联网','1');
INSERT INTO `v9_search` VALUES('20','53','2','1523707870','通过《多码防伪认证系统》高新技术成果转化项目  通过 项目 防伪 高新技术 认证 系统 优秀 应用 成果 国家 工程 蚂蚁','1');
INSERT INTO `v9_search` VALUES('21','53','3','1523707952','获得上海市“高新技术企业”称号  称号 获得 高新技术企业 上海市','1');
INSERT INTO `v9_search` VALUES('22','53','4','1523707984','通过BSI认证的ISO9001:2008和ISO/IEC 27001:2013管理体系认证  管理 认证 通过','1');
INSERT INTO `v9_search` VALUES('23','53','5','1523708012','荣膺新华网、人民网“创新中国•企业创新奖”  ','1');
INSERT INTO `v9_search` VALUES('24','53','6','1523708030','荣膺2015-2016年度“中国互联网+行业创新企业奖”  创新 企业 行业 互联网 年度','1');
INSERT INTO `v9_search` VALUES('25','53','7','1523708180','与新华网就“溯源中国”项目达成战略合作  战略合作 新华网 达成 项目','1');
INSERT INTO `v9_search` VALUES('26','53','8','1523708196','荣获微软中国“微软银牌能力合作伙伴”授权  授权 荣获 合作伙伴 能力','1');
INSERT INTO `v9_search` VALUES('27','53','9','1523708209','与新华网就“溯源中国”项目达成战略合作。  战略合作 新华网 达成 项目','1');
INSERT INTO `v9_search` VALUES('28','53','10','1523708224','在香港主板上市，香港联交所交易代码：01332  在香港 交易 代码 上市 主板 证书 荣获','1');
INSERT INTO `v9_search` VALUES('29','53','11','1523708252','透云科技母公司正式更名为中国透云科技集团有限公司  科技 有限公司 正式 母公司 集团 名为 北京 收购','1');
INSERT INTO `v9_search` VALUES('30','53','12','1523708280','推出新零售产品—众店宝  产品 零售 推出','1');
INSERT INTO `v9_search` VALUES('31','53','13','1523708305','荣膺中国财经峰会“2017年度影响力企业”  影响力 企业 年度 峰会 财经','1');
INSERT INTO `v9_search` VALUES('32','55','1','1523708956','培训主管  培训 以上 工作 能力 公司 内部 经验 员工 负责 体系 效果 学历 本科 企业培训 评估 反馈 专业 报告 进行 思路 改进 中文 人力资源 经济管理 团队精神 撰写 互联网 连锁 优先 行业 良好 沟通 具备 执行力 优秀 表达 组织 清晰 增强 企业文化 常识 文化 制度 通用 业务 包括 薪资 主管 面议 讲师 全职 建立 优化 调查 编制 调整 执行 方案 流程 团队 员工培训 凝聚力 制定 规范','1');
INSERT INTO `v9_search` VALUES('33','1','19','1523709360','产品简介 简介 产品 零售 品牌 系统 包括 面向 产品 智能 会员 销售 提高 帮助 促销活动 应用 旗下 科技 消费者 环节 数据 建立 致力于 完整 经销商 服务 降低 新品 成本 营销 效率 生态 支付 在线 电子 高效 实现 管理 享受 设备 最大化 供货 旨在 实现利润 销售收入 实物 优惠 便利 分销','1');
INSERT INTO `v9_search` VALUES('34','1','20','1523709660','功能 功能 品牌 库存 管理 商品 促销活动 支付 快速 轻松 多种 上门 更多 电子 情况 更新 不足 成为 即时 创建 清单 提醒 自动 享受 多重 促销 优惠 优先 切实 开设 吸引 平台 实惠 低价 附近 包括 方式 收银 提供 配送 第三方 价格 流水 直接 生成 交易 自行 定制 历史 单一 合作 确保 实物 查询 兑换 在线 补贴','1');
INSERT INTO `v9_search` VALUES('35','1','21','1523709686','设备及配件 配件 设备 界面 设备 应用 消费者 智能 轻松 显示 操作 大屏 管理 免费 上门 安装 专员 定期 热线 商品 贴心 收银 打印机 快捷 简单 下单 扫描 配件 服务','1');
INSERT INTO `v9_search` VALUES('36','1','22','1463317080','阳光变色防伪技术—帮您远离“山寨货” 防伪技术 山寨 阳光 阳光 防伪 我们 识别 有没有 科技 材料 这样 能够 消费者 技术 有效 需要 产品 功能 还是 这些 企业 无法 具有 商品 市场 问题 良好 这是 人民币 没有 抵制 不同 不易 借助 完成 工具 怎么样 广泛 才能 调查 目前 应用 做到 方便 任何 毕竟 而且 研发 吸收 小事 衣服 购物 远离 看见 别人 穿着 信息 民用 受到 特点 过程 最大 领域 推广 在于 启发 简易 方法 有限公司 快捷 我国 军事 研究 或者 开发者 即可 致力于 瞬间 无需 领先 优势 模式 替代 新型 制成 可实现 国际 使得 这项 对于 行为 共同 环境 消费 复制 创造 特种 标签 这个 工艺 解决 为了 考虑 特性 类商品 适应性 各种 各类 产品的 另外 满足 颜色 独特 坚决 新版 担心 应该 得到 健康 如果 损失 高度 重视 形象 受损 记者 利益 不仅仅 损害 有关 购买的 一点 出来 只要 造假 带来 可能 过去 可是 大家 很大 的损失 不会 部分 简单 得知 源于 采用 总公司 根据 对中国 依靠 导致 现象 以此 达到 产生 从而 改变 原理 根本 其他 高档 甚至 有些 发现 大多 较为 答案 时候 总是 找到 普及 复杂 昂贵 目的','1');
INSERT INTO `v9_search` VALUES('37','1','23','1463576760','合肥将建农产品可追溯平台 公交延伸到农村 可追溯 合肥 农产品 农村 农产品 实施 农业 意见 安全 公交 延伸 更加 示范 发展 追溯 建设 实现 现代化 晨报 根据 城市 美丽 产业 体系 健全 加工 休闲 显著 旅游 乡村 全国 基地 打造 力争 并且 平台 全省 目标 市政府 加快 落实 全面 原则通过 常务 率先 昨日 基本 解决 升级 安全问题 优化 水平 持续 改造 越来越 投入 基础设施建设 加大 推动 新一 提升 记者 融合 空间 确定 供给 总体 生产能力 粮食 主要 取得 景观 特色 提高 加速 布局 得到 产业化 四大 成效 产品质量 品质 食品安全 监管 共享 互联 全程 建立 信息 深入 小康 同时 处理 集中 园区 创建 加强 整顿 放心 厨房 以下简称 工程 推进 清理 行业 国家级','1');
INSERT INTO `v9_search` VALUES('38','1','24','1463663220','二维码扫一扫 金山品牌西甜瓜安全可追溯 二维码 西甜瓜 金山 金山 西瓜 记者 种植 品牌 为主 面积 上市 追溯 近来 销售 信息 长宁 报道 东方网 基地 消费者 示范 逐渐 情况 新鲜 走高 集中 纷纷 四大 气温 今天 特征 通过 体系 质量 建立 应用 时间 丰富 多样性 增加了 山区 今年 手机 主要 月中 延续 月底 了解 方面 档案 使用 生产 记录 质量安全 购买的 市民 确保 种子 生产基地 产品 查询 可以 质量管理 包装 详细 此外 运输 加工 扫描 销售活动 获悉 为了 便于 市区 学会 优质 选购 安全 商业 联合会 其中 春季 品种 小型 中型 开展 日期 日至 将于 集团 联合 举办 设立 城区 中心 届时 天下','1');
INSERT INTO `v9_search` VALUES('39','1','25','1463663220','济南：食药监约谈乳粉经销商 要求可准确溯源 乳粉 济南 经销商 经销商 济南市 药监局 经营 监管 食品安全 食品 销售 重点 生产 问题 履行 流通 自查 承诺 责任 供应商 经营者 管理 产品 实体 要求 市场 索取 影响 认真 合格 渠道 通过 证明 注册 内容 质量安全 需要 进行 标志 品牌 确保 制度 系统 建立 标签 记录 成为 全市 关注 社会 备受 话题 焦点 以往 检查 改变 常规 打破 开始 事件 准确 领域 处处 局长 近期 不法 票证 虚假 国家标准 消费 环境 实现 发现 符合 监管部门 行为 或者 种类 名称 文件 部门 报告 整理 保管 不少 相关 立即 期限 他人 未经 质量 网络 以后 所有 流入 未来 转变 表示 可以 机制 更好 保障 形成 查看 讲话 流向 电子 上报 制品 营造 提出 消费者 义务 参会 会上 放心 一个 地址 仓库 保存 形式 自律 措施 多个 资料 落实 区域 情况 认证 售后 日期 现象 不能 一些 目前 为止 还有 不但 代理 继续 资格 可能 有没有 但是 源头 的监管 方式 直接 组织 规范 签订 切实 出来 进入 初始 存在 会议 进入市场 环节 介绍 同时 企业 供货 单位 标识 许可 检验报告 发票 来源 正规 验证 无法 清单 方面 信息 包括 涵盖 作为 商品 标准 讲解 法定 结合 实施 条例 高于 一般 追溯 现场 下发 系列 配送 制度建设 人员 储存 可靠','1');
INSERT INTO `v9_search` VALUES('40','1','26','1463663340','今年10月起 郑州农产品有望实现质量全程追溯 郑州 农产品 全程 农产品 追溯 质量安全 市民 我市 检测 全程 市场 流通 监管 农业 今年 月份 生态 示范 建设 实现 推进 体系 都市 有望 结果 中心 项目 信息 蔬菜 只要 即可 手机 购买 全国 推广 乡镇 基地 为基础 龙头 补充 三级 农业部 检验 模式 开始 预计 正式 运行 可实现 生产 技术 基本 目前 项目建设 建成 正在 网点 进行 启动 工作 质量 本市 日召开 基层 生产基地 标准化 服务机构 近年来 大事 走进 负责人 会上 郑州市 组织 全市 部门 建立','1');
INSERT INTO `v9_search` VALUES('41','1','27','1463663340','今年内江苏省70%白酒企业建立电子追溯系统 内江 白酒 系统 食品 企业 生产 追溯 系统 电子 江苏省 覆盖 平台 制品 今年 实现 检验 信息 查询 可以 登录 食品添加剂 监管 建立 结果 获悉 药品 公众 江苏 推动 食品安全 环节 的监管 等信息 分别 通用 政府 看到 基本 重要 型号 不仅 购买 名称 市民 食用 儿童 白酒企业 作为 输入 包括 商品 各项 这样 已有 了解 指标','1');
INSERT INTO `v9_search` VALUES('42','1','28','1495199400','南京19家食品企业建电子追溯系统 未来将逐步推开 南京 食品 系统 企业 生产 食品 系统 追溯 电子 平台 制品 查询 示范 建立 创建 公众 介绍 逐步 昨天 从业 南京市 大会 动员 目前 覆盖 城市 信息 药监局 这个 召开 国家 食品安全 培训 证明 健康 管理 会议 有关 主要 产品的 提出 年底 手机 标准 规范化 完成 有效 将来 依法 主动 停止 立即 采取 记者 处理 问题 不少 集中 接受 每年 落实 应急 召回制度 安全 每人 建设 基本 其中 建成 重点 计划 按照 已经 未来 品种 第二 内部 便于 通用 政府 的监管 网站 可以通过 就是 三个 一个 获得 植物 食用 食品添加剂 以及 通过 作为 探索','1');
INSERT INTO `v9_search` VALUES('43','1','29','1463663460','南京肉制品企业将建电子追溯系统 肉制品 南京 系统 食品 企业 系统 生产 追溯 电子 平台 制品 信息 输入 检验 建立 提升 登录 查询 药监局 公众 可以 食品添加剂 结果 商品 指标 各项 生产许可证 本报 记者 水平 我市 共有 目前 行动 包括 规范 管理 介绍 购买 型号 名称 基本 看到 重要 不仅 通用 分别 政府 的监管 江苏省 市民 了解 召开 已有 等信息 这样 今年 同时 探索 提出 大会 动员 环节 一大 一小 示范 城市 创建 食品安全 国家 开展','1');
INSERT INTO `v9_search` VALUES('44','1','30','1463663520','四川确定7大类100余种重要产品纳入追溯体系 四川 余种 大类 追溯 产品 体系 食品 进口 重要 食用 农产品 方案 建设 好事 要求 围绕 包括 四川 实现 备案 大类 可以 老百姓 品种 危险 作为 标识 质量安全 全省 统一 设备 建立 提供 生产经营 植物 信息 主体 制品 包装 根本 以前 安全 办法 来说 鉴别 认可 除了 地方 食品安全 好坏 确定 更多 特种 模板 针对 消费 为主 采用 特点 一个 来源 目前 成都市 认证 资质 基本 环节 责任 蔬菜 追究 技术 还要 此外 全程 开展 有机 流通 国内市场 手段 尤其 依法 召回制度 这些 值得关注 等产品 现代 提升 追踪 定位 规定 选取 诸如 上述 运用 试点 部分 点区域 识别 交换 超过 项目 电梯 多个 财产 公共 生命 纳入 重大影响 药品 其中 一类 推进 生产资料 农业 列入 服务 查询 重点 前者 有效 社会公众 覆盖 通过 建成 初步 根据 数据 共享 公共服务 窗口 开通 平台 管理','1');
INSERT INTO `v9_search` VALUES('45','1','31','1463663520','武夷山大红袍开始启用双标识防伪 双标 武夷山 大红袍 标识 标志 专用 使用 地理 企业 产品 市场 驰名商标 保护 许可 品牌 管理 有限公司 质量 获得 总经理 实施 规范 进行 对于 管理办法 销售 质监局 制作 有效 同时 一些 通过 国家标准 部分 目前 生产 通知 表示 了解 假冒 科学研究 北京 必须 效益 商标 之后 产量 实际 销售额 打击 加工 提升 维护 条件 收购 如此 外地 本地 记者 申请 亿元 品质 相关 引导 竞争力 影响 知名度 采访 相当 可以 两个 面积 标准 的发展 价格 地产 没有 利益 生态 最好 源头 提供 一个 不惜 这种 每年 特别 产生 为主 来说 是否 年来 种植 境外 最为 生产能力 办法 他们 开始 可行 提高 由于 鉴别 因此 造成 部门 出现 防伪 消费者 达到 不断 启用 规定 如何 政府部门 信誉 这个 现象 的影响 符合 具有 全国 手续 告诉 当地 自愿 照顾 这些 申报 同业 直接 的努力 是以 之下 推行 标准化 大部分 会长 随着 快速 一定 虽然 国家 方法 信心 消费 极大 凸显 只有 积极 担保 指标 证明 强制性 起草 草案 出台 地域 奥秘 负责人 去年 好不 一句话 近年来 热销 持续 进一步 重新 各项 繁荣 检测 内容 势必 修订 各地 更加 名片 不到 增加 有利于 表现 月份 咨询 自身 共同 实力 包装 不好 意味着 注重 建设 期待 比较 产品质量 相信 其中 人士 备案 更好 切实 的措施 之前 数量 体系 以及 组织 行为 培训 与此同时 追溯 建立 仍然 发现 不足 许多 第一 成为 商品 做出 保证 更多 全市 基本上 一方 注册 增强 推动 意义 过程 本市 努力 发放 查看 仔细 结合 当前 根据 激烈 政府 竞争 严禁 加强 暂行 几十 高达 几百 现在 确实 国内 我们 万吨 能否 得到 质疑 人员 提出 有点 年初 局长 包括 印刷 进口 流通 时有 已经 符合条件的 为了 眼前 届时 损害 近期 感受 资料 一家 年在 朋友 半年 原因 知道 代表性 故事 强制 目的 标的 方便 不是 现身 不能 竞争优势 因为 出厂价 还要 情况 时候 自己 是非 那个 优势 廉价 最后 协议 时刻 关键 立刻 起来 行动 办理 海内外 很大 必将 认知 真心 热爱 人心 正常 秩序 作法 不再 有关 给出 答案 发出 比率 明确表示 董事长 广大 自觉 行列 加入 不可 混淆 概念 炒作 视听 试图 概括 暴利 高价 推出 对外 采用 此外 曾经 身份 国家地理 生产许可证 才能 评审 负责 容易 需要 区别 食品 目的是 二者 没什么 外形 市政府','1');
INSERT INTO `v9_search` VALUES('46','1','32','1463663580','长寿：建设农产品溯源体系 电商销售额翻两倍 电商 长寿 销售额 体系 信息 生产 建设 农产品 利用 产品的 买家 销售额 产品 时间 网络 关键 导致 目前 完成 本地 公司 描述 图片 数据 互联网 使用 承诺 粮食 人民网 日电 类别 鸡蛋 三个 分析 认可 市场 月的 发现 意见反馈 售后 咨询 资料 上网 开启 特色 模式 前期 简单 只有 由于 运营 高度 关注 合作 面的 已经 商家 累计 建成 万元 产品销售 实现 批量 原因 缺失 安全 质量 可以 流量 减少 重要 低迷 成交量 开设 客户端 星际 种类 包括 质量安全 评分 指标 长期 大户 平台 昨日 养殖 组建 去年 介绍 助理 基础 电子商务 研发 同步 开辟 主任 地图 工作人员 环境 指导 绿色 企业 认证 有机','1');
INSERT INTO `v9_search` VALUES('47','1','33','1463663640','浙江建成全省统一农产品质量安全追溯大平台 质量安全 浙江 农产品 追溯 建设 主体 农产品 体系 质量安全 平台 生产 农业 监管 考核 推进 浙江省 机制 数据 构建 工作 管理 开展 信息 统一 全省 评价 不断 系统 功能 建立 责任 省级 保障 消费 基础 使用 通过 质量 要求 服务 以上 实现 政府 加强 层面 信息化 着力 出台 全面 资金 规模 纳入 中心 理念 开发 强化 内容 列入 全过程 目标 区域 技术 融合 进行 规模以上 省政府 示范 生产经营 基本 实施 负责 明确 水平 第一 提高 平安 提出 产业 方面 重点 更加 落实 重要 积极 财政 指标 国家 创建 食用 农民 专业 家庭 意见 关于 消费者 产品 逐步 提升 成立 应用 扶持 作为 社会 标准 组织 结合 手段 检测 各地 产品质量 支撑 运行 投入 已经 物联网 多家 同步 确保 建成 主要 给予 政策引导 过程 标签 操作 媒体 管理员 执法 队伍 交换 设备 专门 采集 培训 打造 龙头企业 共同 第三方 进一步 政策 奖励 国际 干部 通行 风险控制 以及 探索 地方 以奖代补 加快 万元 的努力 条件 认定 参与 年底 同时 能力 形成 经营 分析 浓厚 创新 一个 按照 监测 标识 特色 现实 意识 上看 发展 模块 三个 预警 互联网 方式 积极性 正在 便利 逐渐 完善 实际上 概念 一方面 从事 安排 社会公众 资金支持 力度 全部 电子化 最后 加大 上市 申报 目前 重大 重要依据 信心 晋级 诚信 结果 衡量 氛围 运用 整合 情况 之一 三分 完成 引入 认知 监督 改变 再次 风险 针对 至少 委托 管理工作 承担 宣传 领导 人为 小组 自身 引导 加大投入 生产过程 确立 顺利 具体 管理制度 权限 三级 实行 账号 用户 有序 成效 制定 传统 智能 鼓励 部分 人事部门 用于 电脑 配置 对象 普及 当下 知道 或者 乡镇 利用 打印机 效率 试点 终端 专项资金 推广 名单 选择 补助 地方政府 另一方面 配备 移动互联网 有助于 极大 传输 部门 奠定 从而 责任人 无疑 上述 基于 战场 产业化 规模化 新型 培育 大力 十大 主导 电子商务 农村 考虑 解决 欠缺 抓住 确定 薄弱 环节 原有 重复 现有 合理 开放 多种 问题 哪里 原则 编码 免费 接口 毫无 现代 范围 覆盖 扩大 截止 其中 万多 产生了 经过 启动 杭州 有效 项目 开始 决定 形势 适应 经验 需求 深刻 实践 融入 随着 直接 精神 文件 贯彻 试行 任务 衔接 举措 品牌 左右 力争 进入 城市 年初 今年 批发市场 全程 签订 全国 首先 有力 省份 极其 具有 其次 提供 这些 安全 合作 协调 研究 流通 贯通 绿色 定位 应急 处理 投诉 第二 推介 简介 管理系统 监管部门 各级 相关 深度 允许 生产管理 组成 概括 第三 的数据 数据库 各类 互联 切实 调度 共享 等信息 扫描 手机 登陆 查询 地址 日期 名称 意义','1');
INSERT INTO `v9_search` VALUES('48','1','34','1464873240','浙江各级人大跟踪监督食品安全情况 捍卫舌尖上的安全 舌尖 浙江 食品安全 食品安全 人大 食品 建议 开展 监督 群众 追溯 工作 检查 生产 提出 执法 各级 有关 部门 全省 监管 问题 专题 企业 我省 相关 询问 负责人 去年 意见 通过 代表 这是 信息 管理 放心 建立 持续 农产品 政府 民生 安全 一个 网络 情况 市场 跟踪 视察 做好 了解 平台 杭州 落实 人们 针对 制度 进行 加强 发现 今年 完善 不少 建设 销售 基础 近年来 体系 保障 贯彻 的安全 没有 提升 方面 积极 机制 治理 阳光 厨房 推动 就是 法规 现场 农业 成效 产品 省级 实施 主体 省政府 组织 形成 检测 领域 金华 他们 实现 记者 全国 最近 生产经营 事件 这个 调研 工程 大家 质量安全 动员 纳入 次会议 全产业链 提示 十二 信用 一起 联系 指出 专项 为民 关于 强化 进入 各类 健康 表示 一直 充分 市区 人人 范围 市民 听取 当前 委托 快速 存在 如何 更加 掌握 质量 认为 包装 进一步 提供 连续 但是 最大 我们 按照 现在 其他 政治 开发 乡镇 力度 一把 措施 安全风险 监测 面的 升级 审议 当地 特别 一线 深入 显示 手段 一次 还要 全体 以来 查看 取得 这些 捍卫 网上 广大 购买 加大 全部 目前 形势 发生 专门 推进 少数 核心 曝光 接下来 食堂 法律的 食用 促进 这次 研究 重要 多个 建筑 不停 地方 活动 关心 校园 开始 风险 周边 兑现 信心 规模 规模以上 查处 案件 围绕 总体 立案 月底 提交 每年 值得 整合 多方 程度 巩固 现状 资源 满意 老百姓 各种 利用 万余 已有 法律法规 另一方面 批发市场 衔接 制定 隐患 加快 零售 信息化 运用 此外 全过程 系统 公示 因此 发布 立法 预警 及时 动态信息 这份 增大 办理 药监局 认真 日益 得到 电子 复杂性 这方面 理念 行为 的监管 成为 特别关注 购物 传统 电子商务 互联网 改变 其中 举行 时尚 计算机网络 交互 载体 标签 虚拟 功能 年来 由于 交易的 依托 共享 原因 事故 一定 虽然 打击 一方面 生产者 违法行为 不止 缺失 道德 经营者 出台 更多 购买的 产生了 消毒 卫生 恐惧 要求 起来 方式 行动 纷纷 部署 不足 未能 标识 在内 档案 编码 搭建 包括 手机 消费者 之间 技术 扫描 终端 入手 诚信 必须 源头 有感 说起 有效 整套 监控 发出 全程 追踪 火锅 知名度 影响 解决 主任 广泛 征集 就此 先后 个月 许可证 一家 明显 成立 对于 审批 联合 百家 居然 山区 农户 经营 业主 而且 可以 有保障 不仅 意味着 超市 继续 标准 认证 转型 标志 转变 观念 真实 倾听 功夫 不负 生产许可证 有限公司 生态 有心 经过 家庭 日报 举措 追问 时常 能够 形式 不断 作为 主动 稳定 衢州 场所 制作 世代 随着 日渐 显现 逐渐 安全问题 欢迎 证明 事实 执行 以及 满意度 稳步 层面 数据 前列 还有 多家 放松 媒体 正在 快餐 加工 以前 监管部门 为什么 视频 先进 列入 多年 之一 开放 免费 国内 中毒 食物 学生 学校 采取 哪些 严肃 十足 气氛 答复 背后 扎实 一一 人员 为何 始终 整治 年在 餐饮 不到 根治 组成 面对 场景 生动 建成 实验室 仔细 走进 领导 另外 引导 主要 省委 登记 个体工商户 评估 验收 大市场 用心 客人 特殊 迎来 两个 单位 局面 汇报 良好 主动性 积极性 全面 现实 达到 中小学 新建 路径 参与 调动 突出 破解 查找 备案 环节 壮大 队伍 大事','1');
INSERT INTO `v9_search` VALUES('49','1','35','1465823700','南宁：扫二维码可追溯肉菜“生命密码” 二维码 南宁 可追溯 追溯 查询 信息 市场 经营者 主体 记者 消费 试点 流通 部门 商务 我市 体系 环节 推行 零售 目前 智慧 普及 基地 上游 获悉 手机 放心 市民 实现 据悉 终端 南宁 服务 便捷 进行 试点工作 六大 食品 随着 方式 发展 覆盖 的方式 途径 逐步 各个 明白 可以 密码 选择 快速 有关 昨日 根据 完善 生命 只需 计划 阶段 设计 相关 真正 以后 客户端 设立 公开 反馈 情况 热线 成为 可以通过 了解 工程 知识 应用 入口 平台 现场 落实 职能部门 及时 广大 管理 责任 推进 协同 开办 履行 产品质量 安全风险 防控 食用 加强 今后 义务 强化 推广 今年 建设 行动计划 跨越 来源 将纳入 商贸 加快 建立 年内完成 改造 结合 项目 市场体系 现代 扫描 现在 随后 可见 名字 页面 究竟 拿出 种类 点击 清晰 眼前 负责人 分钟 展示 不到 走进 新鲜 事先 进一步 可实现 措施 体验 告诉 这是 表示 系统 月底 工程师 股份有限公司 维护 中心 投入 使用 软件 网络 联通 安装 销售 通过 每个 技术 工作 过去 购买 打印 相比 经营 近期 已经 而言 具有 北路 两个 超市 只有 事前 优势 实时','1');
INSERT INTO `v9_search` VALUES('50','1','36','1465823700','湖南进口食品加贴防伪溯源码 扫一扫可辨真伪 湖南 真伪 源码 进口 食品 手机 信息 防伪 监管 企业 平台 扫描 消费者 进一步 一致 我省 证书 卫生 查询 记者 协会 日报 在线 源码 品质 真是 如何 只需 如今 生产商 代理商 生产 日期 现场 编号 市民 怀疑 高度 名为 名称 知道 准确 马上 问题 索赔 目前 国外 商品 接受 包括 拓展 其他 今后 橄榄 制品 快速 可以通过 海关 报关 证明 流向 详细 完全 出现 重复 一旦 担心 不用 产品 标识 采用了 介绍 会长 举行 今天 新闻发布会 宣布 运行 建成 智能手机 互联网 货物 验证 输入 标签 网络 网站 三者 是否 登记 在手 购买 信用 登录 技术 接入 功能 包装 决定 公开 显示 提示','1');
INSERT INTO `v9_search` VALUES('51','1','37','1523711801','上海透云物联网科技有限公司： 上海 科技 有限公司 公司 有限公司 科技 合作 员工 目的 参与 内蒙 食品 草原 用户 非常 全体 项目 紧密 防伪 感谢 所有 人员 运行 稳定 一直 实际上 安全 展开 将继续 为止 广告 宣传 维护 你们 行动 态度 工作 物联网 诚实 细致 本着 耐心 及时 协调 沟通 双方 开始 基于 目前','1');
INSERT INTO `v9_search` VALUES('52','1','38','1523712159','致上海透云科技公司的感谢信： 感谢信 上海 科技 集团 科技 地产 公司 工作 有限公司 产业 合作 团队 服务 支持 信息化 双方 方面 陆续 年起 战略 营销 互联网 合作伙伴 强度 执行力 压力 要求 体系 拓展 支撑 业务 保障 成员 系统 建设 先后 紧密 提供 全面 响应 积极 成立 对我 迅速','1');
INSERT INTO `v9_search` VALUES('53','1','39','1523712347','焦点图1 焦点 焦点','1');
INSERT INTO `v9_search` VALUES('54','1','40','1462541040','透云科技发布最新消费者扫码白皮书 白皮书 消费者 科技 消费者 科技 认为 创造 商品 应用 万物 成为 互联 交互 品牌 活动 价值 意愿 发布 时代 提升 主动 希望 购买 商家 可以 通过 每月 调查 愿意 互动 周围 经历 分享 他们 入口 发现 信息 包装 论坛 基于 调研报告 创新 行为 领导者 日益 增强 方式 最新 成本 表示 的影响 客户 只是 不再 公司 身边 朋友 推荐 能力 开展 或者 选择 消费 积极 影响 流失 刺激 商业 想要 了解 共享 高度 记录 即时 传播 新时代 全文 免费下载 点击 链接 实时 经由 我们 新一 销售 市场份额 赋予 有的 媒介 帮助 领域 市场营销 开发 场景 有益 促销 激励 友好 自信 潮流 增加 进取 值得 信赖 围绕 搜索 本次 印象 经验 调研 定性 结合 经济效益 产生 研究 作为 正在 必要 采用 城市 产品的 在中国 进行 问卷 甚至 休闲 食品 其次 商场 海报 农产品 定量 不够 经常 集中 情况 做出 服务 产品 定制 个性化 决策 购物 获取 渠道 主要 战场 企业 降低','1');
INSERT INTO `v9_search` VALUES('55','1','41','1523712557','焦点图2 焦点 焦点','1');
INSERT INTO `v9_search` VALUES('56','1','42','1523712655','焦点图3 焦点 焦点','1');
INSERT INTO `v9_search` VALUES('57','1','43','1523712673','焦点图4 焦点 焦点','1');
INSERT INTO `v9_search` VALUES('58','1','44','1490275920','透云科技董事长王亮接受《第一财经》采访 王亮 董事长 财经 科技 认为 应用 商家 正在 交互 产生 提升 必要 作为 经济效益 领导者 显示 发布 董事长 调研报告 消费者 通过 新一 刺激 促销 入口 销售 市场份额 互联 开展 时代 万物 可以 采用 活动 财经 采访 接受 第一财经 产品的 购买 互动 成本 方式 客户 不再 意愿 指出 成为','1');
INSERT INTO `v9_search` VALUES('59','1','45','1515677580','透云科技发布《2017一物一码行业现状及发展研究白皮书》 一码 白皮书 现状 行业 业务 科技 企业 应用 规模 品牌 个性化 现状 规模化 营销 我们 亿元 未来 快速发展 发布 产品 目前 市场 各个 管理 达到 预计 发展 显示 分销 研究 主要 方面 竞争 激烈 公司 趋势 处于 持续 合作 已经 最为 能力 信任 呈现 年度 服务 的发展 同时 进一步 家企业 领导者 大型 明显 优势 预见 领域 表示 业内 信赖 理由 随着 相信 凸显 同比增长 必然 得到 进入 高速 综合 提供 扩张 更具 愿意 每年 展开 积累 非常 丰富 知名 国内外 蒙牛 光明 多个 经验 详情 下载 全文 更多 了解 包括 作为 一家 灵活性 整合 贴近 需要 方案 专注 推动 开发 升级 现有 截止 不断 基因 物联网 行业发展 创新 产品设计 阶段 具体 模式 形成 用户 关联 分类 市场份额 监管 监督 食品安全 国家 一块 将继续 扩大 成为 环节 销售 广泛 增长 大幅 实现 其中 包含 流通 周期 生命 普遍 覆盖 商品 入门 门槛 防伪 其后 其他 值得关注 占领 的趋势 可以看出 由此 发现 自动化 实施 要求 工业 危机 简单 造成 一定 部分 认为 分别 构成 阻力 中间 经销商 意愿 并且','1');
INSERT INTO `v9_search` VALUES('60','1','46','1465825200','福建省水产品可追溯标识正式上线 鱼儿有了\\\"身份证\\\" 福建省 可追溯 水产品 水产 产品的 品质 企业 身份证 配送 追溯 提高 发展 全程 标识 最后 公里 福建省 信息 我省 以及 采用 质量安全 时间 问题 越来越 健康 来自 会上 更多 城市 落地 从业 产品 运输 市场 要求 肯定 代表 福建 如果 品牌 出现 认为 海洋 生产 主要 产品质量 环节 获得 博览 海峡 业内人士 持续 推动 提升 方式 国际 高质 上线 正式 效益 消费者 的发展 空间 决定 销售 带来 正是 属性 温度 说出 影响 核心竞争力 生物 科学 环境 大学 放心 试水 教授 人员 服务 解决 完成 配合 降低 节点 难题 交易 确保 还是 更好 调控 传统 达到 记录 依托 流通 前来 布局 物流 焦点 不断 业内 完善 关注 咨询 了解 常务 协会 的风险 副理事长 表示 国内 目前 随着 因此 一样 有机 需求 只有 优质 卫生 论坛 强调 当前 才能 竞争 如何 作出 积极的 认同 广泛 观点 得到 与会 交流合作 全球 总量 重心 注重 数量 控制 坚持 留住 未来 增长 上来 研究所 所长 研究员 战略 国际化 商务部 研究院 产业 探索 兴奋 眼中 就是 名片 董事长 有限公司 开发 做好 马上 作用 积极 产生 这个 有利于 规范 轻松 可以 上市 打开 时刻 手机 显示 出来 以后 个人消费者 现在 判断 多年来 自己 经验','1');
INSERT INTO `v9_search` VALUES('61','1','47','1465825260','安徽欲建重要产品追溯体系 安徽 体系 产品 追溯 体系 药品 实现 监管 我省 建设 产品 农产品 企业 管理 全过程 建立 质量安全 食用 电子 重点 部门 食品 品种 重要 特种 设备 安全 全省 有关 数据 推进 食品安全 共享 报道 信息化 标准 安徽省 机制 逐步 示范 推动 安徽 主要 完成 在线 推广 市场 电梯 系统 制品 规划 原料 方面 生产 落实 信息 责任 获悉 预计 形成 开展 记者 完善 得到 全产业链 基础 医疗 类别 进口 环节 等产品 延伸 实行 内容 健全 供应 覆盖 爆炸 物品 民用 动态 登记 危险 使用 运输 储存 加快 经营 普查 在用 此外 来源 完整 国家 严格 技术 建成 平台 时间 档案 管理制度 以上 年内 力争 包装 标识 农业 产业化 家庭 合作 专业 龙头企业 农民 以及 初步 地区 基本 交换 统一 采用 试点 提高 大幅 比例 全部 全程 植物 围绕 指导 规范 进行 遵循 引导 依法 主体 衔接 协作 加入','1');
INSERT INTO `v9_search` VALUES('62','1','48','1465825320','甘肃着力构建农产品质量安全追溯体系 甘肃 质量安全 农产品 农产品 质量安全 甘肃 全面 监管 体系 追溯 农业 检测 记者 标准化 建成 生产 创建 主要 甘肃省 力争 品牌 强化 提升 绿色 期间 全省 大力 推进 能力 安全 示范 多个 规模 检验 以上 产量 稳定 保持 各类 完善 工作会议 产品质量 管理 日前 频道 着力 新闻 获悉 介绍 需要 现代 十二五 累计 基地 省级 国家级 全过程 满足 布局 作用 发挥 合理 职能 高效 运行 明确 构建 认证 万多 数据 上传 档案 四级 平均 接近 总量 生产经营 标志 地理 有机 面积 多万 启动 工作 全部 建设项目 责任 落实 基层 加强 努力 执法 覆盖 开展 社会 为此 深入 健全 发展 标准 确保 总体 同类 质检 规模化 实现 标准化生产 控制 遵循 普及 优质 提高 稳步 比重 依法','1');
INSERT INTO `v9_search` VALUES('63','1','49','1465825380','聚春园将建立 食品安全可追溯示范体系 春园 可追溯 食品安全 产品 食品安全 平台 万里 以及 集团 质量 追溯 我省 体系 了解 系统 通过 企业 消费者 全过程 检测 数据 防伪 记者 监督管理 市场 战略 示范 近期 报道 合作协议 签订 建立 省政府 中外 源于 最为 占有 年代 现存 历史 商贸 双方 合作 入手 作为 首批 采购 配送 物流 美食 服务业 全程 份额 文化 领域 营养 生产 窗口 名片 重要 商品 搭建 基于 技术服务 拥有 行业 诚信 独特 每个 赋予 目前 仪式 单位 有限公司 福建 负责 人和 签约 出席 代表 身份证 帮助 即可 升级 在线 食品 种子 完成 进而 功能 商城 移动 实现 使得 传统 充分 工厂','1');
INSERT INTO `v9_search` VALUES('64','1','50','1465825380','上海积极推进二维码食品流通信息追溯体系建设 二维码 上海 体系 追溯 信息 推进 流通 体系 食品 建设 产品 本市 环节 重要 进一步 食品安全 深入 实现 相关 扫描 座谈 介绍了 试点 有关 了解 通过 全过程 超市 情况 商务 加快 意见 新技术 关于 贯彻 落实 国务院 应用 模式 近期 消费者 实时 包装 平台 配送 注重 数据 一个 各个 基本 掌握 各企业 提高 扎实 将继续 认识 查询 方便 产品的 迅速 生产商 运输 极大 详细 零售商 购买 参加 负责人 企业 召开 组织 专题 座谈会 家乐福 工作 开展 有限公司 科技 做法 是从 入手 供应商 电子 部门 积极 通报 商务部 头上','1');
INSERT INTO `v9_search` VALUES('65','1','51','1466689440','了解产品更多信息 二维码商品追溯系统申城启用 二维码 申城 更多 上海市 追溯 商务 食品安全 集团 活动 共同 承办 举行 有限公司 商品 主办 信息 电子 科技 防伪 现场 质量 合作协议 授予 行业 进行 了解 顾客 战略 签署 市场 系统 摘要 更多 监督 各方 领导 相关 见证 体验 不少 手机 共享 扫描 放心 消费者 对于 食品 我们 市民 查阅 这种 产品的 纷纷 表示 守法 查看 产品 启用 今天 今年 主题 消息 记者 介绍 东方网 尚德','1');
INSERT INTO `v9_search` VALUES('66','1','52','1466689500','国家物联网标识管理公共服务平台积极实施标准的食品溯源 公共服务 标识 标准 食品 标识 物联网 平台 信息 国家 企业 公共 管理 体系 食品安全 追溯 标准 建立 监管 认证 实现 销售 产品 生产 全程 通过 建设 技术 消费者 权威性 不断 具有 缺乏 制度 政府 检验 问题 数据 识别 规范 查询 采用 实施 系统 联合 相关 品牌 接入 跟踪 集团 转换 有的 地方 可在 环节 第三方 药监局 不同 一个 领域 源码 透明 形式 污染 有害 造假 安全问题 严重 民众 加入 出来 我国 近年来 公共服务 事件 频频 暴露 发生 生命 危害 并且 健康 提出 积极 方面 统一 确保 为此 解决 规定 人工 主要 传输 资料 可靠 干预 算法 所有 责任 进行 真实 推进 获取 独家 根据 收集 生态 共同 得到 严格 经过 审核 不能 随意 中国企业 树立 无法 造成 互联 不到 覆盖 架构 管理模式 形象 良好 技术性 方案 运输 减少了 达成 一定 取得 战略合作 成效 江苏省 淮安 知名企业 多家 编码 而言 防伪 由中国 达到 目前 保险 商品 例如 监管部门 更多 新技术 发挥 更加 作用 重要 未来 影响力 网站 世界 增强 选择 经营 在内 无须 使用 直接 降低 运营 有效促进 成本 应用 记录 类型 对应 然后 转化 搜索 从而 开展 工作 发展 同盟 整合 进出口 战略 不对 双重 机构 保障 除了 中心 之外 匹配 国家发改委 反而 安全隐患 降低了 信心 公开 构建 成为 但是 目的是 流程 透明度 提高 有助 以上 改善 工具 层面 新法 要求 市场 虽然 保证 明确 生产经营 依照 应当 已有 真正 衍生 借助 部分 变成 不一 各地 容易 那么 记者 调查 发现 打造 标准化 服务项目 重点 之一 政府机构 原材料 作为 质量安全 国家级 属于 正式 产业化 研发 物流 全过程 相连 交换 正规 有效 产品的 之间 载体 服务 监控 设备 公信力 维护 质量 完整 促进 共享 具备 努力 设置 优化 管理体系 规范化 基础 特别 力度 加大 以下 特点 组建 利益 搭建 出发 三大 分为 其中 出现 原因 大致 可以 失真','1');
INSERT INTO `v9_search` VALUES('67','57','1','1523713415','扫码营销  营销 轻松 部署 营销活动 品牌 系统 提供 数据 帮助','1');
INSERT INTO `v9_search` VALUES('68','1','53','1466689500','扫二维码将可溯源进口产品 广东检验检疫局推进产品质量建 二维码 检疫局 广东 质量 商品 广东 全球 进口 品质 信息 进出口 检验检疫局 记者 知名企业 体系 革命 率先 建设 生产 实现 全部 企业 食品 消费 启动 报道 推进 近日 获悉 进行 消费者 针对 环节 采集 生产者 万人 据悉 查询 部门 不断 流通 阶段 工厂 完善 物流企业 其他 源码 作为 知识产权 具有 自有 汽车 亿美元 采购 出口 市场 贸易 一般 展示 货物 超过 分级 监管部门 名称 监管 采用 我国 截至 已有 物流 涉及 促使 更好 满足 名牌 品种 通过 群众 升级 智能 化为 信息化 年开始 需求 部署 消费品 产品质量 进口产品 苏宁 国务院 大众 按照 介绍 参加 手段 打造 方面 主体 质量安全 维护 承担 责任 参与 积极 上线 境内 全国 平台 数据 境外 包装 更多 举行 这次 实施','1');
INSERT INTO `v9_search` VALUES('69','57','2','1523713543','分销管理  管理 供应链 完善 缺失 部分 促销 通过 帮助 品牌 进行 分销','1');
INSERT INTO `v9_search` VALUES('70','1','54','1467639960','流沙河公司采用二维码+RFID电子耳标 实现对花猪身世的追溯 流沙河 二维码 身世 公司 信息 消费者 商品 产品 包装 追溯 商务 进行 如何 流通 环节 养殖 放心 数据 平台 公共 股份有限公司 很快 看到 生态 湖南省 记者 日前 走进 时间 相应 周期 通过 此前 生长 芯片 健康 身上 对应 技术 数据库 应用 系统集成 利用 建立 及时 直观 记录 跟踪 完整 形式 多少 介绍 最终 明明 主任 办公室 消费 经营者 获取 基本 扫描 可以通过 准确 确保 专卖店 配备 最后 专用 电脑 卖出 每天 查询 可以 载体 自然 原材料 资源 基因 大都 使用 由于 珍贵 电子 确定 是否 从而 等信息 质量 体系 安全 实现 长沙市 纳入 一直 加工 为了 需要 个月 一般 出生 传统 几乎 的两倍 采用 普通 各个','1');
INSERT INTO `v9_search` VALUES('71','57','3','1523713585','防窜稽查  分析 预警 跟踪 货物 帮助 企业 实现','1');
INSERT INTO `v9_search` VALUES('72','1','55','1467640020','京东携手中国物品编码中心 力推商品安全可溯源 京东 物品编码 中国 商品 编码 物品 中心 条码 企业 供应链 合作 应用 消费者 数据 集团 优化 电子商务 信息 双方 全球 识别 基础 技术 标准化 共同 深入 安全 提升 可以 效率 移动 领域 利用 购物 有助于 实现 通过 而言 高效 零售 深化 结合 委员会 成为 协同 工作 优势 推进 已经 一直 国际 此次 总部 产品 达成 促进 全面 管理 推动 自动 仪式 流通 我国 战略合作 签约 举行 统一 充分 副总裁 送达 的方式 极大 完善 可靠 降低成本 有效 不管 社会 建立 范例 成功 行业 供应商 完整 表示 不断 众多 希望 体系 整合 乃至 规范化 更加 卓越 体验 带来 上层 用户 手中 习惯 对于 终端 区分 有保障 详细 透明 来说 获得 形象 品牌 携手 领导者 开展 对中国 白金 业内人士 三方 标准 进一步 作用 达到 注册 服务 积极 项目 协调 诸多 商务 专门 广泛 物流 及时 准确 质量监督 信息服务平台 协会 成立 正式 加入 国家 合作伙伴 之间 传递 国内外 保障 机构 互联 相当于 进行 长期 年上半年 使用 及其 下属 规范 商城 美的 荣获 优秀 案例 总局 预测 各自 计划 此前 生产 厂商 合法 能够 不仅 组织 身份证 身份 发展 追溯 方面 事实上 标识 可信 属性 国际标准 方向','1');
INSERT INTO `v9_search` VALUES('73','57','4','1523713623','产品溯源  共享 信息 平台 开放 打造 基于 物联网 技术 产品','1');
INSERT INTO `v9_search` VALUES('74','1','56','1467640020','襄阳食药监：两年内70％中小企业完成食品安全追溯体系 襄阳 食品安全 中小企业 食品 食品安全 记者 追溯 今年 药品 信息 生产 系统 建立 水平 企业 市民 有限公司 召开 新闻发布会 日前 阳台 药监局 透露 监管部门 中小企业 体系 完成 报道 力争 从今 年起 时间 规模以上 中小 查询 公共 较为 安全 安装 终端 相关 方便 了解 监控 价格 标签 只要 追究 责任 辅料 关键 销售 供应商 跟踪 流向 城市 目前 截止 家企业 电子 过程 源头 实现 完备 制品 消毒 品种 上半年 监督 违法行为 公安 查处 立案 管理部门 主要 合格 总体 任务 定量 高于 达到 蔬菜 同期 办理 案件 监督管理 局长 信息化 提升 大力 我市 年内 刑事 犯罪嫌疑人 违法 大型','1');
INSERT INTO `v9_search` VALUES('75','1','57','1467640080','宝贝格子与中国质量认证中心码上世界防伪追溯平台 质量认证 格子 中国 宝贝 中心 平台 海外 评价 防伪 追溯 世界 商品 认证 工作 质量 供应链 战略 企业 提高 权威 产品 消费者 展示 帮助 技术 服务 合作 电子商务 全球 致力于 引入 合作协议 双方 开展 提升 知名 品牌 业务 达成 正式 市场 体系 表示 实力 签署 资源 运营 相关 可靠 提供 的方式 以下简称 行业 可信 国内 利用 第三方 经营 规范性 实施 是由 通过 竞争力 研究制定 方案 优秀 协助 项目 更多 由中国 情况 依据 授权 追踪 结论 获得 证书 同时 联合 成立 期间 全方位 中国市场 共同 进入 信任 规范 良好 有着 时代 乃至 战略合作 为了 更好 推动 秉承 天天 优势 互联网 依托 理念 客户服务 此次 迅猛 发展 自身 发起 标识 的方案 做到 环节 页面 带来 销售 总经理 邀请 我国 意义 重大 近年来 率先 业内 先生 研究 安全 建设 经过 三十 和谐 诚信 各界 交流 促进 已经 成为 和美 行列 产品质量 信誉 服务机构 网络 力量 促成 供应 公共 中国政府 批准 国家级 主办 全面 以期 验证 设立 政府 始终 客户 专业 认可 多个 国际 组织 领域 雄厚 合格 具有 独立的 进出口 合法 中国消费者 经营理念 迅速 占据 经营权 拥有 澳大 国家 开通 目前 快速 采购 能力 以及 信息 结合 先进 云计算 报告 产品评测 形成 检测 物联网 数据 整合 独特 模式 立足 移动互联网 核心 功能','1');
INSERT INTO `v9_search` VALUES('76','1','58','1467812880','佛山拟建农产品 质量安全追溯系统 佛山 质量安全 农产品 佛山 农产品 农村 质量安全 建立 地产 追溯 系统 全省 万元 改革 发展 产品 制度 达到 年均增长 深化 基地 接下来 记者 完善 日上午 征收 工作会议 获悉 土地 健全 不断 设立 集体 阶段 透露 会议 产权 服务 探索 此外 空间 拓展 诚信 农业企业 企业 生产 全市 种类 信息 查询 公众 掌握 及其 提供 通过 进行 编码 全面 数据库 体系 年均 三农 层面 过去 人均纯收入 居民 多个 应用 管理制度 拟建 促进 成果 转化 超过 高于 城镇 居民收入 增幅 数据','1');
INSERT INTO `v9_search` VALUES('77','1','59','1467812940','重庆将建立重要产品追溯体系 药品食品全程可查 重庆 全程 体系 追溯 体系 建设 食品 药品 建立 主要 推进 方面 食用 全程 农产品 生产资料 农业 通知 重要 产品 内容 质量安全 全过程 监管 印发 人民政府 设备 系列 昨天 生产 特种 制品 机制 包括 农产 品种 企业 鼓励 开展 出口企业 依法 进口 等产品 另外 使用 经营 环节 电子 制度 标识 指导 登记 此外 种子 完善 管理 实现 协调 数据 统一 共享 明确 交换 围绕 植物','1');
INSERT INTO `v9_search` VALUES('78','1','60','1468331460','国家级农产品追溯平台明年上线 给食品安全再上一把“放心 食品安全 农产品 平台 追溯 农产品 平台 管理 质量安全 信息 建立 农业部 体系 主体 生产 全国 百分 提出 创建 制度 流通 统一 经济日报 报道 试点 意见 活动 安全 国家 食品安全 互联网 开展 加快 推进 建设 出台 关于 规范 日前 兼职 启动 监管 确定 产品质量 人员 十一 全面 首批 统计 十七 乡镇 监管机构 十八 目前 所有 落实 入市 制定 部门 有关 各地 包装 标识 实施 行为 生产经营 促进 采集 基本 鼓励 准入条件 同步 省级 个省 单位 作为 健全 完善 凭证 市场 索取 衔接 机制 一百 无论 产品 条件 龙头企业 产业化 重点 规模 率先 快速发展 广泛 物联网 实现 近年来 农业 放心 一把 明年 上线 选择 苹果 范围 力争 扩大 逐步 用于 呈现 一旦 发现 食品 采购 可以 查询 质量问题 可以通过 确保 从而 的责任 源码 很快 手机 何处 全过程 摄像头 趋势 参与 运营 全民 传感器 准确 消费者 国家级 开放 纳入 记录','1');
INSERT INTO `v9_search` VALUES('79','1','61','1468331520','伊利潘刚：打造全程可追溯系统夯实产品优质品质 伊利 可追溯 全程 产品 建立 全程 管理 追溯 养殖 董事长 集团 信息 消费者 透明化 生产 体系 提升 规模化 食品 系统 建设 标准化 行业 全面 全国 跟踪 环节 实现 统一 专业 发展 重要 尤为 只有 赢得 广大 显得 追踪 随着 品质 国民 消费 意识 肯定 才能 表示 认可 规范 合作 投入 流程 年底 截至 描述 清晰 格式 所有 现代 探索 率先 业内 在行 达到 比例 亿元 即将 用于 升级 拥有 出来 理论 提高 降低 水平 从而 日常 成本 源头 与此同时 指引 除此之外 质量 控制 指导 科学 供应 方面 涵盖 实践 大力 内容 在建 有利于 导入 通过 精细 包括 生产过程 为此 完善 树立 作为 优质 打造 龙头企业 推出 未来的 根本 需求 始终 坚持以 程序 基地 集成 覆盖 综合 质量管理 记录 平台 进行 国家 并且 及时 信息化 关键 过程 运输 出生 档案 采用 条码 检测 同时 编号 随机 扫描','1');
INSERT INTO `v9_search` VALUES('80','1','62','1468849920','安徽豆制品刻“身家姓名” “刻字溯源”监管豆制品 豆制品 安徽 身家 制品 蚌埠 生产 食品 安徽 企业 我们 加工 监管 记者 保证 这种 监督管理 进行 目前 全省 药品 登记 名称 时候 左右 单位 采用 必须 取得 不少 证明 市民 报道 消息 新闻 北京 一些 近期 推广 共有 产品质量 姓名 制度 市区 统计 呈现 现象 颁布 表示 所有 全市 准备 按照 模式 经验 第一 办法 完全 产量 提供 销售 市场 同行 许可证 备案 截至 上面 对于 质量安全 经销商 无法 防伪 的方式 包装 逐步 防止 可以 近日 发现 率先 头上 生产厂家 质量 创新 家企业 约束 以及 就是 尝试 开展 自己 或者 同时 追踪 此前','1');
INSERT INTO `v9_search` VALUES('81','1','63','1468849980','上海成追溯体系建设试点，获中央财政7亿扶持 上海 财政 体系 追溯 体系 建设 产品 试点 流通 重要 制品 消费 相关 环节 部门 生产 记者 此外 开展 管理 一些 特色 产业 促进 亿元 扶持 中央财政 范围 纳入 标准 消费者 要求 当地 改造 通过 建立 意识 设备 领域 山东省 统一 需要 制定 安全 质量 已经 方面 来源 强化 实现 系统 秩序 地区 推广 示范 选择 设计 完善 迫切 应用 批发市场 例如 我国 及时 地方 了解 先进 表示 包括 作为 经济参考报 主动 食品 生产经营 告诉 普遍 企业 提升 宁夏 信心 业内 连接 可以 日前 法律法规 责任 技术 信息 项目 推动 重点 举措 资金 更加 根据 促消费 商务部 放心 现代化 避免 提高 财政 支持 市场 销售 获得 主体 实施 中央 法律 比如 文件 出台 第一次 全程 确立 食品安全 薄弱 制度 失灵 具体 培育 用于 健康 公共 安排 制度建设 适用 更新 现有 标识 标记 统筹 专用 商务厅 而言 软硬件 基础设施 显现 成效 补助 介绍 负责人 必要 高质 指导 规划 涵盖 多种 平台 一个 科学 因此 模式 建成 参照 具有 差异 较大 努力 之间 浪费 资源 进一步 有待 造成 框架 共享 做到 搭建 整体 尚未 同时 弥补 引领 使得 明白 拉动 从而 质量安全 进而 信息化 借助 水平 产业发展 转变 方式 看来 依然 药品 农业 生产资料 危险 特种 农产品 最为 当前 应该 目前 涉及 缺乏 发展 控制 之外 除了 内容 已有 蔬菜 完整 完成 条件 期间 进行 在于 特点 自主 虽然 起到 不变 等内容 关键 升级 电子 预计 结算 进口 鼓励 工作 计划 据悉 按照 探索 格局 打造 养殖 全过程 收购 总体 总结 内部 财政部 下发 方案 经验 全国 规范化 作用 依托 大型 渠道 供应商 才能 必须 保障 处理 交易 经营 有效 异常 发现 加强 中心 主任 本次 主要 财政资金 意愿 起来 可靠 反映 问题 找到 使用 责任人 结合 电子交易 消费品 成为 但是 比较 程度 厦门 专家 生产者 将纳入 最终 能够 开启 被动 尤其 此前 进展 大大 实质性 检测 检验 有利于 无疑 消息 负面 导致 有关 不足 获悉 立足','1');
INSERT INTO `v9_search` VALUES('82','1','64','1469195580','四川火锅底料标准明年将强制执行 火锅底料 四川 标准 标准 火锅 食品安全 企业 四川 相关 地方 执行 限量 四川省 部门 出台 食用 制定 强制 同时 日起 对于 要求 其他 发展 食品添加剂 添加 针对 遵守 严重 应当 推动 受到 所有 以及 省内 出炉 日前 此次 一直 包装 强制性 事件 原因 尤其 作用 消费者 明年 喜爱 将于 复合 实施 对此 规范化 表示 业内人士 标准化 创始人 竞争 陷入 避免 认为 涉及 帮助 记者 进步 行业 自身 个性化 创新 地区 提供 国内 实行 各地 监管 依据 注重 产品的 问题 面临 遍布 规定 适用于 基础 国家 严格 遵循 动物 植物 主要 原料 全部 部分 标签 标志 了解 产品标准 达到 明年将 其中 关于 辅料 经过 可以 选择 推荐 技术 是否 这次 处罚 此外 相应 标的 必须 加工 处理 还有','1');
INSERT INTO `v9_search` VALUES('83','1','65','1469541240','河北：大力推行食用农产品质量可追溯 可追溯 河北 农产品 销售 农产品 食用 集中 提升 交易市场 凭证 记录 开办 水平 食品安全 鼓励 采用 证明 河北省 监管部门 合格 社会 信用 根据 追溯 方式 建立 要求 电子 制度 名称 批发市场 数据 交换 表格 拍照 扫描 上市 无法 或者 文件 代码 大力 印发 药监局 产品质量 推行 新闻网 日报 近日 记者 全省 身份证 市场 监管 执法 市场主体 提供 进入市场 抽样 进行 适应 符合 设施 检验 品种 检测 快速 产品的 不得 配备 基础 结果 日常 信息 档案 违法行为 查处 实时 更新 公布 依法 情况 分类 环境 特殊 温度 质量安全 需要 产品 方面 服务 重点 县级 保证 义务 格式 数量 统一 行动 日期 以及 作为 项目 联系方式 地址 食品 提出 工作 日起 利用 开展 范围 时间 其他 标准 整治 信息化 企业 条件 引导 手段 落实 超市 商场 大型','1');
INSERT INTO `v9_search` VALUES('84','1','66','1469541300','广东省食协将在茂名市构建首个月饼流通追溯体系 茂名市 广东省 月饼 茂名 广东省 中国月饼 食品 创建 体系 追溯 流通 行业协会 产业 当地 信息 品牌 多家 协会 目前 企业 超过 试点 后台 进行评估 同时 行动计划 记者 正在 获悉 推进 正式启动 构建 个月 保障 产品质量 亿元 增强 方面 建立 行业 消费者 为主 源头 加工 提升 一个 平台 配置 产值 这是 医药行业 全国 多万元 投资 唯一 信心 产品 销量 据悉 知名度 消费 战略 品质 转型 升级 计划 品种 实施 富有 生产 规模以上 万人 从业 制作 传统','1');
INSERT INTO `v9_search` VALUES('85','1','67','1469541300','4300吨炎陵黄桃配上防伪“身份证” 炎陵 黄桃 身份证 今年 代表 身份证 消费者 农产品 战略 预计 可实现 签订 面积 苏宁 平台 防伪 识别 信息 主办 集团 政府 日上午 合作协议 本报 亿元 分别 流通企业 邮政 种植 特征 产品 产品名 分公司 长期 假冒 保护 详细 会上 电子商务 推出 搭建 省内 活动 优惠 快递 开设 授权 子公司 企业 人民政府 有限公司 了解 主要 如何 拉开 大会 书记 正式 宣布 判断 自己 验证 一体机 网页 方式 其中 只要 产品的 就是 登录 质量安全 推行 是否 身份 建设 计划 手机','1');
INSERT INTO `v9_search` VALUES('86','1','68','1470232560','商务部：全国已有1万5千多家企业建成肉菜追溯体系 商务部 多家 体系 追溯 体系 建设 开展 商务部 产品 打造 全国 支持 消费 建立 表示 示范 探索 特色 试点 数据 全过程 根据 平台 日召开 生产 制品 城市 新闻发言人 新闻发布会 机制 重要 财经 环节 升级 家企业 已有 流通 推进 中国网 工作 认证 建成 放心 统一 模式 财政 部分 以来 来源 专门 制度 转型 质量 市场化 风险 真正 实现 责任 第三方 产业链 完整 选取 每个 省市 影响 鼓励 服务 渠道 供应 绿色 养殖 造成 交换 共享 政府 资源 开放 有序 通道 社会 互联 信息 完善 数据库 当地 总体 通过 销售 收购 信息化 格局 进口 权威 增值 利用 管理 希望 生产经营 内容 发挥 积极 作用 已经 环境 保障 创新 治理 食品安全 目前 覆盖 经营 蔬菜 多家 万余 网络 推动 城乡 连接 初步形成 辐射 结算 改造 推广 电子 进行 包括 关键 应用 先进 持续 运行 流程 优化 适用 技术 主要 这个 最近 部署 国务院 财政部 决定 自治 厦门 宁夏 上海市 山东省','1');
INSERT INTO `v9_search` VALUES('87','1','69','1470232620','天津：放心肉鸡贴上二维码　全程质量可追溯 二维码 可追溯 肉鸡 放心 进行 追溯 养殖 体系 质量 本市 产品 质量安全 信息 工程 检测 相关 可以 这个 一个 环节 监控 今年 所有 全部 进入市场 监测 还有 通过 动物 基地 就是 显示 监管 市场 整个 部门 介绍 确保 没有 工贸 有限公司 目前 允许 纳入 最后 累计 多家 扫描 上市 问题 出现 了解 两个 区县 农业 提升 时间 构成 三者 能够 个别 处处 以及 建成 建设 生产 着手 登记 周边 市区 通道 设在 备案 进入 食品安全 按照 之后 监管部门 专用 接着 初步形成 各个 完善 设置 基层 左右 其余 安全 方面 同样 部分 引入 为了 龙头企业 要求 单位 供货 多少 知道 出来 达到 手机 董事长 专门 从事 一家 实现 全程 企业 包装 一旦 的责任 情况 生产厂家 看到 监督 卫生 所长 合格 确认 经过 如果 出具 刚刚 正在 除了 查看 建立 这些 申报 头上 同时 平台 处罚','1');
INSERT INTO `v9_search` VALUES('88','1','70','1471442220','陕西推进重要产品追溯体系力求实现全面覆盖 陕西 体系 产品 追溯 体系 建设 推进 产品 药品 建立 管理 监管 生产资料 主要 农产品 农业 重要 食用 食品 全面 企业 全过程 质量安全 平台 环节 实现 现代 具体 电子 推动 生产 提升 部门 积极 安全 责任 覆盖 意识 明确 设备 确定 方案 有关 原料 逐步 机制 信息 生产经营 主体 全程 陕西 形成 全省 制品 开展 系统 任务 而且 有待 技术 经营 保证 措施 加快 陕西省 食品安全 工作 不断 成效 完善 内容 品种 人们 随着 重视 明显 种子 市场环境 衔接 协作 载体 流向 使用 改善 核心 登记 参与 类别 推广 抓好 落实 依法 切实 供应 延伸 进口 等产品 全产业链 实行 指导 进度 运行 完整 履行 信息化 围绕 医疗 植物 严格 联通 下发 以下简称 政府 哪个 如今 实施 步骤 制定 实施细则 名录 今年 单位 负责 未来 问题 最好 维护 消费者 产品质量 各类 力求 利益 近日 电梯 出现 食物 公布 关于 正式 目标 特种 危险 显著 共享 初步 地方 增强 采用 社会公众 产品的 认知 提高 大幅 比例 协同 多方 数据 统一 基本 接受','1');
INSERT INTO `v9_search` VALUES('89','1','71','1472479200','江西将建农产品追溯平台 扫码便知果蔬“身世” 江西 果蔬 身世 农业 农产品 信息 建设 中心 智慧 我省 全省 平台 追溯 物联网 工程 查询 展示 应用 提出 企业 功能 服务 产品 消费者 模式 覆盖 流通 大部分 农村 实现 重点 以上 龙头企业 示范 省级 大力 指挥 质量安全 查看 加大 监管 通过 社会公众 进行 远程 集中 三级 新型 产品展示 推进 依托 需求 根据 特色 调度 出台 促进 江西省 获悉 昨天 提升 指导意见 定位 生产 政府部门 记者 果蔬 实施 销售 制度 电子商务 高科技 生成 扫描 每个 发布 登记 了解 宣传 力度 严格 工作 绿色 落实 试点 指标 环境 拓展 引导 模拟 方式 保障 放心 体验 购物 增强 指导 力争 建成 乡镇 运营 这个 同时 加强 认知 定制 私人 做大做强 首批 核心 信息化 技术应用 综合 水平 全面 管理 融合 发展 上下 契机 列入 试点省份 基本 园区 经营 形成 的监管 移动互联网 建立 统一 农民 用户 纳入 农业部 作为 移动 身份证 云计算 运行 状况 业务 成效 新一代 调控 交易 当地 演示 数据 基地 强制性','1');
INSERT INTO `v9_search` VALUES('90','1','72','1472479260','真农网自主研发农产品生产追溯平台，助力农业4.0的发展 农网 自主研发 农产品 农业 产品 追溯 不断 消费者 软件 的发展 农产品 技术 生长 产品的 真正 他们 可以 市场 一个 生产 平台 因为 自己 只是 生活 真实 信息化 互联网 以及 劳动 体力 这样 一直 带来 决定 拍摄 团队 组建 没想到 改变 推进 完善 有的 物联网 难以 越来越 迈进 价值 运用 智能化 优质 向前 升级 现象 数据 加上 经验 信任 于是 打造 无奈 脱颖而出 曾经 软件开发 现在 开发 得到 监管 庞大 体系 不可或缺 这不 需求 提倡 安全 看来 国家 供给 改革 进步 贡献 共同 共同发展 需要 基础 自我 保障 头上 相机 进行 盛行 通过 表示 希望 自动 记录 即可 看到 全过程 证明 时间 地理位置 过程 也就是 使用 用户 评价 简单 虽然 当时 开始 泛滥 实用 随着 心态 尝试 进程 先进 应用 便是 基于 改进 典范 与否 经营 时期 想法 下去 模式 以为 坚持 食品 安全问题 现状 程度 一定 有机 健康 群体 拥有 提升 认可 稳定 效应 品牌 但是 之后 销量 所以 研发 之前 创始人 作为 其实','1');
INSERT INTO `v9_search` VALUES('91','1','73','1474207380','贵州茅台在沪将实现全程流通追溯 贵州茅台 全程 流通 追溯 上海市 贵州茅台 建立 信息 商务 实现 协议 框架 发展 产品 共同 未来 促进 党政 贵州省 昨天 全程 签署 代表团 关于 合作 两地 双方 机制 管理 平台 消费总量 安全 搭建 率先 利用 形成 物联网 万吨 生产 采集 支持 亿元 体系 手段 信息化 责任 采用 来源 在沪 全过程 期间 各类 年均 十二五 城市 中国最大 消费 销售总额','1');
INSERT INTO `v9_search` VALUES('92','1','74','1474207380','滨州市3县区已建成农产品质量追溯平台 滨州市 县区 农产品 视察 监管 农产品 质量安全 平台 产品质量 追溯 进行 工作 体系 建设 宣传 县级 真正 加大 建成 省级 副主任 参加 查看 组织 城区 质量 明年 跟踪 流向 查询 责任 追究 今后 全程 产品 信息 记录 省市 互联 高效 三级 生产 实现 网格 覆盖 运行 到底 办法 科学 完善 内容 健全 监管范围 结合 满足 实际 加强 投入 经费 加大监管力度 作用 形式 强化 公告 公益 力度 通过 正面 构建 曝光 起到 有望 典型 需要 突出 据悉 创建 食品安全 全力 抓好 契机 活动 城市 现场 部分 生产基地 农业 经营 确保 食用 支撑 科技 此外 巩固 提升 目前 专项资金 完成 已经 进一步 得到 以上 没有发生 保持 任何 一起 品牌 价值 产品的 优质 事故 用于','1');
INSERT INTO `v9_search` VALUES('93','1','75','1477058640','大数据时代如何掀起商业变革 时代 商业 数据 客户 营销 消费者 信息 公司 他们 用户 一个 企业 服务 数据 时代 渠道 品牌 移动 产品 个性化 使用 系统 商店 接触 体验 订购 转型 来自 根据 通过 这样 房贷 问题 变革 服务商 发现 这家 这个 员工 不同 相关 提供 成功 银行 怀孕 形成 自己 如果 微博 真正 创建 营销策略 没有 故事 建立 只有 融合 企业文化 每天 深刻 发生 推广 推动 家银行 参与 一家 分析 制定 范围 推进 这位 首席营销官 同时 之前 孕妇 需要 模型 媒体 文化 提升 网上 可以 反馈 电话 每年 增值服务 有人 价值 了解 执行 强大 完整 大大 甚至 已经 改变 完全 的影响 分享 整合 进行 个人 兴趣 中心 方案 使得 可能 需求 每个 业务 带来 为公司 利用 帮助 基于 行为 例如 接受 手机 知道 设置 偏好 实现 成本 宣传 效率 但是 充分 第二 自身 电子 抓住 机会 销售 现在 个月 全接触 社交 项目 正确 有关 团队 讨论 如此 获得 本身 就是 方式 建设 投诉 目的 价值观 核心 漂亮 形象 情况 从而 预测 指数 顾客 群体 伟大 怎么 广泛 消费 收到 的发展 新技术 女儿 才能 最近 各种 多人 吸引 人员 信号 父亲 如何 商业 因此 每次 精神 交互 考虑 创造 自然 如同 可以通过 传递 时间 出去 延长 大银行 及时 新增 将近 建议 更好 激发 发放 所说 最大 能够 关系 持续 联系 人人 主动性 出来 演进 连接 找到 解决 内心 认同 包含 信任 重新 做到 因为 提醒 时候 关键 文化建设 作为 万元 以往 每位 每月 收入 情感 示范 事件 品格 生命力 直接 历经 依然 重视 的公司 单一 调整 根本性 架构 流程 组织结构 大型 战略 万欧元 实施 基础 冲突 降低 相互 有时 面向 不仅 转换 客户端 增加了 营收 办理 交流 详细 推荐 的确 进入 发给 之后 讲解 一次 查询 点击 自动化 实体 利率 提示 混乱 几乎 透明 策略 引领 造成 资料 客户关系 分散 公司有 虽然 在于 下降 逐年 却是 就要 依赖 相反 尤其 网点 第三 不管 结果 导致 最终 是否 原来 周期 非常 会持续 有效 划分 特性 无法 监控 缺失 有的 驱动 缩短 并且 年前 左右 的数据 互联 社会化 全球 超过 网民 发表 在中国 发布 随着 来临 能否 其他 方法 定位 探究 领域 更多 方向 声音 之中 而是 追求 已经不再 增加 获取 更加 搜集 扩大 随时 判断 做出 主角 市场营销 事实上 确实 并非 聘请 专业 开始 包装 许多 确认 道歉 尴尬 注意 讲述 掀起 美国的 竟然 之下 零售 最初 居然 掌握 留住 女性 这么 引起 技巧 转发 评论 很小 营养 之类 补充 购买 大量 保健品 最后 构建 商品 典型 选出 技术 赋予 市场部 总经理 过去 挑战 感到 必须 新时代 如下 三大 完成 领导 拓展 前线 市场 统计 数字化 引导 信赖 产生 转化 形势 面对 高出 使命 第一 状况 全面 直至 结束 新闻 每日 针对 这些 动新闻 铃声 个体 单位 目标 出现 理解 成为 例子 工具 平台 运营 中国的 朋友 家人 变化 深度 重大 互动 决定 未来发展 我们 称之为 还有 不仅仅 认识 负责人 多名 个国家 地位 之间 最新 世界各地 大多数 显示 调查 首席 为了 激励 工作 只是 拿出 销售额 对于 网络 奖励 部分 物流 支付 全新 影响 思路 需求量 所有 虚拟 定制 这项','1');
INSERT INTO `v9_search` VALUES('94','1','76','1477058700','实现大数据精准营销的方式有哪些？ 方式 数据 数据 用户 营销 运营商 业务 实现 分析 进行 可以 挖掘 信息 通过 市场 系统 技术 社交 需求 关联 利用 需要 深入 根据 一个 共享 运营 营销策略 个性化 服务 细分 消费 营销活动 商品 支持 收入 传统 客户 提供 沟通 价值 效果 数据库 发生 要求 流量 实施 就是 发现 行为 从而 大量 市场营销 环节 网络 的数据 顾客 实时 达到 然后 首先 更加 短信 结合 方面 语音 优化 目标 能够 规律 必须 如果 基础 拥有 创新 交换 建立 其次 海量 平台 定位 价格 难以 的方式 变化 内容 互联网 基于 合适 一些 信息化 模式 单位 能力 相关 对市场 之间 各种 做到 为中心 提升 识别 同时 习惯 资源 时间 自身 渠道 最后 结果 国家 优势 反馈 影响 政策 想要 提速 大幅下滑 支撑 由于 活动 充分 争夺 受到 准确 人员 这种 购买 其他 而且 微博 等内容 掌握 促使 回答 制定 不同 联系 方式 销售 时代 哪些 现在 工具 及时调整 有的 自己 任务 挑战 构建 不断 开展 高质量 如何 带来 产品 先进 并且 体验 以及 发展 成本 有效 反应 关系 预测 随着 流程 沃尔玛 群体 过程 提高 跟踪 汇集 通话 重要 整合 位于 具有 基本 距离 运用 处理 揭示 网页 决策 隐含 趋势 这时 庞大的 购物车 不少 汇总 可能 啤酒 借助 语义 视觉 算法 若干 也许 思维 引擎 两三 上会 找到 选购 正在 商场 我们 提醒 附加 显示 总之 顾问 一直 美国的 谢谢 友好 早就 进一步 因为 实例 促销 刚才 扫描 所在 适合 围绕 一刻 面向 过渡 演进 注重 场景 应对 广播 加强 网络化 交流 进步 移动互联网 技巧 变得 直线 变为 使得 最佳 全程 着手 品牌 形成 归纳 因而 策划 还要 情况 用户反馈 对手 竞争 改进 没有 手中 全过程 重组 导向 轻松 监管 主要 速度 中心 是以 总结 缩短 目的 精确 筛选 判断 维系 适时 向上 未来 交叉 将要 预言 数据仓库 卖场 所有 全球 第三 以前 为什么 用来 分析报告 只能 社会 跟随 隐性 收集 据此 完整 依据 才能 深层次 划分 不同于 定义 成员 及其 阶段 角色 以便 这是 第五 潜力 变量 卫星 及其他 高效率 转变 快速 突破 因此 提出 真正 成为 商务 管理 依靠 重点 指导 合理 科学 隐藏 对于 载体 在于 核心 意义 背后 如此 每天 背景 快速发展 可获 面对 丰富 包含 其中 多元化 压力 极大 完成 下降 加上 电信业 增值税 营业税 纳入 弥补 逐步 逐步降低 增量 的增长 突出 现象 确保 利润 效率 全面 展开 越来越 与此同时 应用 更多 降低成本 策略 费用 减少 年内 国资委 亿元 迫使 改变 国家政策 外部环境 送给 部门 存在 相应 这些 孤立 为此 最大化 互联 错位 许多 以下 之上 手段 解决 首要 碎片 目前 问题 多个 一方面 包括 接入 多种 复杂 本身 第三方 文件 文本 接口 展示 表现 集中 另一方面 特征 监控 便于 后续 三维 交互 现代化 简单 领域 对此 另外 帮助 占据 独特 积累 多年 管道 天然 频繁 爱好 兴趣 及时 旺盛 了解 有趣 维度 互联网企业 巨大 等信息 地理位置 获取 访问 记录 方案 新技术 内部 起来 再次 资费 办理 要素 具备 庞大 姓名 性别 类型 详细 年龄','1');
INSERT INTO `v9_search` VALUES('95','1','77','1477317900','做好“一物一码”二维码扫码营销，你要注意这些 二维码 一码 一个 没有 我们 营销 品牌 可以 这个 宣传 为什么 所以 顾客 手机 人和 思考 消费者 公众 引导 内容 信息 扫描 设计师 角度 问题 利益 今天 根本 海报 有的 时候 订阅 关注 为了 创意 需要 了解 设计 推广 或者 吸引 活动 千万 链接 诱导 进而 彻底 着力 还是 背后 如何 话题 这些 企业 之后 诱惑 起来 大部分 尴尬 不然 但是 小心 怎么办 维持 明确 不够 最好 直接 用法 看来 无力 有没有 加入 精彩 更多 引起 做到 做法 正确 添加 自己 几百 以为 本质 广告 传达 不要 当然 至少 即便 别人 看看 持续 下去 产品的 基于 一时 泡沫 就是 所有 就要 输出 明白 觉得 简洁 尽量 之旅 解密 以上 瞬间 给予 开启 线索 咖啡 组织 获取 足够 政策 那么 如果 记得 尽可能 折扣 过来 价值 获得 礼品 神秘 以下 不同 页面 最终 感觉 服务 产品 使用 甚至 员工 产品有 一年前 知道 那些 黑白 这是 眼里 牛皮癣 一样 存在 公司 大街 说明 大家 注意 之前 必要 年前 从中 现在 拼凑 里面 原则 方便 外观 泛滥 做好 遵循 带来 作用 失败 一般 通过 庞大的 比如 展示 然后 两者 形象 网络 清楚 主要 传播 然而 介绍 策划 可能 这么 作为 奖品 记录 图片 购买 领取 地方 平面 必须 并且 任何 某个 于是 看到 设计人 促销','1');
INSERT INTO `v9_search` VALUES('96','1','78','1480428360','二维码营销你真的了解吗？ 二维码 流量 营销 互动 活动 平台 用户 手段 打造 了解 移动互联网 这样 公众 参与 数据 一体化 奖励 没有 上线 通过 关注 浪潮 推广 花样 不断 刷新 行业 快速 随着 普及 发展 越来越 今天 人们 百万 积分 融合 传播 运营商 力度 资源 合作伙伴 兑换 客户 体系 获得 一等奖 实现 效果 三大 应用 各种 贯穿 手机游戏 社交 机会 营销活动 商城 核心 电信 显著 网通 联通 移动 赠送 模式 整合 扫描 无论 信息 更多 官方 一起 大家 真的 分析 关于 宣传 还是 手机 消费者 运动 进入 完成 成绩 取得 游戏 根据 开展 为什么 体验 标题 引导 内容 可以 优惠 来说 不同','1');
INSERT INTO `v9_search` VALUES('97','1','79','1480428360','大数据助力酒企精准营销 数据 数据 平台 白酒企业 营销 五粮液 表示 苏宁 产品 合作 进行 目前 企业 开始 一线 可以 方面 此外 通过 集团 去年 发展 了解 董事长 互联网 渠道 技术 越来越 运营 会上 但是 消费 成本 消费者 没有 股份有限公司 建设 物联网 关键 数据库 模式 比较 阶段 智能 指出 上线 包括 人群 降低 整合 习惯 定制 的发展 利用 宜宾 销售 以及 购买 借助 顾客 主题 应用 如今 结合 成为 第六届 博览 国际 制约 为了 然而 近日 升级 实际上 电子商务 根据 风险 环节 家中 直接 解读 配送 随着 中间 人力资源 其中 包含 建立 符合 庞大的 个体 储备 高端 需要 运用 物流 品牌 控股 公开 标签 对于 转换 投放 沟通 带来 客户 全国 产品结构 管理 的效率 城市 乡镇 供应链 提升 计划 优化 调整 跟踪 网络 并且 正式 杭州 知道 左右 偏好 自有 今年 亿元 拟募资 用于 信息化 项目建设 不了 现在 有限 不会 放开 市场 强势 非常有限 借鉴 成熟 已有 力量 公告 来自 当前 处在 概念 家企业 非常 轨迹 啤酒 其他 仅仅 处于 举行 战略合作 采购 签署 仪式 独家 阿里巴巴 北京 试水 记者 此前 资源 浪潮 全球 时间 加入 甚至 防伪 系统 思维 融入 包销 零售 生产经营 企业战略 除了 联合 分销 商城 召开 业务 股东大会 通过了 投资 成立 外界 展示 筹建 自己 创新 公司 峰会 重要 全产业链 组成部分 具体 青睐 举办 的方案 产业 已经 对此 此次 有关 结构 更多 针对 以前 自身 提出 有利于 行业分析 不同于 一般 互联网企业 团购 企图 有效 依托 的数据 档次 频率 做到 得知 业内人士 从而 谈到 一些 科技 一大 的方式 因素 探索 推广 携手 展开 行业 餐饮 人才 合作关系 战略 达成 据悉 多家 行为','1');
INSERT INTO `v9_search` VALUES('98','1','80','1480428420','全国产品防伪溯源验证公共平台正式上线 全国 产品 平台 平台 防伪 验证 假冒 侵权 全国 报告 社会 年度 提供 行业协会 行业 机关 国产 联盟 案件 国防 活动 上线 以及 公共 产品 打假 北京 等信息 企业 第三方 信息 共同 消费者 产品质量 权威 公信力 信用 公安 司法 系统 实现 支撑 建设 技术 客户端 领域 最新 机构 品牌 数据 追溯 地方 手段 服务 通过 局面 资源 查处 知识产权 商品 工作 发布会 举行 以下简称 现场 记者 近日 本报 创新 由中国 正式 即可 加入 从事 质量 法律 维权 股份有限公司 保护 网络 协作 原则 充分发挥 统筹 结合 专业 网站 治理 依法 服务商 符合 国家标准 要求 周期 支持 能够 生命 会上 代表 组织 知名 多种 商会 发出 产业 进行 了解 登录 涉案金额 亿元 全年 栏目 造假 显示 违法 立案 检察 审判 起诉 犯罪 质检 其中 涉嫌 大事记 公开 有限公司 阿里巴巴 战略 科技 全面 开创 有限责任公司 概括 全书 编辑 案例 次会议 政策法规 委员会 主办 承办 综述 部门 编辑部 积极性 情况 具有 搭建 公正 启动 知名企业 协会 指导 发起 联合 相关 将纳入 刑事 调动 各方 整合 利用 有效 国家 衔接 政府 监管 纳入 质检总局 办公室 意味着 我国 阵地 侵犯 领导 小组 打击 据悉 互联网 先进 每年 新增 覆盖 地方政府 目前 重点 战略合作 食品 农产品 下载 官方 票证 药品 保健品 各类 广泛 介绍 转移 复制 措施 达到 采取 标识 形成 指出 真正 目的 监测 态势 分析 有力 政府部门 有效保护 统一 入口 提高 便捷 或者','1');
INSERT INTO `v9_search` VALUES('99','1','81','1480428420','\\\"新媒体 \\\"时代，企业营销如何转型 媒体 时代 企业 内容 营销 媒体 企业 这个 用户 平台 就是 互联 传播 一个 时代 移动 可以 因为 如果 广告 传统 其实 自己 没有 我们 吸引 对于 甚至 产品 比如 还是 信息 因此 如何 或者 第一 简单 一定 现在 博客 企业主 事件 微博 概念 这么 接受 效果 合作 抓住 价值 问题 他们 互联网 兴趣 所有 提供 媒介 通过 方式 回归 这种 配合 基于 新浪 需要 重视 百度 这样 行业 第二 优势 同时 各种 商业 头条 所以 形成 认可 入口 渠道 人群 未来 负责 环节 唯一 视频 应该 比如说 打造 客户 大家 秋季 但是 个人 一样 协作 整合 多人 这是 流量 这些 今年 流程 非常 公众 直播 为什么 来说 走向 创意 真正 红利 关系 成为 越来越 生产 今天 专业 以及 主权 观点 被动 只能 无法 属于 特别 必须 本书 获得 全网 对象 深度 扮演 角色 专访 那么 提高 社交 天天 背景 出现 然后 热点 手段 品牌 带来 技术 一次 过剩 竞价排名 社会化 遭遇 壁垒 时间 知道 如何在 进行 稀缺 影响 深远 垂直 细分 免费 只要 分析 观察 趋势 判断 对我 那里 急剧下降 不得不 的影响 我要 例子 联系方式 文章 相关 各个 相互 合理 推广 往往 自行 起到 典型 分为 生成 是否 消费 转化 难点 走出 核心 有意 未来的 无论 失去 意义 逻辑 高质量 可怜 阅读 结论 科技 专业化 生存 员工 某些 产出 前期 案例 看到 造假 的数据 使用 这件 战略 价格 体验 导致 进去 一大 主要 当中 尽快 群众 促进 颠覆 卖出 房子 每年 亮点 销售额 提高效率 真的 中小企业 起来 别人 外包 大企业 其次 变量 第三方 团队 落后 心态 头部 实际 可能 立足 朋友 拯救 中国的 大量 一起 信用 东西 市场 透明化 信任 不了 解决 之前 怎么办 国人 所有人 标签 诚信 善于 依赖 发布 最近 同步 尽管 今日 走势 强劲 权威 回答 高端 上看 最好 最大 我与 抛弃 位置 出去 比较 哪些 主动 不管 依存 生活方式 喜欢 虽然 选择 赋予 迁移 掌握 发现 首先 任何人 困惑 严重 集体 失灵 泛滥 发展 飞速 科学技术 网上 了解 开始 一点 轻松 鼠标 联网 万事 新华 含量 知识 放弃 北京 例如 好玩 有趣 部落 小组 社群 具有 产生了 无数 只有 资讯 中心 随着 现今 面临 形势 经验 全线 挑战 机遇 以下 心得 分享 策略 公关 多年 升级 自我 转型 机会 日前 创始人 联盟 全文 回避 年代 垄断 普遍 存在 被迫 情绪 有用 新闻 名人 扩展 过度 注意力 目标 本身 融合 个性 人性 关于 最后 对外 主导 贯穿 说明 纯属 还有 特点 放大 当今 搜索引擎 众多 地位 提升 怎样 灵魂 对待 观念 正确 方法论 老板 资源 危机 处理 各自 经济 整套 讲述 娱乐 国内 节目 电视台 吸引力 已经 变为 衣服 所有行业 完全 时尚 搭配 福利 顾客 原创 人力 巨大 的最 廉价 互动 毫无 盈利 适用 方法 不会 原则 如此 广播 文字 肯定 报纸 总是 解读 并且 能否 解释 形态 认为 所谓','1');
INSERT INTO `v9_search` VALUES('100','1','82','1482502080','云南四川工商企业创新二维码营销 二维码 云南 四川 营销 四川 烟草 熊猫 公司 云南 开展 切实 市场 运用 满足 客户 直属 四川省 创新 分公司 指导 零售 客户经理 模式 品牌 重点 列为 共享 取得 引导 方面 有限责任公司 效果 消费 产品 传统 当地 积极 引入 投放 今年 商业 企业 需求 工业','1');
INSERT INTO `v9_search` VALUES('101','1','83','1514038140','厦门网约自行车大举入驻，扫码能开锁 开锁 厦门 自行车 厦门 自行车 记者 公共 使用 市民 通过 出行 站点 投放 用户 目前 完成 可以 昨日 自行 停车 万辆 空中 晨报 车辆 智能 共享 租赁 体验 管理 注册 提供 附近 下载 手机 信用 不少 定位 美学 近期 规定 民众 春节前 社区 万人 二期 只需 选择 小时 大街 随着 正式启动 不断 每次 完善 道路 专用 除了 查找 更加 上线 能够 小区 广场 城市 随意 网络 自动 出现 进军 游客 以及 方式 预计 系统 行为 业务 今日 已经 成为 运营 没有 开始 文明 区域 现象 在手 立刻 交通 透露 规范 晚上 缴纳 了解 免费 互联网 除此之外 第二 早上 秩序 交警 分钟 发表 联合 深圳市 正式 机动 品牌 声明 占用 负责人 时间 一般 作为 模式 呼吁 针对 开启 计算 便于 身材 轻松 首先 支付 交付 然后 步骤 进行 单价 分时 低于 提高 过程 来到 如何 搜索 多少 简单 造型 收费 无法 女生 物品 之后 找到 预约 提前 扫描 身上 而且 扣除 一次 模块 防盗 到达 目的地 在于 优点 宁波 费用 收取 苏州 只要 最大 过后 高效 直接 由于 对此 每位 用户注册 拥有 违法 我们 轮胎 更是 引导 轨迹 显示 以内 便捷 介绍 有限公司 更多 规划 新增 覆盖 朋友 喜欢 黄色 每个 软件园 地点 基本 集中 注意 多万 陆续 表示 出口 达到 总量 举办 款式 颜色 发布会 宣布 其实 不同 还有 变得 缤纷 蓝色 本月 悄然 旅游 影响 规模 靓丽 街头 一起 构建 密度 相当 或者 传统 可能出现 相比 优势 更为 分析 服务 地方 聚集 刺激 人们 绿色 的方式 付款 造成 可能 固定 情况 地铁 但是 一个 合法 限制 学校 公园 市场 指标 主要 生命力 攀升 数量 指出 业内人士 为何 吸引力 充满 全国 首创 目光 吸引 明年 起点 公里 终于 示范 商业 经过 畅通 届时 下方','1');
INSERT INTO `v9_search` VALUES('102','56','1','1523714663','蒙牛优益C营销案例 蒙牛 案例 消费者 产品 购买 通过 营销 获取 案例 蒙牛 优化 促销 提升 吸引 点评 安全 资源 合作 强大 资金 大众 创意 追踪 更好 成果 体验 营销策略 活动 保障 企业 满足 系统 品牌 定制 客户 优势 平台 研发团队 的安全 技术 影响 扩大 需求 数量 互动 营销活动 管理 赢取 现金 方式 中奖 锁定 更多 数据 大量 奖品 调整 提高 销量 机会 灵活 协助','1');
INSERT INTO `v9_search` VALUES('103','1','84','1482502200','\\\"互联网+\\\"奶业营销:手机扫码查奶产品加工过程 奶业 产品加工 过程 营销 互联网 环节 大会 信息 产品 市场 乳企 企业 生产 可以 时尚 追溯 如何 品质 平台 品牌 进入 这种 制品 已经 通过 国外 国内 渠道 蒙牛 纷纷 介绍 国内外 融合 加工 手机 优质 等等 过程 深度 高度 质量 是不是 这样 带来 效率 终端 解决 全产业链 完达山 管理 领域 高效 目前 业务 人大 各个 创造 路径 国际 构想 升级 这是 全球化 参加 视为 消费者 成为 的竞争 行业 发现 记者 开始 只需 扫描 赢得 专家 无论 还是 感觉 打造 消费 来自 可能 无限 一旦 扩张 家庭 作为 更多 拥有 选择 执行 总裁 根本性 突破 基地 产品的 工厂 哪个 知道 的困境 如果 拿到 突然 监管 上来 所说 正如 必不可少 全球性 走进 别人 诚信 塑造 关键 销售 流通 获得 养殖 情况 成品 提高 自己 走向 未来 关注 以及 战略 试水 率先 特别 全球 发展 思考 采访 检验 了解 查询 能够 系统 整个 阶段 物流 网上购物 纳入 现实 提供 基础 各项 采集 数据 一样 北京 购买 上线 构建 我们 可以通过 视频 图文 当当 针对 科技 有限公司 技术 公司 总监 最佳 实施 在内 上下 共识 总经理 咨询公司 包括 购物 论坛 一个 判断 凭借 余年 成长 环境 一代 支付 概念 他们 甚至 经验 咨询 分析 年轻 父母 活跃 阿里 全球市场 的到来 一体化 透明化 不断 哪些 时代 随着 产业链 完善 提升 那么 主要 牵手 消费结构 几乎 生活 方式 质量安全 实现 产业结构 利用 优化 工艺 中外 竞技 共同 在外 先进 引入 进口 国内市场 视野 巨头 引领 外观 不少 布局 正是 在中国 大量 今天 策略 这些 意义 来说 重大 对于 切入 依靠 用户 潜在 部分 不可或缺 占领 数量 庞大的 动态 表示 传统 优势 新天地 亮相 充分发挥 采用 经营 思维 创新 找到 新颖','1');
INSERT INTO `v9_search` VALUES('104','1','85','1487686260','落脚“内容+技术”，2017年营销就这么做 内容 技术 内容 直播 营销 技术 平台 品牌 通过 用户 数据 媒体 传播 进行 同时 驱动 预测 渠道 标签 视频 价值 流量 成为 实现 我们 推出 具备 带来 系统 相关 广告 年轻人 试水 不仅 时间 输出 提供 有着 理念 作用 策划 未来 时代 业务 也好 可以 全新 需求 客户 定制 正是 重要 升级 为主 吸引 优化 达到 大脑 优秀 管理 人群 行为 门户 优质 具有 热门 一些 市场 超过 企业 战略 大胆 火爆 互联网 年中国 程度 受关注 研究机构 生产 深层 消费 运营 制作 指导 第一次 对此 指数 情绪 以上 一个 高度 其中 阅读 人类 组成 体验 挖掘 大众 底层 基于 变革 来说 趋向 智能化 发现 既是 算法 一大 方面 亮点 挑战 机遇 今天 背后 加工 投放 控制 建立 搜索 保证 进而 扩展 总量 相似 分析 理解 扶持 互相 共同 水平 类似 看到 部分 就是 移动互联网 再次 越来越 趋于 因此 珍惜 路上 加以 制定 环节 一切 主流 支持 策略 各企业 个性化 是以 不尽 相同 这么 推行 逐步 更多 产品 多样 主张 关键 主打 一样 年在 找到 这些 产出 另外 项目 来看 部落 采访 指标 根本 间接 表示 付费 公众 的最 增值 网站 垂直 尤其 是否 已经 核心 优势 天然 在于 看出 纷纷 如今 入口 不难 战争 较大 自由 群体 个别 限于 其实 受众 余地 发挥 空间 灵活 相对 服装 她们 新鲜 加上 形式 数量 尽管 账号 暗示 产品的 元年 红利 月份 模式 本身 多人 卡西欧 此后 不必 啤酒 国际 效果 国内 这是 多个 一边 其他人 告诉 除了 动态 礼物 虚拟 深度 普及 代表性 背景 年度 包括 网易 陆续 互联网企业 合作 沟通 的减少 限度 成本 年初 最大化 最大 从而 希望 了解 争夺 服务 帮助 结合 整合 资讯 科技 财经 崛起 新兴 试图 发展 时尚 娱乐 聚集 成立 属性 大量 活跃 趋势 突出 旅游 体育 健康 八大 人才 频道 类型','1');
INSERT INTO `v9_search` VALUES('105','1','86','1487686320','2016年中国十大二维码营销应用案例发布 二维码 中国 案例 营销 付款 支付 可以 商家 方便 应用 市场 获得 共享 是否 结合 发生 吸引 同时 出行 引发 轻松 开始 一定 司机 管理 使用 客人 好评 出现 通过 服务 发布 模式 出版 推广 服务员 新书 思维 基础 政策 经历 餐饮 最新 对应 案例 媒体 看到 房屋 真的 新型 之后 进行 赞赏 集体 学会 迎来 需要 包括 手机 不明 大学生 讨论 在内 哪些 已有 机构 盛行 这里 提醒 多人 规范 商业 情况 标准 防伪 城市 方式 银行 热点 行业 项目 认可 流行 地位 消费 官方 麻烦 保护 转发 一再 介入 中国银联 交易 往往 随着 有效 电影 打击 走向 现实 国内 有力 试用 中小 公众 联合 加入 内蒙 仪式 安全 防止 启动 车辆 能够 试点 增加 正式 表明 各种 再次 优惠 他们 饭店 活动 程度 设施 地址 未来 附近 告知 群众 已开始 采用 作为 尤其 品牌 化妆品 功能 产生 价值 起到 方案 石狮 简单 用于 身份 可信 用户 编码 另外 发给 不要 受害人 要求 发送 因此 饮料 增强 不能 说是 总理 积分 一样 居住 居民 消费者 参与 告诉 必要 别人 理由 电子商务 人为 以及 问题 恶意 破坏 社会问题 清晰 盈利 投入 万辆 虽然 如此 面临 火热 国际 技师 人员 投诉 评价 等行业 关注 成为 一大 事件 甚至 各地 目前 风险投资 十大 已经 我们 身边 至少 统计 服务商 风投 超过 完全 公里 直播 除了 费用 便宜 最后 极大 建议 可能 小偷 读者 受到 家里 发现 直到 方面 移动互联网 系统 不仅 总结 微博 年中国 笑话 多万 注意 避免 收到 不过 而已 这种 属于 还是 该书 出版社 难以 激烈 支撑 智能 更多 员工 局面 品质 数量 享受 看上去 三方 一个 虚假 完成 在线 处理 所以 工业 电子 有的 实际上 外观 真实 个人 账号 真相 欺骗 经济损失','1');
INSERT INTO `v9_search` VALUES('106','1','87','1487686320','防伪溯源体系让中国人吃上安全优质好大米 大米 体系 中国人 大米 生产 开始 体系 集团 经过 管理 检验 告诉 标准 主任 进行 这种 防伪 农业 小时 介绍 记者 热闹 起来 陆续 一大 订单 国人 消费者 最后 面前 亿元 现在 升至 出现 哪个 地产 知道 排名 品种 长期 品牌 哈尔 详细 多少 价值 局长 真的 肯定 激活 不激活 办法 农民 提高 大户 企业 我们 全部 为了 接近 类似 第一 能够 建立 市政府 全国 除了 优质 安全 百姓 检测 至少 一次 加工 仓储 使用 种子 物流 通过 过程 物联网 数据 执行 国家 按照 董事长 他们 利用 继续 计划 扫描','1');
INSERT INTO `v9_search` VALUES('107','1','88','1490191980','扫码免费印照片 暗藏风险需谨慎 品牌 照片 打印 免费 公众 关注 打印机 个人 记者 后台 商家 隐私 泄露 扫描 公司 市民 不会 消费者 机器 一个 出现 通过 进行 工作人员 一家 担心 系统 姑娘 只能 来源 链接 第三方 商场 信息 完成 成都市 一些 近日 任务 谨慎 信号 等待 企业 或者 消费 一般 目前 我们 提示 提供 网友 覆盖 看到 目的 升级 自己 导致 难以 联系 运营 要么 图片 指出 是否 管理 科技 网络 男子 可能 存在 一定 才能 发现 年轻 本身 难度 情况 较大 本地 运营商 了解 成为 服务 便捷 处理 用户 获取 注意 陌生 发送 但是 上传 使用 饭店 风险 违法 密集 地方 人群 大量 吸引 纷纷 发布 在线 不明 安全 正规 选择 不断 指向 全程 受害人 特点 规范 查找 非法 不良 被动 达到 为了 盗窃 账号 监督 举报 虚拟 亟待 事前 不易 由于 形成 只有 完整 具有 传播 违法违规 使得 做到 市场 证据 审核 强化 监管 无法 实现 更新 沟通 之前 出台 提高 相关 尽量 意识 行业 新鲜 的风险 图标 事物 没有 尤其 还是 好坏 确认 提交 警惕 利益 折扣 支持 诱惑 网站 访问 官方 身份 公布 途径 轻易 不要 专门 业内人士 界定 程度 过错 专业 人士 原因 查处 这些 认定 主体 一旦 加之 责任人 发生 纠纷 责任 法律 所在 如今 不少 习惯 水平 移动 不过 功能 支付 可以 甚至 单纯 只是 不仅仅 绝对 工具 分析 朋友 实际 十分 点击 页面 看见 输入 上面 过来 数字 门口 餐饮 只要 这种 常常 面的 即可 路上 人民 然后 耐心 编辑 这时 其中 这个 总之 通过了 不知 上来 过程 出来 一会 按照 步骤 顺利 街头 传输 利器 设置 喜爱 真的 合适 专家 网络安全 深受 不仅 品牌 相应 快速 如此 提醒 互动 相片 保护 申请 收获 广州 位于 有限公司 生产商 权限 表示 私有 频繁 只需 一次 指令 不用 添加 限制 其他 顾客 清除 定时 出去 技术 严格 人员 掌握 实时 一样 其实 增加 昵称 的确 等信息 正在 虽然 随便 场合 部分 论坛 有人 发帖 公共 放心 收集 可是 一起 用途 这样 电话 更换 遇到 毕竟 根据 供应商 广告 纯属 清理 删除 不同 要求','1');
INSERT INTO `v9_search` VALUES('108','1','89','1490192040','又到一年3·15，看传统防伪企业如何转型 传统 企业 防伪 企业 传统 技术 产品 系统 数据 追溯 转型 方式 难以 这种 工艺 成为 我们 出现 快速 行业 第三方 记录 简单 信息 自然 体系 一个 国家 那么 重要 没有 话题 投入 即便 开发 打击 而言 应用 生产 商业 这些 建设 如何 合作 对于 为基础 问题 方面 遏制 发挥 作用 高一 秩序 市场经济 保护 打假 人们 规范 看到 这样 通过 冲击 接入 时间 追踪 缺乏 不是 现在 作为 流向 更新 不在 主动 不难 综上所述 看出 取代 主流 更加 结合 被动 变为 质量安全 成本 完善 昂贵 资金成本 造假 服务器 全套 模仿 不行 做好 就要 愿意 支付 消费 各个 环节 行为 融入 逻辑 因为 实在 符合 必然 出处 完成 的风险 资源 客户 另一方面 新兴 相应 存在 制约 相对 有的 缺陷 明显 提供商 一方面 制度 约束 违规行为 事实 结果 掩盖 目的 盈利 保证 客观 原因 容易 使用 平台 支持 这是 政策 继续 也就是说 鼓励 方向 还是 那个 回到 其实 给出 早已 无非 自行 推广 进行 周期 背景 更多 需要 灵活 较为 可靠 要求 形式 前面 一旦 他们 真是 潮流 大众 巨大 相关 建成 推动 热门 大小 各类 所谓 为何 随着 意见 困扰 确实 商品 中央 元年 怎么 产品质量 帖子 近日 越来越 开始 注重 地方 国家部委 特种 生产资料 设备 各种 方案 农业 药品 纷纷 组织 出台 农产品 食品 特性 过程 由于 功能 有力 源头 人士 消费者 普及 基本 专业 之下 以下 对比 发现 使得 实现 复制 标识 优势 载体 本身 依然 谈不上 空间 无线 兴起 不可 然而 正在 安全 标签 激光 代表 查询 数码 破解 已经 效果 收效甚微 可持续发展 以致 出于 发展 步伐 规模','1');
INSERT INTO `v9_search` VALUES('109','1','90','1493302500','扫码便知餐厅“前世今生” 宁波逐步推广餐饮单位二维码 二维码 宁波 餐厅 餐饮 单位 信息 推广 以及 等级 量化 透明 更为 处罚 监管 我市 市场 逐步 消费者 范围 今年 全市 餐厅 可以 行政 公开 延伸 食品 评定 公示 记者 食品安全 合格 原本 变得 监督 记录 宁波 知道 检查 今天 等信息 万科 下午 表示 广场 市场主体 加强 另一方面 落实 有利于 成熟 自律 情况 流通 更加 内容 一方面 客观 实际 了解 真实 主体 强化 美食 商业 率先 区县 全面 监管部门 计划 按照 部分 介绍 信用 透露 意识 生产 如果 评价 条件 责任 市民 普及 多年 推出 女士 获悉 背景 不少 直观 扫描 通过 告诉 看到 基本 许可 拓展 养成 习惯 此次 基础 其实 评级','1');
INSERT INTO `v9_search` VALUES('110','1','91','1493302500','扫二维码收受礼金不符合当下人情伦理 二维码 礼金 人情 婚礼 参加 现场 人情 接受 支付 符合 现在 为了 情感 可以 伦理 当下 网友 发生 却是 赤裸 现金 还是 变成 这种 方式 交易 老人 无需 时代 一个 收到 就是 尴尬 新人 变化 地方 没有 不少 北京 第一次 居然 形式 意思 祝福 这是 充满 毕竟 好处 潮流 经济的 避免 角度 后悔 网上 屏幕 受到 视频 不要 气氛 这样 的确 觉得 如此 恐怕 诸多 需要 不能 仪式 有些 氛围 生活 一下子 的方式 等等 超前 因为 其中 做法 有点 意义 随着 可能 当然 不得不 商场 以后 成为 改变 这个 已经 至少 肯定 方面 工作人员 代表 看来 其它 普遍 万事 相当 意味 另一方面 失去 一方面 更是 年轻人 虽然 认可 而且 祝贺 显然 无法 既有 提倡 现实 似乎 快乐 类似 还有 感受 乐趣 变得 主要 报道 东南 请来 银行 敬业 新娘 防止 温馨 浪漫 这不 难以 客人 结婚 人家 事实上 原本 表达 选择 感到 这么','1');
INSERT INTO `v9_search` VALUES('111','1','92','1493302560','与传统经销商对比 B2B的优势在哪？ 经销商 优势 传统 渠道 消费者 企业 数据 产品 品牌 平台 实现 分销 可以 商品 经销商 市场 消费 传统 通过 模式 帮助 高效 投放 升级 未来 需求 可能 所有 满足 终端 问题 已经 优势 厂商 促销 这些 资源 个性化 趋势 一个 有效 不同 基础 当中 新品 博弈 实时 优化 变得 有的 的竞争 价值 但是 营销 对于 时间 愿意 不仅仅 体系 只要 获取 服务 改变 来说 合适 情况 原有 不能 反馈 推出 需要 转型 完成 甚至 存量 找到 生产 行为 本质 出来 基本上 供应链 效率 更为 信息 信息化 解决 对比 销售 活动 能力 管理 价格 提供 推广 在于 所以 那个 智能化 他们 匮乏 物质 类型 就是 销量 能够 重构 系统 以及 每年 一句话 产品的 提到 包括 投入 经济 零售 购物 快速 替代 而是 效果 不是 中间商 增量 浪费 指引 一定 不到 等等 人群 周转 技术 方式 功能 年代 支撑 减少 提高 那么 整体 决策 透明化 之间 因为 调整 人工 掌握 厂家 规模化 关键 组合 协调 市场营销 动态 费用 滞后 及时 存在 手段 转移 只是 重要 并未 消失 质量 越来越 仍然 不断 用户 移动互联网 符合 生动 时代 变化 随着 购买 出现 自己 作用 成本 才能 战术 垄断 利用 激励 物理 空间 限于 方案 跟踪 特别 每日 针对 广告 及其 大量 做好 定制 有效性 竞争优势 推荐 一直 保证 时时 准确 了解 合作 进行 彻底 收入增加 层面 大多数 调度 交易 执行 产生 分享 速度 响应 非常 有着 节奏 的行动 盲目 仓储 资金 竞争 的确 中国的 之后 特色 工厂 处理 不久 相信 灵活 将来 有人 不良 推销 深度 最高 先进 很快 互联网 高效率 如果 慢慢 两个 还是 的趋势 背景 萎缩 发现 中央 采购 真正 遇阻 展现 另外 结合 自身 分析 导致 超市 不仅 形式 的数据 常常 其他 地区 战争 肯定 生意 一样 业务 一大 不错 规划 机会 评估 下单 大盘 根据 区域 针对性 进展 支付 多层 采取的 得到 个性 批发市场 细分 这种 覆盖 所有人 场景 逐步 不可 更多 转换 挑选 受到 欢迎 回归 物流 失效 手中 而且 事实上 预测 经验 已经不再 收集 渗透 次数 策略 依靠 特价 搞定 未来的 供应商 原来 广大 足够 高度 社区 同一个 碎片 适应 崛起 超过 呈现 万美元 两者 中产 简单 居住 居民 中欧 引用 商业 评论 生产者 过去 否认 无法 新产品 中国市场 在下滑 获得 降低了 大幅下降 上线 构建 新型 混合 丰富 尝试 围绕 运营 要素 三个 永远 说明 各种各样 改造 以下 模型 只能 整个 新技术 透明 单一 经营 包装 技术支持 之一 核心竞争力 一体化 正在 地点 付费 变革 便捷 最大 更加 小时 海量 至关重要 推进 实际上 什么样 多少 结果 供给 库存 每个 是以 每天 手机 打开 前提 连接 客户 商家 透明度 融合 三点 作为 一起 过多 层级 程度 多重 因素 拿到 干扰 监测','1');
INSERT INTO `v9_search` VALUES('112','1','93','1497363420','二维码营销的几大步骤是怎样? 二维码 步骤 客户 企业 可以 进行 营销 需求 信息 我们 效果 优化 步骤 测试 产品 哪些 所以 一个 麦当劳 找到 服务 第一次 能够 平台 数据 实现 扫描 这个 同时 告诉 需要 终端 科技 以后 大家 本身 比较 身份 所有 应用 识别 最好 但是 样板 上网 不停 星期 整个 达到 购买 出现 例如 一定 系统 存储 或者 地方 没有 地面 充分 利用 这种 了解 全部 关联 如何 介绍 到底 商家 知道 确定 然后 第三 挑战 更好 考虑 立刻 不好 统计 为什么 只有 包含 匹配 有没有 怎样 准备 分为 尽量 产生了 多少 比赛 尤其 生成 报表 采集 相关 支撑 由于 以上 深入 认识 更加 希望 就是 关于 方案 一样 建立 成熟 提升 空间 期间 这样 网络 才能 方法 一直 之后 简单 重要 产品的 过程 连接 成为 甚至 成本 这么 首先 覆盖 门口 哪里 顾客 花钱 只是 自然 密码 获得 商城 后续 手机 打开 折扣 养护 事情 不仅仅 表达 重点 汽车用品 之外 什么样 除了 集中 具体 不要 马上 现在 今天 业务员','1');
INSERT INTO `v9_search` VALUES('113','1','94','1497449820','二维码防伪你了解多少？ 二维码 防伪 市场 商品 消费者 产品的 我们 知道 产品 即可 可以 建立 手机 了解 严重 同样 发展 问题 发达 一个 如今 蓬勃 但是 时期 密码 处在 经济发展 标识 一些 利用 快捷 我国 缺乏 方便 造假 规范 从而 购买 公司 标签 还是 信息 容易 有效 假冒 由于 能够 科技 因此 厂家 不管 制造业 打假 措施 原理 完善 作用 安全 通过 生成 加密 达到 放心 系统 一一 监督 各地 技术 采用 杜绝 另外 局限性 不易 识别 进入 流通 介绍 希望 广大 就是 内容 环节 以上 批量 传统 中心 加深 数据库 以及 存在 设置 唯一 同时 可靠 扫描 突破 只需 全国 注重 功能 关于 大家 话题 今天 优势 安全性 以下 共有 重要 越来越 泛滥 危害 正是 多少 是由 制造商 利益 状态 成为 控制 合理 所以 为了 现在 只要 管理 找到 出现 投资者 两者 袭击 难免 生活 之间 联系 想法 就是这样 或许 品牌 推广 非常 到底 真是 名称 生产 沟通 渠道 知名度 增加 自身 时候','1');
INSERT INTO `v9_search` VALUES('114','1','95','1497449880','二维码营销的几大模式是怎样? 二维码 模式 营销 应用 阅读 模式 服务 智能手机 提供 运营 社交 网络 电子 可以 工具 购物 随着 普及 媒体 参与 互动 加之 成本 在中国 具体 条件 背景 具备 爆发 重视 能够 目前 可用于 信息 扫描 大众 最近 大家 是以 移动 软件 各种 包含 检查 安装 由于 执法 付款 查询 防伪 载体 的公司 为主 手机 巨大 必将 存储 作为 票务 消费 凭证 支付 电子交易 打折 快捷 就是 我们 科技 以上 这种 进入 相关 方便 介绍 关于 了解 深入 更加 希望 帮助 只要 崛起 改变 人们 习惯 众所周知 十分 使用 网址 编辑 在手 极大 用户 多种 功能 例如 代表 主要 微博 来看 层面 场景 怎样 分为 带来 便捷 成为 众多 公司 依托 此类 整套 解决方案 未来的 之后 登录 实现 消费者 制作 商家 商品 物品 检验 一个 提高 关注 创造 体验 好玩 的操作 机会 范围 客户 票证 比较 比如 购买','1');
INSERT INTO `v9_search` VALUES('115','1','96','1497536280','一物一码的发展趋势是怎样？ 一码 趋势 营销 的发展 消费者 智能化 如今 模式 消费 趋势 企业 场景 已经 从而 随着 商家 通过 智能 促销 一切 时代 可以 连接 进行 数据 产品 我们 以及 人们 实现 分布 自动 能够 市场 激烈 竞争 实时 生活 效果 不利于 诉求 传统 当然 难以 满足 心里 由于 多样化 社会 怎样 客户 越来越 走向 社会发展 沟通 用户 使得 的到来 重复 人群 地域 不同 针对性 收集 购买 布局 针对 无可 产生了 面向 正是 轻松 做到 作用 相信 更多 便利 带来 普及 以后 更加 经销商 代理 年龄 区域 包括 分析 在内 的数据 或者 相应 综合 一个 汇总 得出 足够 大家 讲述 科技 接下来 有关 到底 的趋势 同样 最大化 但是 达到 营销策略 调整 技术 三者 起来 流通 平台 利用 迅猛 发展 互联网 需求 碎片 品牌 遍及 食物 群体 互动 庞大的 安全 周围 感知 用途 存在 视觉 可能 形成','1');
INSERT INTO `v9_search` VALUES('116','1','97','1497536340','如何做好二维码营销工作？ 二维码 手机 我们 必须 营销 网页 网站 移动 扫描 用户 科技 一个 需要 如何 顾客 地方 大家 不会 内容 提供 文字 信号 覆盖 打开 没有 设备 电脑 就是 例如 介绍 如果 屏幕 不是 简单 所以 如今 生活 知道 复杂 带来 便利 建议 注意 这里 发挥 他们 做好 满足 准备 停留 流量 地点 合适 喜欢 公交 放在 原则 场地 场所 适合 清晰 认为 可能 哪里 维度 休闲 车站 关闭 表明 分类 以上 关于 根本 教程 浪费 宝贵 时间 想要 因素 完成 接下来 营销活动 更好 才能 只有 这些 应用 调查 除了 以外 任何 出来 此外 餐厅 电影院 排队 效果 电梯 但是 不要 详细 排除 提示 可以 平台 解决 问题 售后 吸引力 足够 价值 理由 优惠 以及 已经 吸引 建立 信息 大量 阅读 工作 期待 等待 等内容 简洁 链接 微博 类型 大小 不能 万事 探索 立即 找到 不想 目的 记住 明确 浏览器 不同 居然 桌面 无法 结果 还有 机会 页面 并且 适应 快速 优化 专业 提供商 心理学','1');
INSERT INTO `v9_search` VALUES('117','1','98','1497709140','增加二维码营销扫描率的几个关键点是什么？ 二维码 关键点 扫描 消费者 内容 说明 情况 里面 增加 问题 大家 营销 我们 黑白 除了 那个 体验 实体 地方 这样 一个 链接 大街 就是 艺术品 需要 必须 想要 条码 今天 还有 社交 媒体 获得 只是 科技 传播 而是 这里 因素 希望 营销活动 企业 确保 实际 关键 如果 一样 告诉 方式 推广 帮助 知道 取得 能够 应该 注意 带来 优良 可以 可能 根本 其实 可怕 衍生 不到 成功 包含 大小 与否 解析 例如 所有 放到 同一个 关于 以上 适合 介绍 名片 之后 上面 因为 广告 之所以 世界 像是 有关 说说 兴趣 进而 出现 误导 避免 才能 事先 浏览 购物 看到 网页 很少 论坛 做好 应用 设计 因此 更多 了解 东西 出来 确定 其中 那种','1');
INSERT INTO `v9_search` VALUES('118','1','99','1497709200','一物一码能给品牌带来什么？ 一码 品牌 营销 企业 数据 品牌 消费者 越来越 利用 公众 活动 可以 使用 互动 积分 我们 内容 带来 之后 手段 多元化 呈现 能够 随着 技术 正是 特性 市场 起到 作用 很大 高效 保持 原因 同时 方式 展示 产品 组合 进行 不仅 实现 拓展 可以通过 提供 查询 渠道 传播 提出 纷纷 因为 广泛 行业 频率 这种 行为 互联网企业 革新 引发 结合 防伪 大家 营销活动 周期 科技 应用 产品的 认知 知名度 经销 系统 分销 实惠 三级 迅速 低价 心理 招募 分享 创新 销售 过程 管理 个性化 商品 方案 追溯 在内 更多 便利 生活 以后 整合 解决方案 包括 想要 实时 后续 优化 还是 用户反馈 不仅仅 无论 调整 支撑 市场营销 基于 由于 策略 依据 通过 主动性 平台 当中 聚集 就是 赋予 提升 长期 比如 自我 功能 接下来 所以 概念 公司 说说 影响 哪些 存在 之中 关键 普通 除了 关注 数量 工具 以及 达到 效果 折扣 优惠 科学 取消 结束 不同 场景 拥有 途径 丰富 形象 的方式 增加 然而 现场 推广 目的 抓住','1');
INSERT INTO `v9_search` VALUES('119','1','100','1497882000','你是否真的了解二维码防伪溯源系统？ 二维码 系统 商品 防伪 系统 产品 信息 这些 我们 消费者 完成 问题 原理 经过 可以 身份 从而 每个 过程 追溯 大家 就是 相信 使用 担忧 是否 扫描 出现 由于 关键 如今 假冒 环节 日益 泛滥 为了 的安全 正是 保密 不断 企业 电子 物流 一个 解决 商家 出售 开始 了解 科技 认识 等信息 即可 增加 收集 通过 区分 查询 流向 采购 分销 只需 轻松 终端 进入 功能 保证 对此 以上 介绍 之后 应该 更深 严厉 标识 特殊 监控 网络 具有 网点 事务 各个 讲述 公司 接下来 怎样 那么 真的 你们 到底 又是 这个 存储 日期 获得 模式 不只 放心 分配 难题 处理 办理 质量 特性 加密 控制 明确 痕迹 记录 职责 独立的','1');
INSERT INTO `v9_search` VALUES('120','1','101','1497882060','二维码防伪溯源的重要不言而喻 二维码 消费者 防伪 不断 企业 重要 建立 产品 信息 我们 可以 互联网 技术 品牌 同时 尤其 市场 人们 对于 如今 进行 监管 众所周知 有效 体系 来源 保障 有关 安全 大家 更加 越来越 生活方式 以及 饮食 方式 出行 水平 提升 习惯 方面 解决 查询 通过 科技 变化 发展 接受 手机 认证 扫描 大多数 保护 功能 措施 其实 社会公众 不难 监管部门 方便 责任 看出 一直 之一 依据 判断 目前 一座 问题 一个 才能 作战 监督管理 协同 市场环境 以上 由此可见 重要性 所在 介绍 一些 就是 普及 桥梁 沟通 不但 有利于 推广 系统 采用 流通 给予 产生 搭建 之间 政府 更是 帮助 产品的 基础设施 接下来 快速发展 那些 因为 同样 购物 消费 网络 现在 所以 注重 健康 身体 危害 许多 加强 改进 组成部分 战略 国家 制度 利用 产品质量 追溯 识别 物联网 载体 交换 核心 发展成为 标识 成为 手段 管理 精确 物品 形成','1');
INSERT INTO `v9_search` VALUES('121','1','102','1497968460','企业实施一物一码需要考虑方方面面的问题 一码 方方面面 问题 我们 企业 考虑 需要 问题 产品 大家 促销 科技 所以 实施 没有 营销 专业 方面 面的 如何 品牌 能够 如今 希望 还是 对于 积分 或者 技术 及时 系统 防伪 以及 提高 不能 时候 目前 终端 供应商 已经 活动 接下来 逐步 同时 消费者 就是 但是 销量 展开 主要 隐藏 基本 必须 矛盾 发现 费用 地方 又是 容易 放在 二者 相互 应用 完善 这方 存在 兴趣 内容 如果 需求 欢迎 工作人员 解答 咨询 进行 随时 介绍 继续 大概 有关 只是 今天 工艺 的最 基础 带来 这些 重要 帮助 当然 到底 过程 公司 满足 方方面面 导致 项目 非常 案例 这个 目的 家企业 毕竟 产生 利润 那么 动力 不管 自己 大多数 选择 能否 前期 首先 提升 认为 的竞争 市场','1');
INSERT INTO `v9_search` VALUES('122','1','103','1497968520','如何利用二维码营销来增加粉丝数？ 二维码 粉丝 设计 越来越 活动 应用 产品 图片 可以 互动 如何 转化 成交 地点 放置 提高 实现 智能 终端 企业 快速 用户 介绍 产品的 客户 推广 创意 利用 商品 目的 能够 提供 聚焦 毫无 实在 这个 开发者 不过 目光 如今 销售 大家 营销 增加 带来 人员 目标 及时 各种 最新 平台 了解 帮助 通过 相关 掌握 或者 消费者 的数据 信息 途径 同时 详细 拍摄 加入 真正 广告 宣传 自己 海报 有效 关于 我们 就是 出现 科技 重点 最终 知道 对应 即可 过程 希望 只需 以上 购买 页面 虚拟 资讯 更多 智能手机 普及 随着 大量 当然 代码 现在 最高 发挥 余地 这么 诞生 看到 吸引力 那些 广泛 尤其 这样 不同 物体 色彩 用途 多元化 识别 整合 上线 进行 拍照 本身 可以通过 在线 地方 禁忌 商家 美化 重要 更加 商业 变得 从而 达到 说是 内容 扫描 吸引 如何利用 随之','1');
INSERT INTO `v9_search` VALUES('123','1','104','1498054980','实施一物一码对快消企业有什么益处？ 一码 益处 企业 消费者 促销 企业 手机 我们 实施 发生 品牌 流失 进行 策略 回收 营销 由于 模式 主流 分类 至今 变化 更多 行业 还是 随着 为止 一些 并且 同时 国内 体系 有奖 形成 盛行 便利 各种 环节 产生 费用 凭证 包装 投放 促销活动 问题 奖项 印刷 严重 推荐 喜欢 感知 始终 重复 力量 解答 满意 预警 互动 实行 即将 消费 不可 过程 内部 流程 你们 更好 许多 帮助 通过 快速 会员 之前 产品 关于 以后 日子 相信 描述 知识 无法 技术 越来越 如果 了解 想要 带来 广泛 应用 活动 带给 类型 工作人员 专业 不同 防止 大家 咨询 使用 忠诚 由此可见 欢迎 方式 结合 科技 有效 先进 移动互联网 出行 吃饭 进步 社会 的发展 兴起 心中 浪费 需要 中间 低下 固定 效率 引发 这些 致命 过多 投入 人力 住宿 娱乐 个月 转变 拥有 短短 数据 一家 没有 一个 流量 百万 截然 活跃 高出 阅读 篇文章 随意 成功 比较 正在 考虑 关系 事项 支付 几乎 所有 如何 建立 逐渐 尝试 转型 他们 试点 着手 开始','1');
INSERT INTO `v9_search` VALUES('124','1','105','1498054980','掌握这几个渠道帮助你活用二维码营销？ 二维码 渠道 营销 渠道 下载 企业 微博 扫描 看到 用户 即可 不是 成为 可以 网址 或者 手段 之前 需要 应用 百科 名片 宣传 大家 营销活动 思考 手机 认真 账号 而且 自己 识别 时候 人员 效果 方式 输入 推广 产品的 参加 通过 帮助 起到 使用 广告 软件 任何 销售 我们 科技 消费者 助手 再也 智能手机 载体 麻烦 现在 只要 来说 变得 角度 运营 产品 迅速 不用 短信 已经 有关 来看 轻松 活动 以上 不想 那些 满足 就是 介绍 带来 更好 进行 能够 希望 举行 信息 众多 下面 加上 搜索 必备 之一 获取 相关 这个 一个 建立 百度 网页 时尚 利器 火热 掌握 利用 强大 官方 目前 增长 衔接 提供 传播 认知 众所周知 达到 并且 注册 如今 用户数 发布 礼品 一些 包装 出现 广泛 网站 转化 生成 哪些 地址 不仅 效应 眼球','1');
INSERT INTO `v9_search` VALUES('125','1','106','1498227780','二维码防窜货追溯系统是什么？ 二维码 系统 系统 信息 产品 商品 可以 我们 消费者 追溯 支持 扫描 进行 企业 防伪 平台 掌握 营销 实时 追踪 接入 详尽 产品的 渠道 认证 功能 相应 身份 准确 操作 管理 灵活 这是 商家 经销商 普通 手机 更好 包含 利用 出来 已经 城市 可见 不是 购买 如今 全面 看见 这个 然而 购物 带来 同样 分配 更加 唯一 一个 体验 安全 关系 过程 建立 便捷 环节 包装 并且 同时 直接 设备 通过 输入 提高 质量 采集 产品质量 这样 流入 销售市场 大大 避免 的损失 任意 跟踪 信誉 经济 以及 假冒 防止 反馈 帮助 需要 对应 盈利 记录 不仅 物流 有效 正是 等产品 经销 地点 详细 一体 有关 那些 大家 科技 接下来 所在 发现 原本 数据 相关 获得 应该 放到 所以 重要性 行动 判断 用户 大量 所谓 实际上 满意度 指数 可视 全盘 单一 销量 问题 快速 分销 层次 及时 库存 精细 特点 标签 三大 包括 主要 集合 全能 根据 网站 优势 公众 模块 需求 选择 流通','1');
INSERT INTO `v9_search` VALUES('126','1','107','1498227840','二维码防伪溯源的特点有哪些？ 二维码 特点 防伪 商品 查询 标识 一个 使用 消费者 可以 特点 系统 产品 唯一 越来越 假冒 编码 认证 即可 产品的 就是 一次 打假 数码 准确 我们 管理 标签 成本 非常 识别 网络 大家 判断 只需 企业 能够 通过 号码 及时 各种 如今 随着 随之 广大 商人 所以 重视 泛滥 那么 社会 出现 当然 哪些 的发展 统一 全国 监控 随时 建立 全国性 电话 任何 条码 激光 增加 利用 种类 可用于 统一性 遍布 一经 扩大 范围 以上 由此 享有 合法 所有人 科技 介绍 知识 更多 了解 希望 帮助 处理 技术 揭开 破坏 常见 只能 一般 情况 从而 物品 服务中心 特殊 其它 授权 一次性 包装 来源 次数 根据 时间 电话号码 地区 线索 通知 提供 包括 信息 下来 相关 记录 进行 执法 部门 方便 赋予 扫描 手机 如同 却是 制作 复制 一样 身份证 技巧 专门 提高 极大 造假 打击 能提高 无需 学习 便于 信誉 知名度 简单','1');
INSERT INTO `v9_search` VALUES('127','1','108','1463495100','透云科技赋码管理新平台上线 新平 科技 科技 营销 平台 品牌 数据 产品 管理 消费者 通过 国际 上线 领导者 功能 生成 营销活动 积分 行为 流通 帮助 饮料 超过 商城 渠道 专业 智能 以及 分析 提供 报表 实现 最新 企业 宣布 以下简称 物联网 有限公司 信息 可以 防伪 掌握 仓储 商品 互动 评估 的数据 定义 不同 市场营销 根据 账户 创建 创意 方案 规则 记录 使用 兑换 效果 每个 安全 高效 全面 依托 组建 专家 共同 物流 连接 国内 双向 解决方案 经验丰富 研发团队 集团 健康 其中 亿元 成功实施 千万 来自 自己 成立 关于 现金 活动 年来 博览 中心 服务 举行 展台 同时 基本 数字 实时 产品的 独特 自助 正式 整个 过程 分销 行业 有限 即便 哪些 手里 何时 单位 先生 首席执行官 做到 真正 方式 建立','1');
INSERT INTO `v9_search` VALUES('128','1','109','1463754300','透云科技推出果蔬产业\\\"一果一码\\\"溯源营销解决方案 一码 果蔬 解决方案 果蔬 营销 消费者 科技 解决方案 产品 数据 品牌 帮助 互动 贸易商 领导者 产业 生产 获得 推出 专业 防伪 技术 信息 查询 借助 提供 方案 今天 召开 博览会 背后 之际 加强 草原 成功 生成 事实 基于 说话 知名品牌 真正 加密 这个 扮演 桥梁 沟通 角色 世界 千亿 支持 确保 领先 搭建 持续 仓储 全面 企业 平台 物流 连接 国内 双向 上线 高效 安全 来自 成立 认可 必须 研发团队 经验丰富 依托 组建 共同 专家 完全 促销活动 参与 同时 积分 活动 深入 分享 社交 运输 种植 通过 扫描 了解 从而 主动 故事 到货 标签 建设 打下 产品的 质量 基础 而言 市场 表示 先生 首席执行官 身份证 唯一 不仅 信任','1');
INSERT INTO `v9_search` VALUES('129','1','110','1463754360','上海透云科技荣膺中国搜索“十大创新企业奖” 上海 中国 科技 营销 企业 科技 消费者 品牌 互联网 产品 中央 技术 活动 解决方案 搜索 可以 帮助 提供 时代 同时 更好 创新 利用 他们 信息 沟通 一个 平台 传统 作为 产业 通过 流通 的数据 得到 方式 全新 营销活动 满足 需求 模式 互动 追溯 防伪 仓储 物流 奖品 全面 获奖 行为 发表 设置 先生 依托 首席执行官 圆满 七大 指导 能量 进行 十大 落幕 电视台 领导者 数字 新华网 人民网 媒体 举办 联合 阿里巴巴 话费 支付 优化 移动 合作 文化传播 管理 对话 服务 监管 带来 附加 价值 保险 随时 根据 移动互联网 专业 上线 双向 云计算 身份证 商品 赋予 连接 成为 计划 合作伙伴 案例 实现 国内 大规模 运用 致力于 关于 参与 并且 实时 跟踪 吸引 多种 生产者 电子 兑换 以及 分析 评估 效果 生成 功能 数据 报表 实物 被动 不同 主要 更加 希望 限于 与此同时 属于 自己 故事 能够 手段 探索 三者 完全 间隔 话题 整个 过程 一家 渠道 购买 选择 要求 变得 对于 产业升级 带动 随着 市场 宣传 了解 建设 内容 大多 已经 不能 集中 一直 互联 进入 阶段 秉承 关系 用户 商业 加速 形成 为中心 而是 话语权 经济 只是 宗旨 打造 不再 生产方式 组织 获得 年度 表现 还有 腾讯 如何 华为 卓越 凭借 渗透 深刻 改变 相互 表示 推动','1');
INSERT INTO `v9_search` VALUES('130','1','111','1463754360','透云科技“一物一码”互联网+时代食品安全管理 一码 安全管理 互联网 食品 企业 互联网 消费者 食品安全 体系 追溯 信息 需要 建立 销售 时代 成为 通过 营销 可以 生产 产品 传统 科技 了解 针对 过程 如何 实现 安全问题 完善 技术 同时 监管 然而 这个 自己 解决 他们 帮助 营销活动 防伪 民众 最大 模式 主要 还是 信任 巨大 就是 源头 政府 潜力 消费 购买 实时 环节 放心 解决方案 流通 透明 逐渐 事件 作用 提供 需求 渠道 介入 近年来 追踪 生产经营 完成 参与 分支 直接 可以通过 产业链 随着 一个 我们 生产能力 市场 原料 做到 世界 来源 不明 我国 污染 运输 品质 保障 重要 重点 社会 问题 只有 如今 有效 安全 方向 接口 覆盖 控制产品 监控 原材料 产品的 满足 背后 手机 只需 故事 电子 先生 首席执行官 的发展 难以 技术支持 安全性 操作 局限性 简易 认为 而言 利用 说话 获得 想要 产生 行为 事实 必须 此外 对于 不了 没有 来说 它们 一味 继续 哪里 人人 根据 分析报告 真实 受众 分析 进行 客户 拓宽 分布 新技术 启用 各个 确保 购买的 声誉 销量 扩大 控制 系统 信赖 专业 出发 背景 应该 更好 改进 平台 除了 身份证 全程 便捷 生产管理 更加 科学 云计算 强大 凭借 移动互联网 的数据 在云端 存储 全部 相应 品牌 形成 管理 各类 互动 终端 在线 数据 当今 国家 鼓励 采用 手段 信息化 着力 内容 其中 加强 治理 切实 强化 采集 认知 大多数 目前 依赖 降低 使得 特点 的趋势 全世界 说明 充分 健全 运用 质量安全 提高 颁布 原因 国人 总理 旗帜 两会 周期 元素 危机 产生了 大米 化学 鲜明 提出 健康 生活 正常 良心 权益 国务院 国民 保证 进一步 产业 产业升级 快速 东风 生产商 对话 敢于 催化 的竞争 才能 市场占有率 越来越 行业 整个 仓储 明确 每个 开启 阶段 多个 生产过程 记录 展示 真正 因为 以往 内部 事实上 不是 新鲜 一般 事物 给出 诉求 放到 不仅 生态 网上 的空间 还有 非常 这样 城市 无论 通道 地区 受到 网络 挖掘 为基础 考虑 乃至 为了 话题 课题 代表 角度 想到 衍生 新型 谈论 条件 时候 缺乏','1');
INSERT INTO `v9_search` VALUES('131','1','112','1463754420','透云科技荣膺年度中国互联网+行业创新企业奖 中国 互联网 年度 品牌 消费者 互联网 互动 企业 营销 科技 消费 创新 产生 销售 平台 时代 个性化 工信部 需求 沟通 这些 不同 可以 终端 之后 管理 智慧 数据 连接 市场 直接 形成 进行 传统 同时 中小 建立 促进 产业 配送 他们 模仿 自己 推动 研究院 产业发展 模式 中心 相关 单位 分析 赛迪网 防伪 帮助 主办 追溯 承办 商品 提升 共同 提供 个性 满足 实现 随着 对于 购买 行业 年度 活动 信息 与其 利用 渠道 如何 互联 可以通过 作为 北京 扫描 带来 体验 便捷 快速 通过 路径 产品 自有 其他 更具 实时 支付 媒体 社交 价值 记录 有的 登录 第三方 界面 痕迹 留下 吸引 功能 厂商 所以 价格调整 还要 最为 才能 层面 广义 来讲 服务 只有 真正 为此 系统 顺应 提出 更多 理念 订单 激励 执行 准确 物流 却是 接触 产品的 上线 时候 冲动 这样 特别 产品设计 偏好 优化 深度 最终 做到 一个 还是 障碍 在线 目前 面对 创意 爆炸 走进 实体 捕捉 为中心 那么 瓶颈 应该 打破 现状 陷入 逐渐 变得 要求 营销活动 已经 不能 首席执行官 先生 商业 生产方式 加速 用户 始终 关系 方式 组织 相互 表示 渗透 深刻 改变 选择 产业升级 凭借 首创 卓越 表现 更好 应用 落幕 中小企 中小企业 大会 圆满 一直 探索 依托 宣传 经济 带动 集中 大多 手段 话题 主要 建设 内容 市场营销 民族 背景 性别 根据 感受 内心 文化 阶层 提高 生活水平 不再 来自 社会 理性 多个 技术 热点 人们 增长 解决方案 整合 一家 致力于 打造 借助 在内 过程 旨在 结合 包括 方案 生态 基于 心理 大家 看到 别人 大幅 能力 资产 不断 行为 完善 持续 获得 壁垒','1');
INSERT INTO `v9_search` VALUES('132','1','113','1463754480','透云科技助力糖酒品牌打造新型消费者生态圈 糖酒 生态 消费者 品牌 消费者 互动 年轻 可爱 企业 科技 消费 产生 他们 生态 个性化 商品 成都 群体 提升 价值 个性 从而 年轻人 为了 通过 营销 利用 平台 快速 这些 建立 核心 最为 自由 对于 如何 整个 联系 获得 文化 传递 增加 直接 进程 社交 媒体 创新 分析 提供 扫描 沟通 技术 产品 一直 与其 能力 流量 有效 专业 这个 参展 观众 中国的 巨大 开幕 进行 交易会 打造 全国 世纪 今日 国际 结合 销售 包括 市场营销 方案 受众 之后 营销策略 着力 资产 数据 过程 开启 体验 实时 推动 产品设计 偏好 需求 捕捉 不同 优化 解决方案 最终 追溯 防伪 深度 在内 互联网 整合 管理 首创 致力于 应用 带来 作为 赋予 借助 边界 之间 既有 机制 意愿 提高 参与 以及 重复 大大 门槛 方式 为中心 奖励 手机 赢取 持续 分享 购买 购买的 定制 改造 夏季 即可 完善 免费 情侣 事件 基于 百万 发起 不断 行为 更为 路径 大约 目前 加上 部分 能量 共识 主力 几乎 所有 商家 已经 行业 来说 一代 组成部分 无疑 隐藏 工作岗位 队伍 接近 背后 未来 潜力 今年 会上 讨论 重心 洽谈 合作 新型 展示 交易 大会 主题 力量 在中国 市场 社会 论坛 希望 以此 探讨 值得 深思 界面 留下 痕迹 有的 登录 壁垒 便捷 可以 吸引 记录 同时 连接 更具 实现 支付 可以通过 其他 自有 第三方 属性 心里 崇尚 年代 出生 一个 相对 开放 现代 心理 与众不同 环境 周围 我们 需要 感觉 其他人','1');
INSERT INTO `v9_search` VALUES('133','1','114','1463754540','透云科技自建第三方公共服务平台：抢滩千亿市场 公共服务 第三方 市场 物联网 我们 科技 一个 企业 物品 技术 食品 市场 通过 记者 但是 可以 系统 商品 识别 身份 周报 时代 监控 追溯 防伪 第三方 主要 消费者 标签 落地 产品 还是 唯一 食品安全 电子 同一 告诉 生产 信息 包括 直接 看来 可能 数据 其实 质量安全 考虑 目前 产品的 手机 日期 千亿 他们 不少 应用 公共 之间 质量 进行 其中 最为 空间 保证 仅仅 一些 能够 找到 哪怕 了解 先后 做到 内部 基于 不能 头上 目标 特定 具体 腾讯 扫描 更多 设计 效果 部门 鉴别 区别 平台 这些 千万 与此同时 实现 构建 基本上 结合 只是 话题 国内 使用 那么 关心 巨大 比较 成本 而言 类似 此前 搭建 功能 信心 国人 始终 显示 因为 立即 风波 一道 甚至 譬如 经销商 垃圾 身份证 一旦 面包 所有 事件 修改 提供 花费 单元 程序 整个 大门 尽管 打开 没有 用于 管理 当时 披露 才能 如此 鸡蛋 现实 完全 一两 只有 需要 便捷 因素 前者 最少 后者 每年 大量 服务于 这样 社会 诸多 尝试 明显 问题 资金 业内人士 公众 省份 反之 生产厂家 无论 上传 无权 如果 原则 人和 特点 某些 一样 随意 自身 要是 引进 公司 客户 人才 股上市 日程 的计划 事实上 规模 这个 至少 以上 未来发展 对于 屏幕 面的 希望 弊端 使用效率 监管部门 互动 清楚 各种 简单 有效 首先 克服 激光 传统 电话 发现 对此 诉求 合作 案例 回应 认真 以此 质量问题 投诉 经济 可以通过 同样 开放 开始 智能 超过 挖掘 设备 工程师 典型 真实 橄榄 内蒙 国家质检总局 系列 上海市 委员会 农业 很大 普通 的最 之外 门票 超市 销售 即便 居民 一般 最小 最大 情况 大多 除了 实际 以及 合作伙伴 方向 公共服务 就是 立体 全产业链 表示 专访 打造 解决 比如 方案 接受 总裁 源头 体系 生产过程 实时 有限公司 严控 同一个 提出 概念 感知 之后 发展 经历 自从 起来 连接 众多 范围 历程 真正 副主任 咨询 博士 之所以 学会 会上 日召开 项目 第五届 大会 博览 国际 接触 年起 着眼于 一直 筹建 发明 获得 介绍 承担 完美 手段 大部分 厂家 换句话说 类型 专利 作为 相关 电讯 无需 建立 光学 机械 无线 要素 关键 选择','1');
INSERT INTO `v9_search` VALUES('134','1','115','1463754540','透云科技发布最新消费者扫码白皮书 白皮书 消费者 科技 消费者 科技 应用 认为 商品 创造 成为 交互 品牌 发布 意愿 活动 价值 提升 时代 万物 互联 主动 互动 可以 经历 每月 愿意 周围 分享 他们 基于 信息 商家 行为 购买 调研报告 论坛 创新 发现 今日 希望 包装 入口 通过 调查 领导者 推荐 选择 积极 消费 影响 能力 休闲 食品 农产品 经常 身边 朋友 降低 不够 激励 赋予 有益 市场营销 领域 有的 场景 开发 海报 媒介 帮助 高度 共享 商业 传播 即时 实时 记录 我们 经由 表示 不再 只是 增强 日益 或者 流失 的影响 客户 成本 市场份额 新一 销售 刺激 方式 开展 促销 公司 进取 问卷 结合 进行 城市 本次 调研 在中国 定性 定量 必要 采用 经济效益 产生 研究 作为 正在 围绕 最新 产品的 决策 做出 服务 情况 购物 企业 集中 其次 主要 渠道 战场 获取 产品 个性化 友好 自信 潮流 增加 值得 信赖 搜索 甚至 定制 印象 经验 商场','1');
INSERT INTO `v9_search` VALUES('135','1','116','1463754600','透云高能玩转亚太地区最具行业影响力盛会FBIF 云高 盛会 影响力 嘉宾 影响力 信息 科技 还有 论坛 行业 时代 互动 设计 作为 客户 了解 可以 创造 扫描 下载 商品 通过 应用 成为 万物 互联 演讲 帮助 吸引 今天 创新 落幕 日电 包括 可口可乐 圆满 百事可乐 记录 实时 价值 行为 即时 媒介 共享 传播 高度 商业 有益 希望 赋予 我们 经由 入口 开发 基于 领域 品牌 市场营销 场景 有的 不过 惊喜 下方 之一 的公司 运用 系统 大家 自行 获取 内容 已经 目前 交互 截至 展会 最先 每人 一个 与会 协助 这个 知道 餐饮 据说 以及 安排 自己 会议 新一 陆续 参与 咨询 不失 管理者 邀请 发表 互联网 接受 简约 视频 黄金 腾讯 风采 位置 除了 大方 展台 优雅 拥有 这次 合作伙伴 营销 只是 中粮 成本 不再 康师傅 方式 国际 销售 提升 市场份额 刺激 促销 开展 表示 不说 百强 主动 现场 生产商 主题 提问 全球 进一步 走进 在场 完美 解答','1');
INSERT INTO `v9_search` VALUES('136','1','117','1463754720','透云科技亮相中食展，“一物一码”应用获企业青睐 一码 科技 企业 消费者 企业 信息 可以 科技 他们 食品 营销 作为 品牌 个性化 应用 已经 需要 产生 产品的 安全 控制 沟通 建立 连续 帮助 提升 市场 创新 进行 需求 加密 基于 互联网 食品安全 一个 透明 海量 提供 产品 我们 广告 真诚 对话 喜欢 产品质量 同时 随着 青睐 越来越 活动 最大 中心 专业 国际 博览 饮料 举办 十七 迎来 展览会 通过 亮相 防伪 用户 据此 从而 体验 商品 之一 源于 直接 话题 关心 可谓 大家 赋予 并且 可以通过 会员 积分 互动 累计 展开 数据 开展 价值 连接 带来 丰富 多样 维护 近年来 营销活动 产生了 可靠 置于 平台 编码 规则 传达 能力 拥有 生成 客户端 识别 采用 国际标准 金融 级别 防御 机制 身份 处理 等级 每个 独立 经过 忽视 不可 重要 尤为 技术 储存 发送 显得 因此 事件 民众 信任 危机 实时 追踪 这个 标准 不仅 打开 信赖 供应链 原料 生产 包装 检验 广泛 业内人士 受到 龙头企业 交互 正在 参与 完成 习惯 经济效益 行业 控制产品 盛大 包装设计 团队 促销 一切 解决方案 先生 表示 过去 带给 支付 好评 优势 取得 面对 不断 升级 竞争 开始 运营 企业战略 全面 重视 以便 日常 变革 查询 力量 与会 人员 推动 公关 新闻媒体 为中心 重点 购买 来自 原因 行销 要求 销售 主张 一代 除了 单纯 只是 简单 迎接 运用 关键 之外 情感 为了 或是 满足 时代 借助 因为 观众 现在 下去 这样 但是 今天 领导者 无法 获得 参展 飞速 移动互联网 发展 进入 全球 变成 过滤 自己 地区 个国家 了解','1');
INSERT INTO `v9_search` VALUES('137','1','118','1463754780','透云科技亮相美博会，一物一码助力品牌将美无限传递 一码 品牌 科技 消费者 品牌 他们 营销 企业 需要 可以 信息 美容 活动 科技 市场 需求 通过 产品 博览会 届中 产品的 作为 随着 越来越 一些 广告 时代 进行 为了 提供 个性化 安全 一个 建立 思维 沟通 产生 善于 利用 帮助 用户 美的 问题 吸引 传递 应用 专业 解决方案 更多 数据 互联网 营销活动 实时 地区 个国家 更加 产品质量 来说 整个 对于 自己 场景 价值 购买 创新 同时 从而 提升 厂商 无限 业绩 连续 会员 增加 代表 日常 没有 不仅 因此 正在 盛大 防伪 传统 超过 博览 资源 规模 但是 实现 解决 开幕 化妆品 规格 加密 最高 最大 原因 零售 一边 直接 开始 了解 希望 个性 体验 国际 中心 参与 实施 情感 忠实 除了 积分 顾客 大部分 话费 提高 稳定 长期 众多 竞争力 满足 培养 或是 单纯 反馈 商品 尊重 锁定 赋予 连接 受到 关键 切换 位置 我要 变成 开展 丰富 简单 对话 商城 流量 只是 实际 移动 多样 升级 能够 更具 之外 详细 不可 打开 标准 这个 忽视 拥有 识别 客户端 生成 亮相 详情 信赖 供应链 检验 从此 咨询 认真 能力 传达 身份 处理 经过 金融 机制 防御 级别 独立 每个 平台 可靠 置于 编码 规则 等级 国际标准 采用 包装 生产 工作人员 人士 脸上 迫切 极为 令人 据此 促使 激励机制 分享 的影响 海量 最后 心理 产生了 技术 储存 原料 追踪 发送 真诚 声誉 透明 显得 基于 重要 尤为 兴趣 参观 采购 聚合 前来 无法 时候 选择 并且 完善 世界 代言人 如今 全球资源 细分 再次 模式 期间 经济效益 万人 展会 完成 预计 查询 支付 交互 接受 保持 变革 观众 原有 加入 新人 业内人士 对比 强烈 认为 表面 导致 下行 经济 热潮 海外 本次 赢得 国内 近年来 领导者 不足 大量 仍然 话题 表现 哪些 以前 缺乏 品质 特点 造成 供需 实质 意识 逐渐 追求 重视 运用 第一 抓住 才能 澳大 变得 第二 核心 着手 面临 目前 表示 淘汰 手段 变换 快捷 方便 相应 的数据 一代 重点 行销 要求 促成 上线 流畅 给予 高效 过程 第三 青睐 导向 先生 众所周知 家企业 最近 年在 遇到 中国市场 全球 之间 加强 参展 运营 企业战略 全面 以便 优势 取得 竞争 麻烦 不断 财报 依然 预算 数字 市场占有率 态势 下降 持续 削减 瘦身 各种 采取 下滑 措施 裁员 为中心','1');
INSERT INTO `v9_search` VALUES('138','1','119','1464705360','透云科技助力第一届香港青年科技及社会创新创业大赛 科技 香港 第一届 科技 创业 创新 青年 大赛 社会 他们 先生 希望 带来 应用 信息 创造 你们 以下简称 可以 互联网 时代 传播 释放 商品 喜欢 经验 鼓励 商业 未来 领域 通过 网络 创意 专业 主办 发展 颁奖 飞速 移动互联网 随着 光明 借助 已经 联合 互联 万物 选手 统一 我们 自我 增值 并且 机会 良好 企业 把握 眼前 最终 转化 人们 美好 共同 知名 服务于 技术 获奖 海量 帮助 影响 媒介 赋予 实时 记录 得到 互动 有的 品牌 市场营销 成为 有益 场景 开发 基于 行为 即时 自己 主要 主导 购买 过滤 主动 致力于 客户 更加 决策 共享 高度 巨大 价值 对市场 这个 改变 目前 获得 资金支持 科技发展 成果 提升 继续 奖金 队伍 颁发 相应 素质 作为 属于 一代 力量 评选 物联网 有限公司 活动 当天 中联 成员 演示 现场 领导 创办 嘉宾 潜力 有着 表示 积极 开启 各位 今后 带给 无限 机遇 实践 一些 加强 交流 内地 一定 给予 激情 理想 年轻人 充满 领导者 凭借 理念 提供 实质性 建议 出发 自身 成功 模式 此次 热情','1');
INSERT INTO `v9_search` VALUES('139','1','120','1467988620','“码”上时代，食之有溯 ——互联网+时代下的食品安全管理 时代 安全管理 互联网 食品 企业 互联网 消费者 食品安全 营销 科技 通过 技术 产品 追溯 实现 品牌 时代 信息 成为 需要 建立 体系 销售 生产 可以 如何 防伪 传统 过程 了解 针对 解决方案 放心 透明 这个 提供 市场 追踪 最大 还是 解决 营销活动 流通 同时 政府 然而 就是 消费 完善 潜力 监管 安全问题 巨大 模式 主要 自己 他们 源头 帮助 作用 运用 管理 真正 提高 国内 逐渐 渠道 介入 物流 成功 安全 重点 真实 只有 为了 如今 行业 开启 可以通过 实时 完成 仓储 需求 购买 我们 专业 参与 扩大 记录 互动 环节 直接 此外 一个 分支 信赖 产业链 更好 云计算 移动互联网 全面 重要 方向 影响力 产业 信任 数据 保证 有效 来源 不明 原料 产品的 品质 运输 污染 利用 随着 民众 广泛 做到 生产能力 我国 世界 高端 身份证 生产经营 保障 协助 问题 事件 社会 并且 近年来 控制产品 分析报告 原材料 覆盖 根据 受众 电子 全程 便捷 各类 生产管理 形成 更加 除了 科学 在线 终端 监控 全部 存储 在云端 接口 凭借 强大 的数据 平台 上线 获取 业内 打开 大量 成果 营销策略 优化 半年 进军 由此 发布 对外 上市 未停止 活动 热潮 全民 用于 制品 等信息 经销商 提升 项目 体现 累计 福建 百姓 相关 其他 最小 包括 质量 单位 年底 之一 分布 拓宽 一味 继续 出发 背景 改进 应该 哪里 它们 人人 进行 客户 没有 来说 对于 不了 系统 控制 赋予 商品 双向 连接 案例 大规模 定制 致力于 领导者 确保 新技术 启用 各个 购买的 销量 数字 关于 声誉 分析 催化 质量安全 健全 说明 充分 全世界 的趋势 认知 大多数 目前 采集 国家 鼓励 手段 信息化 采用 依赖 降低 这样 受到 生态 不仅 的空间 网上 放到 网络 地区 生产商 使得 特点 对话 通道 城市 无论 切实 总理 原因 两会 旗帜 进一步 提出 鲜明 国人 周期 危机 产生了 大米 元素 化学 产业升级 其中 颁布 内容 着力 强化 治理 加强 国务院 国民 快速 东风 正常 生活 权益 良心 健康 非常 还有 简易 操作 安全性 局限性 难以 手机 只需 的发展 技术支持 多个 生产过程 展示 以往 相应 缺乏 因为 背后 故事 事实 必须 行为 说话 产生 获得 满足 首席执行官 先生 想要 而言 认为 内部 一般 考虑 乃至 当今 话题 课题 诉求 代表 角度 想到 新型 为基础 挖掘 衍生 条件 时候 谈论 给出 明确 事实上 事物 新鲜 不是 越来越 市场占有率 每个 阶段 整个 才能 敢于 的竞争','1');
INSERT INTO `v9_search` VALUES('140','1','121','1468420680','透云科技CEO王亮：一物一码引领营销新时代！ 一码 王亮 新时代 营销 企业 消费者 品牌 应用 科技 解决方案 技术 市场 可以 帮助 产品 行业 基于 用户 商品 那么 一个 互动 选择 近年来 如何 行为 方式 分析 我们 价值 竞争 生成 在线 之后 记录 未来 专业 完善 标识 数据 的发展 认识 平台 生产 客户 对于 实现 提供 促销 赋予 模式 工艺 两个 他们 不断 为中心 空间 希望 打造 领导者 的数据 方面 发展 信息 个性 生态 各类 生产线 需要 哪些 领域 拥有 个性化 越来越 以及 的安全 来说 品质 统一 主要 需求 资产 更加 获得 提升 推动 融合 特点 有的 请问 体验 持续 利用 怎样 趋势 备受 环节 互联网 高效 公司 内涵 传统 问题 产品的 追求 通过 新时代 适合 今天 呈现 拉动 性质 致力于 全新 开创 联合 升级 国内 受到 或者 资质 组成 只是 才能 条件 大多数 截止 服务 成功 具备 当前 创造 开发 基础 场景 有益 市场营销 建立 从而 五粮液 这些 定位 给予 成为 媒介 商业 共享 借助 能力 高度 天地 实时 即时 传播 来看 不可 体系 信任 此外 中国食品 谈谈 适用于 类型 分别 不同 一般 分为 各个 交付 满足 环境 交互 时间 写作 的效率 外部 降低 试用 商家 有效 结合 改变 成本 加密 便捷 比较 因为 它们 也就是 以后 提高 当然 并且 本身 相应 敢于 目前 尝试 消费 群体 随着 中国的 支付 功能 趋于 已经 优化 营销策略 较大 覆盖 更好 得到 个体 其实 移动互联网 云计算 身份证 火爆 极为 现阶段 防伪 创立 沟通 之间 边界 涌现 供应商 一大 既有 历程 背景 详细 介绍 作为 成立 利于 不仅 进行 还有 有利 亲切 变得 引领 时代 解读 围绕 系列 杂志 大家 采访 竞争优势 哪里 私有 阿里 存储 金融系统 防御 级别 因素 领先 安全 任何 必要 活动 机制 保证 见解 智者 常用 入口 网络 登陆 可谓 快速 运行 调研 概念 没有 技术问题 解决 可靠 带来 经验 更具 优势 以下 包括 丰富 以外 布局 又是 不同于 其它 除了 始终 源自 上传 分钟 根据 具体 深入 全自动 高速 经验丰富 专注 核心 研发团队 相关 超过 世界','1');
INSERT INTO `v9_search` VALUES('141','1','122','1469198340','智慧物联，透云科技携“一物一码”亮相上海国际婴童展 一码 婴童 上海 品牌 消费者 科技 产品 营销 妈妈 个性化 提供 信息 应用 企业 可以 消费 一个 年轻 商品 国家 互动 提升 防伪 包括 市场 专业 宝宝 参与 解决方案 产品质量 成长 帮助 健康 开展 对于 我国 增长 赋予 技术 数据 利用 加密 每个 基于 智慧 高品质 创新 澳大 全球 来自 活动 同时 他们 吸引 展会 童装 购买 盛大 本次 开幕 从而 体验 领导者 通过 作为 众多 变得 领域 给予 关注 来源 零容忍 孩子 识别 能力 生成 为此 客户端 的态度 传统 现今 国民 用户 持续 获得 海量 据此 进行 观念 已经 思维 别说 青睐 选择 惯性 储存 改变 不是 当初 自己 级别 机会 接近 关于 致力于 既有 杜绝 防御 此外 机制 凭借 信赖 之间 沟通 管理 追溯 在内 整合 过程 销售 边界 市场营销 结合 方案 金融 产生 供应链 传达 置于 安全 检验 包装 追踪 实时 产品的 原料 生产 可靠 平台 独立 等级 经过 处理 身份 国际标准 采用 可靠性 的安全 另外 编码 规则 发送 精致 政策 大国 全面 放开 进一步 第二 美国的 不断 升级 成为 推动 人口 大市 庞大 零售 越来越 万亿元 显示 预计 规模 超过 随着 涵盖 观众 用品 家具 以及 亮相 上海国际 优质 内衣 希望 加强 规范 团队 这个 概念 使得 的竞争 自身 依照 情况 实施 生活必需品 阶段 放在 丰富 多样 一定 以此 培养 搭配 竞争力 积分 能够 促进 提高 稳定 忠实 顾客 建立 长期 需求 她们 相对 出生 开放 年代 崇尚 大多数 日益 激烈 距离 服务 唯有 时髦 生活 心理 始终 追求 这些 定制 方式 才能 满足 活跃','1');
INSERT INTO `v9_search` VALUES('142','1','123','1469457600','透云科技与腾讯签订协议推出“一物一码”全平台SCRM方案 一码 腾讯 方案 消费者 腾讯 品牌 营销 行为 提供 企业 通过 方案 平台 科技 渠道 帮助 社交 数据 客户 关联 沟通 实现 技术 行业 市场 互动 连接 整合 价值 基于 分析 商品 提升 表示 生态 能力 的数据 服务 获得 标签 进行 专业 建立 资源 通讯 交互 直接 内外 合作 利用 工具 致力于 完善 不断 战略 应用 签署 之间 合作协议 程度 喜爱 收集 产品的 分布 区域 媒体 推出 跟踪 数据库 协议 开放 下线 之后 携手 实时 互联 资产 创造 基础 相对 稳定 格局 来说 快速 体验 越来越 重视 目的 及时 现有 签订 挖掘 既有 以及 运行 可靠 发挥 真实 营销策略 细分 制定 依据 能够 保证 的安全 机制 防御 金融系统 级别 购买 经由 视角 全方位 企业主 整体 经营 推动 营销管理 创新 效率 个性化 构建 多个 已经 领导者 销售 过程 专注 技术服务 防伪 管理 借助 包装 首席执行官 由此 持续 产生 根据 网络 总经理 产品 公司 个性 为中心 绘画 追踪 登陆 唯一 人群 结合 打造 可以 各自 商业','1');
INSERT INTO `v9_search` VALUES('143','1','124','1469630460','透云助力怡宝打破传统营销“套路”，一物一码扫出夏“金 一码 套路 传统 消费者 品牌 互动 他们 平台 饮料 年轻 通过 促销 科技 奖品 这些 营销 个性化 预警 提供 真诚 沟通 可以 产生 高达 消费 传统 带来 大众 为了 点评 连连 产品 把握 简单 活动 分析 可以通过 个性 自由 流量 此次 不仅 就是 进行 现金 需求 促销活动 满足 便捷 吸引 体验 扫描 不断 心脏 需要 红色 上升 无限 清凉 应用 年轻人 商品 建立 手段 已经 打破 夏日 气温 祖国 相对 整合 解决方案 出生 一个 基于 包括 方案 企业 结合 市场营销 创新 开放 边界 之间 防伪 赋予 追溯 在内 销售 既有 过程 管理 致力于 有的 社交 媒体 支付 实现 连接 第三方 自有 痕迹 记录 同时 其他 更具 价值 方式 更为 兴趣 从而 兴奋 对话 数据 经过 帮助 找到 留下 与其 心理 现代 我们 感觉 其他人 群体 崇尚 属性 心里 周围 环境 登录 路径 领导者 界面 快速 最为 与众不同 技术 壁垒 年代 发挥 魔力 开始 推出 凡是 购买 大奖 可谓 投入 亿元 中奖 承诺 告别 诚意 带动 销量 的增长 主体 以此 希望 各种 增加 人群 特别 吸引力 逐渐 衰退 模式 定制 背后 消费潜力 送给 打折 刺激 降低 领取 门槛 欢迎 移动 场景 以及 技术支持 大大 即可 真正 高效 合作 角度 出发 有利 有趣 耐心 商家 市场 诉求 直接 空间 选择 深入 积分 第二轮','1');
INSERT INTO `v9_search` VALUES('144','1','125','1469803380','裂变红包打造友谊巨轮，“一物一码”扫出惊喜连连 一码 巨轮 友谊 消费者 品牌 营销 互动 企业 传播 基于 活动 通过 科技 分享 参与 同时 友谊 作为 打造 获得 信息 商品 上线 应用 产品 积分 提升 好友 能力 赢取 连接 进行 即可 存在 余额 一直 欢迎 有钱 马上 千万 现金 创新 借助 以来 持续 个性化 营销活动 不断 完善 帮助 分析 行为 方式 对于 普通 领取 赋予 数据 容易 轻松 而言 凭借 强大 维护 会员 连续 概念 物联网 互联 有限公司 引领 开发 扫描 手机 快速 有益 渠道 双向 场景 开展 包括 方案 提供 结合 市场营销 销售 过程 整合 解决方案 在内 追溯 管理 防伪 资产 之后 用于 关于 领导者 累积 优惠 多样性 致力于 既有 生态 个性 为中心 边界 之间 沟通 技术 不仅 福利 转发 好事 自己 之外 如此 一同 接受 平台 两个 每日 旗下 商家 石家庄 除了 发现 手段 往往 有限 热衷 为了 惊喜 连连 因为 激动 心情 增多 传递 更多 动作 力度 另外 获取 大量 扩大 社群 鼓励 社交 形成 协助 有效 随着 成为 营销策略 追踪 成果 优化 形式 重要 至今 人数 突破 累计 造就 可以 可谓 心理 拉动 销量 消费 回报 以及 寻求','1');
INSERT INTO `v9_search` VALUES('145','1','126','1470408180','线上红包玩转粉丝经济，透云“一物一码”助力光明激发码 一码 光明 红包 消费者 品牌 营销 活力 活动 成为 关注 企业 经济 获得 产品 植物 通过 以及 光明 明星 喜爱 现金 体验 营销活动 百万 以往 好友 科技 个性化 购买 参与 移动 即可 资源 分享 趋势 名为 互动 连接 更多 扫描 商品 消费 公众 一把 深受 代言 构架 传播 扩大 数据 社群 形成 模式 不仅 之间 同时 网络 环境 激发 自己 愿意 越来越 社交 利用 影响力 整个 没有 产品的 行为 交互 今后 稳定 节奏 英雄 小游戏 玩乐 成功 引导 时尚 中奖 力度 提升 只要 生活 寻找 追求 特性 概念 在内 整合 解决方案 另外 方案 提供 生态 市场营销 创新 结合 带来 海量 进行 不断 完善 用户 价值 之后 资产 据此 分析 为中心 建立 可以 引领 赋予 开发 渠道 促进 作为 基于 场景 轻松 手机 信息 积分 双向 有益 应用 帮助 能够 本次 营销策略 互联 对于 来说 加上 推动 心动 行动 领先 背景 如何 保持 今年 所在 旗下 开展 关键 经济的 甚至 有力 转化 为了 感性 推进 区别 之上 传统 形式 占据 构建 领域 成熟 经营 时代 主流 情感 距离 进一步 机会 热点 邀请 更是 请来 奖励 享受 领取 就算 不同 一些 得到 产生 回报 心理 拉动 销量 寻求 增强 印象 包括 期间 如虎添翼 可谓 国民 代言人 吸引 或者 预计 发放 其中 乐趣 随机 入口 累计 超过 千万 平台 而且','1');
INSERT INTO `v9_search` VALUES('146','1','127','1470753900','健力宝、京东联手发红包，透云科技一物一码扫出“钱包新 一码 京东 健力宝 消费者 品牌 活动 健力宝 营销 产品 科技 可以 现金 通过 平台 在内 合作伙伴 参与 购买 同时 能够 吸引 数据 第三方 联手 无疑 互动 企业 行为 帮助 力量 建立 资源 维护 以及 连接 本次 即可 了解 商品 获得 提供 饮料 个性化 反复 营销活动 除了 信息 并且 生活 刺激消费 不但 扫描 提升 方法 之一 旗下 开发 体验 以往 追求 时尚 节奏 优化 营销策略 交互 整个 引领 概念 渠道 作为 促进 赋予 生态 战略 旅游 包括 大众 点评 娱乐 中国移动 工商 商学 公益 学术 国际 中欧 联通 中国电信 运营商 丰富 拥有 双向 手机 轻松 积分 场景 有益 应用 为中心 成果 整合 解决方案 另外 方案 结合 市场营销 创新 基于 输入 流行 合作 一个 所以 最终 有效 双赢 刺激 对于 而言 更多 以外 途径 他们 形象 之间 关系 以此 两者 新一 密度 但是 心目 找出 价值 从中 增加 对外 形式 拉动 销量 强强 中奖 达到 鼓励 朋友 大量 协助 更好 获取 社群 分享 形成 牵手 广东 集团 宣传 窗口 开展 时间 话费 流量 机会 用户 并有 追踪','1');
INSERT INTO `v9_search` VALUES('147','1','128','1470926760','“码”上福临门，透云科技一瓶一码点燃食用油市场活力 一码 上福 食用油 消费者 品牌 营销 会员 福临门 通过 科技 行业 用户 个性化 进行 互动 平台 更加 基于 体验 产品 获得 成为 可以 赋予 数据 方案 实现 规格 企业 商品 直接 金额 已经 价值 满意度 三大 生活必需品 年度 测评 结果 解决方案 市场占有率 显示 因此 市场 创新 作为 把握 具备 研发 更好 目标 目的 致力于 营销策略 参考 始终 我们 表示 一个 专门 设计 在线 忠实 既有 防伪 能够 追溯 管理 帮助 并且 联系 建立 之一 途径 有效 互联网 时代 整合 距离 在内 持续 培养 应用 市场营销 边界 沟通 之间 结合 对于 销售 同时 过程 可以通过 包括 提供 资产 系列 转化 未来的 奠定 普通 基础 购买 开始 不是 竞争 主导 价格 活力 因素 如何在 为此 中粮 采用了 关键 喜爱 战役 提升 规模 到达 一定 积分 相应 诚意 当当 注册 程度 配合 集合 起来 经由 行为 偏好 消费 次数 有奖 可谓 活动 最高 还有 现金 参与 橄榄 扫描 大众 点评 高达 中奖 人寿保险 制定','1');
INSERT INTO `v9_search` VALUES('148','1','129','1472482080','透云科技主办营销3.0沙龙，助力快消品牌玩转个性化营销 沙龙 品牌 科技 消费者 品牌 营销 个性化 活动 科技 市场 通过 提升 沙龙 需求 建立 传统 产品 价值 带来 移动互联网 唯有 服务 腾讯 如何 主题 满足 此外 推动 信息 创新 连续 积分 会员 可以 进行 根据 转换 调整 实时 部署 效率 互动 技术 时代 先生 副总裁 帮助 时间 体验 基于 能够 灵活 沟通 用户 的发展 才能 全面 随着 来临 买方 投放 主办 效应 理想 不再 交付 首先 环节 各个 对话 选择 我们 需要 倾听 如今 说服 不同于 一直 试图 抓住 提高 降低成本 空间 购物 交互 融合 营销活动 海量 数据 分析 行为 这些 设置 营销策略 最终 产生 信任 实现 思维 据此 随时 报表 多样 并且 累积 丰富 变得 上线 形式 表示 用于 维护 每个 维度 效果 监控 地点 快速 优惠 新型 关系 为中心 空前 重要 地位 生态 个人 联系 及时 了解 更为 数据库 档案 等行业 精英 数字 举办 来自 未来的 关注 个性 及其 见解 趋势 提出 动向 真正 创意 获取 企业 持续 大家 介绍了 客户 斯特 高效 领导者 总经理 消费 董事 获得 看法 收集 市场占有率 及时调整 得到 投资 提供 定制 回报 战略 布局 经济 话题 交换 平台 本次 各位 嘉宾 策略','1');
INSERT INTO `v9_search` VALUES('149','1','130','1472741400','透云科技“一物一码”助力蒙牛冠益乳巧搭时令顺风车 一码 蒙牛 时令 消费者 品牌 营销 互动 企业 科技 通过 愉快 活动 奖品 蒙牛 同时 旅行 热点 对于 参与 手机 提升 产品 信息 越来越 品质 平台 饮料 礼品 即可 价值 增加 知名度 影响 扩大 实物 帮助 来说 销量 持续 满足 时代 奖励 包装 自行车 一个 更是 超级 营销活动 揭示 年轻人 进行 这句话 经常 一起 不但 需要 目的 实现 而且 轻松 不能 基于 成果 追踪 兴趣 更好 优化 营销策略 的到来 行业 互联网 协助 所在 刺激 获取 可谓 进一步 身份 个性化 数据 双赢 一大 福利 机遇 商品 全民 激情 结果 开发 赋予 公众 概念 随着 引领 崛起 意识 关键 场景 包含 积分 印刷 或者 单向 行为 只能 完善 不断 以往 分析 获得 扫描 应用 诞生 以来 有益 快速 连接 双向 上线 冲击 挖掘 充分 加以 深度 有的 今年 蒙牛乳业 超过 千万 依附 赢取 冠军 开展 旗下 风味 反应 做出 两点 元素 年轻 寻找 以上 集合 时事 为了 放松 自我 事件 高度 敏感 迅速 社会 保持 社会化 而言 要求 中奖 购买 拉动 吸引 心理 寻求 回报 引入 第三方 强强 联手 如今 旅游 丰富 合作 形式 追逐 关注 在内 其中 提供 定制 会员 机会 包括 影视 高达 这样 连续 赢得 体验 奥运 奥运会 话题 激励 模式 第三季度 成为','1');
INSERT INTO `v9_search` VALUES('150','1','131','1474555860','透云科技为企业带来以消费者为核心的乳品溯源解决方案 乳品 消费者 核心 消费者 企业 国内 安全 追溯 科技 行业 制品 提供 核心 解决方案 政府 生产 沟通 信息 食品 峰会 全球 进行 产品 管理体系 更加 产品质量 信心 透明 信任 对于 打造 乳品市场 信息港 有效 同时 权威 监管 平台 先生 手段 创新 他们 购买 自己 为了 了解 国家级 经济放缓 牛奶 市场 高品质 匮乏 技术 面临 新政策 聚焦 带来 良好 酒店 针对 召开 力量 各界 确保 放心 一起 贡献 来说 名称 日期 生产者 完善 规格 希望 只需 手机 之前 带动 全过程 追踪 可以 利用 防伪 可以通过 存储 重建 第三方 身份 刺激 的数据 销量 产品标准 人人 食品安全 新华网 非常 今年 覆盖 局面 社会 目的 达到 信息化 管理 通道 智慧 流程 合作伙伴 技术支持 联手 农产品 认识 实时 多方 这样 作用 体系 代码 生产许可证 编号 等信息 相信 清晰 真诚 表示 大门 转变 打开 处境 明确 制度 无疑 当下 一定 保障 严控 更是 质量 提出 要求 出台 变化 情况 来看 已经 但是 难以 标准 虚假 宣传 符合 污染 恢复 食品添加剂 当前 整合 此次 挑战 旨在 通过 案例 多样化 需求 成本增加 混乱 分享 人士 机会 加速 重组 升级 发展 前景 视角 研发 趋势 加工 偏见 搭建 之间 一座 更为 便捷 方式 互联网 时代 新一代 桥梁 作为 领导者 致力于 帮助 建立 应用 公开 原材料 销售 一个 加强 所以 环节 提升 产品的 营销','1');
INSERT INTO `v9_search` VALUES('151','1','132','1474642260','透云科技“一物一码”助力传统白酒品牌走近80、90后 一码 白酒 传统 消费者 品牌 营销 基于 传统 互动 越来越 企业 奖品 单向 参与 公众 随着 上线 实物 科技 产品 轻松 一个 开发 信息 通过 包装 扫描 活动 营销活动 分别 进行 即可 方式 移动互联网 已经 与此同时 需求 背离 同时 年轻人 加入 行业 关注 成为 包含 以来 以往 机遇 冲击 来说 只能 时代 的到来 稳定 互联网 诞生 印刷 积累 赋予 获得 积分 行为 手机 连接 双向 分析 帮助 提升 持续 个性化 不断 完善 快速 应用 崛起 意识 关键 激情 结果 引领 场景 有益 引导 概念 商品 对于 使用 今年 销售 路径 模式 走近 融合 产生 贴近 百万 平台 在内 此次 华为 旗下 其中 领取 获奖 形式 包括 目标 整体 管理 围绕 设定 规划 提供 可以 旋转 功能 产品的 这样','1');
INSERT INTO `v9_search` VALUES('152','56','2','1523788705','恒大碧赢营销案例 恒大 案例 数据 强大 平台 案例 现金 营销策略 协助 大量 获取 消费者 行为 企业 优化 技术 服务器 企业服务 长期 维护 保障 优质 需求 优势 群体 满足 客户 定制 研发团队 形式 营销管理 品牌 千万 促销 增加 会员 市场 活力 营销 新品 开拓 搭配 营销活动 消费','1');
INSERT INTO `v9_search` VALUES('153','56','3','1523789456','天喔C满E营销案例 案例 营销 产品 积分 通过 消费者 品牌 商城 优化 活动 累计 现金 购买 扩大 优惠 销量 社群 提升 案例 促销 成果 追踪 更好 营销策略 数据 形成 朋友 获取 大量 协助 企业 保障 的安全 系统 资金 安全 影响 体验 创意 需求 定制 技术 研发团队 强大 平台 优势 客户 满足 会员 连续 拉动 兑换 实物 重复 刺激 奖品 吸引 功能','1');
INSERT INTO `v9_search` VALUES('154','56','4','1523790033','光明植物活力轻盈营销案例 光明 活力 植物 消费者 活力 营销 植物 通过 活动 社群 光明 关注 新品 形成 客户 提升 满足 优势 分享 信息 鼓励 形式 朋友 定制 技术 研发团队 强大 平台 的安全 帮助 能力 创新 解决 问题 技术问题 生产线 影响 品牌 资金 保障 系统 安全 创意 扩大 体验 优化 需求 锁定 推广 互动 增加 案例 千万 知名度 市场 方式 中奖 数量 更多 引导 成为 公众 奖品 调整 有奖 吸引 灵活 对于 稳定','1');
INSERT INTO `v9_search` VALUES('155','56','5','1523790398','汇源果汁营销案例 汇源 果汁 案例 产品 活动 奖品 保障 营销活动 体验 数据 安全 促销 销量 案例 营销 实物 的安全 营销策略 系统 成果 协助 消费者 企业 更好 资金 追踪 优化 企业服务 报表 管理 全面 提示 营销管理 人性化 维护 强大 大量 服务器 平台 长期 优质 部署 上实 通过 刺激消费 第一 新年 拉动 市场 快速 帮助 客户 实现 良好 百万 促销活动 提升 奖项 总价值 兼顾 获取','1');
INSERT INTO `v9_search` VALUES('156','56','6','1523790612','好时巧克力新春营销案例 巧克力 案例 消费者 分享 营销 品牌 案例 产品 互动 增强 巧克力 优化 营销策略 消费 强大 研发团队 企业 获取 数据 大量 技术 协助 追踪 更好 成果 客户 创意 安全 资金 提升 体验 活动 保障 提高 满足 优势 定制 需求 的安全 系统 平台 通过 新春 千万 促销 吸引 特质 原创 相关 目标 抓住 拉动 购买 销量 设置 机制 有趣 内容','1');
INSERT INTO `v9_search` VALUES('157','56','7','1523790826','怡宝饮料营销案例 饮料 案例 消费者 互动 品牌 知识 问答 营销 语音 平台 案例 通过 吸引 社交 饮料 教育 客户 需求 定制 进行 系统 帮助 增加 强大 研发团队 优势 技术 满足 活动 体验 提升 扩大 影响 优化 创意 保障 形式 资金 安全 的安全 引入 现金 购买 产品 更多 流量 邀请 参与 合作 第三方 拉动 销量 道具 千万 创新','1');
INSERT INTO `v9_search` VALUES('158','56','8','1523791121','雀巢饮用水营销案例 雀巢 饮用水 案例 消费者 产品 购买 通过 营销 优化 提升 客户 促销 吸引 奖品 案例 满足 优势 合作 出行 营销策略 资源 技术 研发团队 强大 定制 平台 活动 帮助 能力 创新 解决 问题 技术问题 生产线 影响 品牌 保障 的安全 系统 资金 安全 扩大 体验 创意 需求 获取 各类 赢取 营销活动 互动 管理 提高 销量 数据 大量 更多 协助 企业 追踪 更好 锁定 方式 类别 丰富 设置 灵活 调整 中奖 数量 成果','1');
INSERT INTO `v9_search` VALUES('159','56','9','1523791560','健力宝营销案例 健力宝 案例 消费者 产品 营销 提升 需求 满足 奖品 优化 通过 健力宝 促销 营销活动 案例 协助 公众 资源 数据 马拉 追踪 合作 更好 营销策略 成果 企业 优势 创意 安全 资金 体验 扩大 影响 品牌 活动 保障 平台 技术 研发团队 大量 客户 的安全 系统 定制 强大 影响力 现金 赢取 互动 千万 管理 吸引 数量 调整 灵活 中奖 方式 更多 锁定 多种 耳机 提高 购买 销量 丰富 实物 种类 获取','1');
INSERT INTO `v9_search` VALUES('160','56','10','1523791770','立顿奶茶营销案例 立顿 奶茶 案例 营销 品牌 积分 产品 活动 消费者 社群 通过 累计 优化 案例 促销 扩大 提升 追踪 成果 获取 营销策略 更好 企业 销量 数据 大量 协助 强大 平台 安全 资金 保障 创意 体验 影响 的安全 系统 优势 效果 技术 满足 客户 需求 定制 研发团队 好友 创建 百万 连续 相应 排行榜 机制 竞赛 分配 奖品 信息 吸引 分享 从而 影响力 形式 游戏 刺激消费 以此 重复 购买 趣味 达成','1');
INSERT INTO `v9_search` VALUES('161','1','133','1477473480','创业创新高峰论坛落幕，四大奖项花落名家 奖项 高峰 名家 有限公司 科技 北京 创新 企业 优秀 创业 奖项 论坛 获得 高峰 股份有限公司 现场 颁奖 项目 国泰君安 出行 评选 最具影响力 四大 落幕 电子 节能 深圳 名家 刚刚 集团 家企业 消费 机构 互动 四维图新 技术开发 先锋 软件 基因 三元 宇宙 天津市 幻想 传感 蓝色 现实 伟业 赢家 服务中心 天涯 物联网 服务 信息 网络 中关村 审核 具有 标准 符合 典型 意义 部委 多家 联合 新华网 筹备 本次 分别 开始 面向 各界 征集 公众 社会 组成 专家 投票 大众 调研 评审 环节 以下 最终 选拔 资料 针对 个月 委员会 申请 三百 通过','1');
INSERT INTO `v9_search` VALUES('162','1','134','1478769600','冬日补活菌，透云科技助力君乐宝“码”上赢真金 真金 科技 乐宝 消费者 品牌 活动 互动 科技 同时 建立 营销 可以 通过 他们 个性化 分析 这些 参与 产生 基于 为了 平台 吸引 获得 这个 百万 累计 创新 关注 结合 企业 更为 应用 解决方案 商品 过程 关系 多个 成功 实现 提供 个性 社交 过后 全民 调整 为此 状态 模式 开启 正式 人们 话题 十一 关心 大家 做到 如何 上线 逐渐 领导者 致力于 边界 市场营销 沟通 之间 改变 既有 赋予 行为 能力 生态 为中心 打造 不断 借助 持续 完善 包括 提升 更具 价值 数据 连接 支付 第三方 媒体 经过 帮助 兴趣 从而 方式 真诚 找到 对话 兴奋 自有 其他 追溯 在内 整合 防伪 市场 销售 管理 年轻 登录 痕迹 记录 可以通过 留下 与其 有的 界面 方案 个人 购买 送给 启用 产品 扫描 好友 一个 号召 发给 即可 连连 带来 诚意 冬季 万人 发放 现金 超过 马上 有钱 人数 四月 一致 发起 第二 反馈 好评 第一 良好 覆盖 客户 年代 制定 自我 崇尚 技术支持 极度 计划 满足 空前 中心 需求 迅速 个体 释放 健康 元素 推出 成为 转化 进行 日前 形成 社群 地位','1');
INSERT INTO `v9_search` VALUES('163','1','135','1479201720','透云科技“一物一码”助力雀巢优活饮用水扫出移动互联生 一码 雀巢 饮用水 品牌 消费者 营销 科技 产品 第三方 参与 通过 提升 同时 出行 合作 购买 活动 平台 移动 现金 营销活动 互联 资源 企业 能够 无疑 丰富 吸引 形式 生活 互动 建立 应用 可谓 有奖 轻松 信息 刺激 之一 传统 热衷 即可 个性化 更多 商品 增加 联手 双赢 反复 帮助 作为 连接 方法 公司 提供 以此 刺激消费 优点 互联网 在内 程度 两者 在于 维护 之间 奖品 包括 关系 优化 强强 成果 知名度 营销策略 追踪 协助 身份 契机 销量 融合 进一步 带给 不仅 行业 获取 数据 更好 渠道 市场营销 创新 结合 生态 为中心 手机 扫描 获得 积分 方案 旅游 合作伙伴 点评 大众 整合 解决方案 另外 拥有 双向 促进 体验 行为 以往 追求 时尚 整个 引领 基于 场景 有益 开发 概念 赋予 节奏 最终 他们 形象 心目 流行 除了 以外 对于 可以 一个 有效 途径 性价比 热情 付出 无法 缺点 密度 一定 增添 大量 关注 从而 找出 越来越 成本 负担 因此 而言 对外 今年 开展 依附 赢取 引入 扩大 奖励 中奖 机会 实现 选择 方方面面 覆盖 宣传 窗口 已经 带来 影响','1');
INSERT INTO `v9_search` VALUES('164','1','136','1480411500','透云科技为食品安全保驾护航 食品安全 科技 追溯 论坛 科技 技术 食品 食品安全 防伪 消费者 信息 应用 企业 农产品 中国食品 获得 本次 第二届 建立 国家 会议 中心 北京 巡展 高峰 全国 举行 此次 解决方案 城市 包括 旨在 全产业链 战略 移动互联网 借助 合作关系 确立 生产 流通 原料 商品 轻松 技术开发 国家质检总局 参观 展台 会长 学会 局长 新华网 功能 等行业 成功 已经 平台 帮助 相关 扩大 影响力 信赖 提升 品牌 国家级 致力于 一个 项目 信息服务平台 产品 完善 互联 共享 统一 标准 重要 出席 展会 最新 领导 行业 带来 基于 日起 创新 推动 建设 步伐 邀请 实施 多个 表示 而言 先生 首席执行官 话题 信任 必须 只需 通过 说话 事实 一大 大会 规定 要求 明确 检测 环节 加大 力度 成为 互联网 体系 质量 手机','1');
INSERT INTO `v9_search` VALUES('165','1','137','1480508400','透云科技一物一码“营销+溯源”解决方案助力福临门营销事 一码 福临门 解决方案 消费者 品牌 福临门 会员 产品的 生产 购买 并且 界面 可以 解决方案 营销 注册 形象 科技 用户 金额 更加 专家 有趣 演示 动画 这个 记录 认证 一个 文字 信息 出来 然后 就是 觉得 防伪 一般 比较 可能 中英 完成 看到 保险 扫描 首先 包括 最后 参与 更为 清晰 活动 全过程 即可 引导 最高 认识 百分 集合 起来 经由 数据 行为 次数 偏好 制定 个性化 体验 赋予 营销策略 消费 平台 通过 成为 高达 中奖 获得 相应 程度 配合 一定 到达 积分 规模 刺激 验证 其实 产品 所谓 利用 近期 增加 如果 合理利用 机会 一次 对话 不但 加强 过程 心目 提升 信赖 技术 中粮 另外 现金 印象 全产业链 加深 实际 产生 更多 发展 带动 等信息 功能 可以通过 双重 打造 了解 如何 日期 工厂 追溯 开始','1');
INSERT INTO `v9_search` VALUES('166','1','138','1480681260','透云科技支持新华网“溯源中国”食品安全项目落地实施 新华网 食品安全 中国 平台 食品 科技 新华网 追溯 信息 支持 食品安全 技术 公共服务 商务厅 河北省 全国 省级 创建 解决 生产 标签 环节 打造 安全问题 正式 项目 携手 共享 全面 提供 上线 农产品 方案 总裁 无线 载体 开放 电子 启动 仪式 自身 整合 优势 媒体 基于 资源 出席 物联网 能力 防伪 解决方案 得到 营销 知名品牌 众多 等行业 成功案例 规划 消费 监管 养殖 应用 农业 成为 的安全 消费者 需要 思路 手段 信息化 利用 方法 保障 实现 实施 落地 上行 优质 全程 流通 销售 功能 一个 建立 致力于 完善 标准 国家级 互联 统一 信息服务平台 产品 确立 举措 透明化 各个 战略 合作关系 重要 技术开发 移动互联网','1');
INSERT INTO `v9_search` VALUES('167','1','139','1481804580','透云科技受邀出席腾讯企点“起飞的能量”生态发布会 腾讯 发布会 能量 企业 社交 科技 生态 消费者 腾讯 连接 发布会 打造 能量 新型 品牌 平台 起飞 发布 实现 未来 帮助 战略 可以 进行 合作伙伴 创造 深度 提升 互动 行业 一个 参与 领导者 举行 工具 标签 主流 留下 媒介 今年 绘画 借助 关系 达成 技术 更好 联合 正式 追踪 价值 数据 真正 商业 丰厚 管理 优化 体验 个性化 决策 市场营销 客户 坚信 分析 行为 基于 沟通 不断 完善 始终 持续 个性 人群 副总裁 本质 需要 利用 互联网 从而 用户 内部 概括 温度 出席 看见 可用 主题 本次 开始 有效 资源配置 应该 以及 服务于 如何 如何利用 讨论 深入 一起 高层 大学 营销 会上 网络教育 东北 知名企业 机器人 证券 预见','1');
INSERT INTO `v9_search` VALUES('168','1','140','1482409440','透云科技携手微软，共同展望2017一物一码巅峰时刻 一码 微软 巅峰 品牌 消费者 科技 营销 活动 技术 基于 体验 提升 层面 企业 展望 共同 打造 时刻 论坛 一起 平台 营销活动 互联网 稳定 生态 内容 合作 信息 个性化 建立 先生 探讨 应用 可以 趋势 前瞻 客户 合作伙伴 众多 举办 联合 多个 实时 国家级 农产品 调整 管理 追溯 食品 共享 在中国 的数据 一个 协助 新华网 目的 借助 移动互联网 累积 功能 效率 营销策略 技术支持 统一 此外 完善 标准 互联 灵活 高效 服务 无限 安全 一直 产业链 希望 可能 未来 特别 定制 纷纷 良好 参与 最后的 环节 现场 蓬勃 年轻 标签 绘画 人群 留下 媒介 追踪 主流 社交 沟通 期待 我们 高兴 这样 前景 基础 代表 表达 工具 一大 道路 逐渐 目标 转型 数字化 发展 浪潮 推动 核心 策略 不能 满足 日益 远远 已经 相对 传统 飞速 携手 变化 需求 总裁 表示 资产 之后 积累 数据 成为 入口 注定 帮助 多样性 开展 例外 的影响 产生 至关重要 随之 新型 正是 出发 才能 唯有 完美 结合 通过 能力 进行 互动 持续 不断 分析 为中心 同时 行为 维护','1');
INSERT INTO `v9_search` VALUES('169','1','141','1482755100','技术驱动创新，透云科技助力中粮荣膺年度最佳商业模式创 模式 年度 商业 商业 福临门 模式 营销 世纪 创新 最佳 行业 颠覆 中国企业 消费者 技术 生产 方案 科技 数字化 传统 近期 成功 品牌 产品 荣获 一同 年度 凭借 购买 中粮 专家 印象 全产业链 刺激 实际 现金 另外 带动 可以 会员 如何 了解 追溯 产品的 等信息 日期 工厂 加深 实现 互联网 的趋势 完美 演示 推动 需求 供给 改革 营销策略 导向 调整 入手 环节 用户 发展 更多 此次 解决方案 四大 关键 促销 渠道 正是 价格 注册 功能 评论 二十一 是由 评选 经济报道 数字 突破 激烈 历经 还有 英特尔 驱动 银行 腾讯 公司 平安 以及 常规 方法 依托 提供 支持 可以通过 有趣 定制 创意 媒体 业界 投资界 赢得 生态 一致 推崇 双重 活动 这次 最终 认可 动画','1');
INSERT INTO `v9_search` VALUES('170','1','142','1484915160','惊喜连连，天喔茶庄C满E新春红包扫不停 茶庄 红包 积分 消费者 品牌 惊喜 产品 扫描 参与 中奖 互动 功能 营销 轻松 基于 促销 帮助 赢取 机会 同时 营销活动 传统 各式 各类 为了 配合 除了 必不可少 春节 不停 将近 新年 必备 带来 广大 即可 的到来 持续 商品 完善 个性化 提升 技术 可以 意识 越来越 崛起 关键 借助 赋予 不断 快速 连连 信息 上线 双向 手机 获得 应用 有益 分析 企业 连接 开发 行为 随着 场景 新春 百分 页面 奖励 大奖 现金 进入 打开 购买 使用 开始 元月 通过 目的 会员 社群 的方式 扩大 活动 第一 实现 直接 此次 累计','1');
INSERT INTO `v9_search` VALUES('171','1','143','1485088020','透云科技成功通过CMMI 3级认证 科技 科技 认证 能力 标志 国际标准 审核 过程 成功 软件 目的 得到 达到 能够 流程 评审 整体 严格 经过 正式 近日 通过了 组织 通过 资格 此外 大型 列为 准则 招标 许多 一定 必要 改善 更是 产品质量 不仅仅 途径 国内 并且 程度 规模 只有 的公司 完成 情况 特殊 自身 根据 以及 自己 制度化 予以 管理体系 标准 与此同时 通行证 水平 等级 因素 不仅 实施 保障 措施 管理 整套 考虑 共同 证书 核心竞争力 同时 认可 一次 全面 展示 系统工程 软件工程 软件业 国际 质量管理 目前 进入 公认 世界 研制 开发 国防部 是由 集成 模型 大学 协会 工业 国防 和美 国际市场','1');
INSERT INTO `v9_search` VALUES('172','1','144','1487161620','透云科技为立顿奶茶打造 “好友扫码享温暖”活动 立顿 奶茶 好友 温暖 消费者 好友 活动 朋友 营销 温度 成功 获得 品牌 科技 分享 购买 产品 季节 能够 传递 大礼 孤单 通过 一个 但是 同时 立刻 连接 排名 参与 即可 开启 人气 旗舰 是不是 一时 建立 第一 之中 互动 营销活动 推动 个性化 打造 作为 销量 沟通 时尚 整个 以往 生活 提升 追求 行为 边界 促进 体验 节奏 开发 扫描 轻松 手机 双向 信息 积分 生态 为中心 企业 帮助 商品 赋予 概念 引领 主动 应用 有益 场景 基于 渠道 现在 经典 充满 口令 有效 成为 邀请 冬天 这个 开展 受到 身边 采用了 桥梁 手段 不同 等级 优势 配合 利用 巧妙 不仅 营造 他们 良好 氛围 推出 累计 收到 惊喜 祝福 冬季 维系 需要 关系','1');
INSERT INTO `v9_search` VALUES('173','1','145','1487334480','透云科技为融氏玉米油打造创新营销溯源解决方案 玉米油 解决方案 科技 消费者 品牌 使用 之旅 产品 解决方案 营销 科技 可以 扫描 信息 产品的 了解 生产 信任度 工厂 目前 哪个 一道 打造 创新 好坏 无论 选择 惊喜 联系 密切 新鲜 品质 有着 全部 加深 提升 自己 参与 标签 揭开 同时 互动 连连 丰富 奖品 活动 放心 诞生 可以通过 购买 即时 真正 证书 资质 得到 技术 壁垒 沟通 无法 直接 近期 加强 传递 手段 传统 一定 安全 他们 首要 市场 因素 考虑 利用 成长 种子 物流 厨房 全面 维度 美味 一时 第一 帮助 通过 健康 覆盖','1');
INSERT INTO `v9_search` VALUES('174','1','146','1489149000','透云科技母公司正式更名为中国透云科技集团有限公司 科技 母公司 中国 科技 有限公司 集团 母公司 创新 提供 名称 代码 销售 控股 企业 营销 商品 方案 包括 物联网 过程 产品 交易 应用 管理 防伪 整合 解决方案 在内 追溯 结合 收购 中文 英文 印刷 简称 更名 取代 股份 市场营销 个性化 边界 基于 蒙牛 包装 生产 拥有 研发 设计 用品 专利 数字 技术 服务 生产商 终端 联合 中粮 光明 知名品牌 客户 从事 沟通 主要 股票 关于 买卖 第二 日上午 生效 表示 主席 维持不变 公司股份 为公司 采纳 名为 正式 改为 中英文 更好 致力于 通过 领导者 赋予 消费者 既有 品牌 企业形象 树立 重视 反映 为基础 增值 前景 业务 代表 产品及服务 之间','1');
INSERT INTO `v9_search` VALUES('175','1','147','1489667460','透云科技受邀出席微软“擎云·见智”活动 微软 科技 帮助 消费者 科技 提供 技术 数据 活动 营销 合作伙伴 战略 设备 客户 通过 平台 应用 行为 购买 区域 互动 社交 品牌 万物 交互 登陆 互联 智能 更好 信息 唯一 多个 已经 商品 企业 连接 媒体 大会 销售 商业 邀请 参与 举办 众多 国内 软件开发 独立 玫瑰 产品的 收集 跟踪 开发出 喜爱 分布 市场 整合 程度 细分 出席 人机 实现 体验 同时 实时 关联 制定 带来 数据库 真实 移动 不再 手机 时代 我们 世界 获得 这个 家里 手表 由此 得到 可靠 此时 营销策略 依据 目前 未来 产品及服务 使用 技术服务 怎样 促进 共同 如何 大家 解决方案 提升 为基础 各类 垂直 关注 与会者 设置 参加 长期 作为 展示 受到 实践 等问题 产生了 过程 管理 沟通 之间 防伪 完成 包装 借助 的数据 主流 旨在 构建 领导者 基于 行业 兴趣 浓厚 开发 深入 交流 优化 层面 直接','1');
INSERT INTO `v9_search` VALUES('176','1','148','1489753920','透云科技收购信码互通，加强生产供应和通路行销服务能力 能力 科技 科技 收购 有限公司 应用 战略 生产 供应 品牌 啤酒 客户 行销 服务 包括 提供 物联网 宣布 产品 销售 能力 加强 北京 解决方案 之一 企业 领导者 经验 领域 行业 表示 先生 得到 首席执行官 供应链 在内 珠江啤酒 认可 饮料 声誉 青岛啤酒 良好 吸纳 更好 竞争力 打造 将继续 细分 消费者 人才 优秀 资源 优化 进一步 此次 升级 降低成本 更多 研发 提高效率 通过 终端 商品 技术开发 个性化 营销 防伪 管理 过程 规模 国内 成为 追溯 全方位 成立 科学 知名 技术 成熟 拥有 的数据 实现 帮助 这项 分销 策略 全程 促销 直至 先进','1');
INSERT INTO `v9_search` VALUES('177','1','149','1490272380','透云科技助力奥妙横扫万家门店，掀起“洗旧焕新”狂潮 万家 门店 奥妙 消费者 科技 新年 张继科 活动 互动 连接 营销 狂潮 现金 品牌 全国 方式 创新 基于 海报 怎么 名为 拍摄 公益 大使 配合 营销活动 掀起 采用 担任 上线 个性化 已有 参与 统计 很快 本次 互联网 青睐 时代 时尚 场景 双向 真正 建立 生态 为中心 帮助 应用 通过 促销 赋予 奖励 开发 作为 促销活动 万事 打造 技术 获得 轻松 到手 简单 如此 或者 扫描 只需 月期','1');
INSERT INTO `v9_search` VALUES('178','1','150','1490618040','多芬携手透云科技，扫码100%有惊喜 多芬 科技 消费者 科技 品牌 购买 扫描 技术 携手 互动 兴趣 吸引 营销 终端 通过 提升 这个 春季 肌肤 时间 只要 利用 越来越 不断 惊喜 崛起 连接 被动 不再 意识 双向 完善 个性化 中奖 数量 奖品 从而 随着 更多 持续 推销 对象 基于 开发 上线 场景 有益 快速 轻松 应用 赋予 商品 进行 他们 鼓励 能够 调整 关键 成功 销售 进入 免费 获得 即可 页面 会员 资格 对比 数据 物流 提供 结果 营销策略 优化 的数据 期间 活动 数字 输入 产品 领取 增强 进一步 灵活','1');
INSERT INTO `v9_search` VALUES('179','1','151','1491827700','新零售化时代，一物一码引爆快消品精准营销 一码 时代 营销 品牌 消费者 时代 技术 零售 北京 娱乐 科技 行业 帮助 互动 直接 登陆 实现 体验 情感 多个 商品 已经 通过 战略 长期 合作伙伴 分公司 平台 总经理 作为 沟通 研发 数字化 举办 中心 基于 信息 诉求 不同 传递 针对 做出 更为 应用 产品 个性化 领导者 防伪 的数据 媒体 社交 主流 借助 交互 唯一 包装 完成 技术服务 提供 连接 之间 企业 销售 过程 可以通过 管理 构建 创造 创意 活动 出席 女士 大家 分享 如何利用 传播 主要 融合 为基础 同时 双向 变得 更加 移动互联网 此外 亲切 促进 参与 引入 可以 方面 现在 场景 与其 他们 提升 产生 推进','1');
INSERT INTO `v9_search` VALUES('180','1','152','1493123760','透云科技“一物一码”，引爆共享经济下的快消品创新营销 一码 经济 科技 营销 科技 福临门 创新 共享 品牌 消费者 中粮 经济 模式 平台 生产 技术 活动 传统 基于 销售 先生 实现 提供 完成 数据 生态 了解 多个 已经 可以 帮助 企业 产品的 越来越 整合 商品 行业 商业 论坛 举办 颠覆 依托 作为 战略 北京 合作伙伴 召开 购买 媒体 产品 联合 不再 体验 希望 获得 消费 个性化 服务 满足 推崇 数字化 赢得 投资界 业界 方法 常规 数字 方案 突破 一致 认可 流通 扮演 主导 今天 世纪 最佳 角色 建立 过程 管理 防伪 连接 沟通 通过 构建 之间 技术服务 主流 直接 登陆 交互 互动 唯一 包装 社交 的数据 借助 领导者 应用 核心 推动 业务 客户 为基础 新技术 转型 原料 运营 渠道 打下 基础 支持 运输 仓储 流程 表示 带来 的增长 压力 滞后 受到 经济模式 变革 探索 寻求 独立 及时 为主 已成 为中心 面对 方面 分享 出席 大家 主题 演讲 速度 渗透 生活 空前 巨大 互联网 效果 同时 现金 实际 另外 印象 加深 全产业链 专家 刺激 带动 去年 凭借 历经 用户 更多 会员 注册 发展 等信息 打造 更为 完整 定制 第三方 开放 进行 可以通过 追溯 工厂 日期 如何 有趣 动画 演示 激烈','1');
INSERT INTO `v9_search` VALUES('181','1','153','1493210220','透云一物一码为深晖凉粉注入营销新势力 一码 凉粉 势力 消费者 互动 品牌 作为 营销 饮食文化 更是 食品 科技 小吃 不仅 分享 营销活动 产品 个性化 传统 技术 活动 连接 广东 喜爱 人民 视为 养生 美食 各地 深受 中国的 势力 重要 部分 吸引 当地 鼓励 特点 利用 巧妙 渠道 树立 更好 开发 良好 优势 一个 行业 采用了 商品 通过 展开 季节 占据 推动 销量 在线 而且 追求 朋友 上线 完善 提升 交流 轻松 应用 的影响 场景 互联网 基于 如今 不但 此次 赋予 有益 双向 美味 文化 健康 绿色 提供 夏季 伴随 希望 始终 游客 广大 深圳 公司拥有 有限 企业 来临 运用 不如 拿到 现金 赢取 金额 延续 无限 惊喜 机会 顶端 注入 开展 全国 清凉 凡是 包装 扫描 购买','1');
INSERT INTO `v9_search` VALUES('182','1','154','1495111080','透云科技助力汇源果粒王，扫码就送夏日双重大礼！ 汇源 果粒 大礼 消费者 健康 科技 互动 夏日 惊喜 营销 技术 现金 一边 个性化 品牌 标签 补充 各种 维生素 美味 物质 及时 必须 大礼 双重 即将 人体 到来 最佳选择 习惯 饮食 年轻 这些 清凉 真是 甚至 可以 分享 优势 完善 连接 提升 双向 上线 巧妙 基础 借助 轻松 免费电影 携手 夏天 利用 日起 促销 购买 火爆 开启 这个 活动 吉祥 产品 使用 电影 中奖 扫描 机会 赢取','1');
INSERT INTO `v9_search` VALUES('183','1','155','1495179360','奥妙上线二维码营销活动，双重洁净送壕礼！ 二维码 奥妙 营销 互动 消费者 品牌 技术 借助 双重 可以 发展 帮助 个性化 上线 形象 我们 国际 自信 特惠 知名 洗衣 近日 正在 手段 广泛 新型 应用 得到 迅速 随着 移动互联网 作为 科技 轻松 双向 热力 提升 连接 完善 目的 达到 通过 成熟 传统 机会 系列 购买 超市 扫描 即可 幸运 参与 家乐福 指定 不停 营销活动 日至 每位 有趣 简单 配合 方式 活动 受到 初期 理念 生活 价值 赢取 参与者 健康 顺应 广大','1');
INSERT INTO `v9_search` VALUES('184','1','156','1495697940','泰德利维他命饮料，扫出夏日无限活力 泰德 利维 夏日 活动 饮料 品牌 提升 帮助 补充 活力 通过 产品 得到 消费者 大量 功能 随之 为了 运动 可以 物质 各种 夏季 夏日 随着 人们 增加 户外 强化 需求 有效 销量 高额 营销 刺激 此次 效果 将来 基础 提供 影响 扩大 数据 更好 了解 最高 积累 关注 公众 引导 优化 增加了 迅速 市场占有率 此外 营销策略 获得 疲劳 消除 精神 提高 生活 效率 工作 快速 能量 无限 人体 每日 充分 维生素 需要 质量 系列 购买 时间 促销 打开 机会 扫描 手机 互动 打造 身体 同时 近期 联手 科技 赢取','1');
INSERT INTO `v9_search` VALUES('185','1','157','1495698000','健康美味还有红包拿，君乐宝每日活菌新一轮“抓”码活动 一轮 红包 美味 消费者 活动 产品 健康 帮助 美味 进行 一个 获得 购买 现金 每日 品牌 分享 成功 积分 商城 视频 会员 音乐 通过 营销 青睐 深受 一直 双向 拥有 旗下 调节 互动 国人 还有 运动 奖品 高清 资源 高品质 马拉 社群 腾讯 体验 精品 付费 一起 试听 时光 可以使 覆盖 方式 多个 实现 产品的 赢得 自己 客户 转化 形成 此外 影响 创新 成为 扩大 不负 期间 沟通 近日 携手 运用 科技 的方式 不断 工艺 新一 提升 同时 最为 坚持 始终 技术 高达 金额 参与 累计 豪华 可以 即可 无穷 促销 开展 任意 其中 扫描 打开 大奖','1');
INSERT INTO `v9_search` VALUES('186','1','158','1495784520','透云助力雀巢水儿童装，扫码享趣赢大礼 水儿 雀巢 大礼 健康 儿童 获得 消费者 疯狂 动物 品牌 习惯 提升 成功 欢乐 活动 科技 产品 营销 全球 市场 最大赢家 在中国 无疑 动画 最佳 大陆 动画片 大礼 同时 授权 地区 养成 正确 倡导 身体 维护 通过 人们 随着 近年来 意识 不断 越来越 其中 重视 针对 个性化 轻松 上线 双向 完善 连接 手法 运用 群体 受关注 心理 互动 需求 更是 机会 开展 携手 上市 伴随 带给 无限 系列 推出 日至 购买 鼓励 人物 卡通 正版 商品 还有 此外 激活 参加 促销 包装 标签 扫描 即可 面的 惊喜','1');
INSERT INTO `v9_search` VALUES('187','1','159','1495870980','透云科技发布2017《快消行业二维码互动营销趋势白皮书》 二维码 白皮书 趋势 品牌 营销 互动 消费者 科技 内容 趋势 服务商 活动 行业 创意 提供 通过 希望 开展 行为 应用 超过 显示 数据 发布 成为 使用 个性化 价值 今天 基于 帮助 商品 能力 选择 领导者 技术 沟通 调研 市场营销 媒介 城市 因素 选用 先生 轻松 新时代 开启 表示 考虑 专业 代表 第三方 看重 水平 首先 规模 对中国 信息 实时 有的 有益 领域 记录 即时 创造 商业 共享 高度 传播 场景 开发 目的 不断 分析 人士 连接 完善 持续 赋予 意愿 提升 双向 目前 激励 加强 积分 重要 逐渐 另有 追踪 未来发展 累积 人员 发现 调查 全国 排名 地区 分别 人气 方式 广东 北京 习惯 防伪 愿意 旨在 了解 擅长 合作伙伴 结果 构成 核心 一直 围绕 手段 看到 作为 不仅 此外 带来 的数据 信任 的必要性 建立 利用 现状','1');
INSERT INTO `v9_search` VALUES('188','1','160','1498895100','透云科技一物一码溯源技术为婴幼儿食品安全保驾护航 一码 食品安全 婴幼儿 食品 科技 行业 营销 消费者 技术 实现 品牌 全球 平台 原料 同时 流通 真正 食品安全 全面 作为 领导者 完达山 蒙牛 数据 营养 峰会 举行 等信息 传达 孩子 提升 运输 高效 可以 运用 防伪 功能 参与 来源 描绘 从而 分析 经过 实时 部署 得到 帮助 通过 微博 基础 个性化 营销活动 奠定 放心 出台 以期 趋势 发展 现状 整合 销售渠道 创新 探讨 共同 众多 专家 此次 事件 引发 分辨 借助 希望 父母 他们 购买 了解 商品 新一代 生产 相关 以来 危机 信任 部门 纷纷 规范 新政 各类','1');
INSERT INTO `v9_search` VALUES('189','1','161','1500018360','喝兰芳园，“码”上与歌神零距离 兰芳 零距离 营销 活动 品牌 消费者 科技 技术 发展 互动 迅速 惊喜 利用 可以 之际 需要 这时候 许多 工作 尤其 下午 经典 个性化 中奖 受到 简单 欢迎 为了 奠定 数据 销售 后期 快捷 热烈 各地 导购 直接 主要城市 一旦 一经 进行 保证 推广 真实性 成都 杭州 温州 模式 正在 轻松 成熟 通过 达到 目的 上线 提升 完善 连接 双向 传统 帮助 移动互联网 作为 随着 新型 手段 应用 借助 广泛 得到 广深 基础 机会 今天 街头 不必 近期 地道 味道 喜爱 巨星 创造 毫无疑问 究竟 不过 那么 自然 首选 陈奕迅 成为 问世 开展 此次 覆盖 高达 重要 商城 全国 大部分 中心 包括 商业 以及 高校 会员 门票 现场 购买 日起 下来 大奖 完全 获得 手机 张学友 演唱会 价值 赢取 扫描','1');
INSERT INTO `v9_search` VALUES('190','1','162','1500623280','扫码激发元动力，100%赢大礼！ 大礼 动力 动力 消费者 健力宝 激发 瞬间 活力 扫描 营销活动 科技 是不是 大礼 品牌 空调 商品 概念 通过 时尚 生活 节奏 夏季 以往 追求 体验 互动 个性化 引领 应用 积分 参与 定制 从而 提升 即可 手机 开发 基于 场景 整个 有益 赋予 强化 多重 带来 技术 惊喜 购买 日起 营销 能量 获得 同时 借助 携手 维生素 营养 马拉 综合 中奖 现金 促销 饮料 产品 使用 赢取 机会','1');
INSERT INTO `v9_search` VALUES('191','1','163','1500709860','喝好奶，补补钙，还有红包等你拿！ 补钙 红包 吸收 身体 元素 补充 制品 大奖 因此 及时 关注 消费者 许多 健康 营销 可以 选择 皇氏乳业 如今 通过 赢取 品牌 不仅 科技 重大影响 造成 缺乏 发现 人体 必需 专家 研究 现金 耳机 只需 价值 促销 机会 任意 顺应 互动 过程 帮助 赋予 技术 商品 企业 知名度 增强 用户 提升 连接 双向 需求 牛奶 简单 活动 马拉 购买 年轻 个性化 心理 时尚 追求 购物 习惯 以及 携手 可能 意识 足够 处于 食物 在于 原因 状态 问题 多人 保持 我们 还有 具有 不可 尽管 然而 作用 忽视 属于 最佳选择 品质 确保 优质 今年 夏天 手法 借助 使用 坚持 含量 最好 专家建议 容易 丰富 市场 一贯 困难 各类 日起','1');
INSERT INTO `v9_search` VALUES('192','1','164','1501141980','青花有爱，扫码助力贫困生圆筑学梦 青花 贫困生 孩子 贫困 科技 消费者 学生 营销 现金 获得 机会 同时 帮助 产品 企业 互动 旅游 聚会 娱乐 时候 大部分 技术 那么 石家庄 不足 家用 学期 补贴 学费 关注 始终 致力于 社会 符合 双向 可以 过程 连接 提升 用户 增强 知名度 品牌 赋予 爱心 山区 不但 简单 如今 商品 通过 需求 心理 一次 活动 教室 坐在 好奇 探索 世界 未知 这个 一样 打工 家庭 他们 其他 无法 为了 更多 发展 青少年 身上 基金会 还有 扫描 大小 开展 借助 携手 大型 购买 范围 期间','1');
INSERT INTO `v9_search` VALUES('193','1','165','1501228440','吴亦凡freestyle携蒙牛优益C，带你“码”上有奖！ 亦凡 蒙牛 蒙牛 需要 活力 年轻 健康 可以 注重 饮食 运动 良好 生活 阳光 运用 包装 保持 科技 由于 大奖 自己 消费者 轻松 互动 重要 部分 非常 营销 品牌 产品 点评 门槛 大众 扫描 赢取 机会 促销 现金 揭开 手法 需求 他们 心理 上线 双向 同时 提升 个性化 完善 连接 针对 累计 参与 不够 如果 活动 价值 如今 越来越 回家 苹果 美食 除了 大脑 第二 人体 作为 我们 更加 今夏 呵护 趋势 结构 规律 有奖 均衡 压力 凸显 日渐 多人 等问题 带领 开展 只要 每个 技术 携手 惊喜 日起 意外 还有 欣赏 夏日 大家 拯救 作战 最新 看到 不过 购买','1');
INSERT INTO `v9_search` VALUES('194','1','166','1501833360','透云科技|喝航天品质酸奶，赢百万大奖！ 酸奶 航天 大奖 品质 航天 探索 蒙牛 消费者 事业 国航 科技 大奖 价值 领域 不断 产品 随着 成功 自主 货运 神州 连续 营养 发射 研制 我国 企业 应用 有益 帮助 基于 同样 优质 生态 通过 商品 开发 赋予 场景 手机 参与 建立 同时 高度 积分 品牌 营销活动 为中心 信息 连接 双向 扫描 即可 获得 轻松 福利 带来 不但 今夏 携手 营销 日起 技术 辉煌 百万 全面进入 发展 阶段 购买 之间 回家 人类 会员 眼镜 平板 电脑 黄金 饰品 本能','1');
INSERT INTO `v9_search` VALUES('195','1','167','1502956620','Freestyle 吗？品牌爸爸们say YES! 爸爸 品牌 品牌 消费者 营销活动 市场 营销 奖品 活动 夏日 参与 打造 今夏 年年 明星 成功 效应 好玩 门票 演唱会 吸引 为了 主题 设置 吸引力 有趣 这个 活力 促销活动 爸爸 才能 江湖 如何 看看 起到 作为 张学友 一大 特殊 作用 积极 组合 刺激消费 是否 受关注 策略 多元 设定 所在 使用 企业 承诺 帮助 脱颖而出 成为 一次 石家庄 基金会 发展 青少年 能够 年轻 季节 瞬间 热点 激情 时候 独特 着力 纷纷 挂钩 今年 目光 夏天 科技 多家 抓住 广告 多年 不断 出新 今天 开展 利用 总结 人气 蒙牛 口头 代言人 邀请 影响力 充满 扩大 融入 场景 动力 健力宝 操作 哪些 小游戏 进入 即可 其中 灵魂 年代 还是 真正 意思 没什么 起来','1');
INSERT INTO `v9_search` VALUES('196','1','168','1504511940','新零售时代的“码”上世界——透云科技CEO谢阵专访 时代 世界 科技 品牌 一个 营销 零售 消费者 系统 我们 开始 商品 获得 技术 数据 能够 可以 服务 科技 产品 供应链 完整 进行 这些 市场 个性化 整个 同时 功能 不同 实现 社区 消费 营销活动 时代 提供 城市 信息 成为 一家 销售 显示 这样 帮助 的数据 各种 流程 通过 更加 快速 设计 包括 以及 互动 作为 系列 管理 这个 发展 传统 放弃 经济 环节 过程 如何 基于 模式 任何 电子 重构 特别 容量 阿里巴巴 优惠 保证 确保 引领 优势 印刷 切实 当前 之一 生产 巨头 所有 网上 词汇 参与 更好 追踪 年度 趋向 概念 价值 热门 因此 自己 围绕 介绍 零售业 精确 成本 平台 表示 面向 存在 丰富 方面 逐渐 在线 捕捉 扩展 影响 十分 问题 品质 直接 世界 研发 专访 起来 重要 会员 合作 更多 年底 促销活动 提高 下单 发放 巨大 分散 这是 支持 营销策略 状况 销量 指导 即时 库存 收银 动态 覆盖 互联网 消费品 似乎 行销 报告 总体 行业 整合 应有 衔接 万亿元 公开 资料 计划 发布 开展 年中国 达到 哪里 契机 的计划 大巨头 配合 针对性 带来 推广 专利 消失 红利 万亿 加强 阿里 进一步 利润 愿望 策略 名牌 他们 个体 采购 上涨 不断 纳入 全部 深入 未来 深圳 长三角 全国 各个 优质 大小 设备 主力 为主 需求 服务于 产生 应对 竞争 升级 当下 占有率 不是 盈利 没有 年轻 追求 希望 东西 定制 日期 业务 供货 后者 实物 分销 新品 使用 企业 享受 前者 分为 据悉 高效 开放 渠道 构成 共同 二者 生态 降低 目前 效率 借助于 从小 开设 利用 实际 更为 一定 贯通 居民 范畴 事情 展现 基础 多功能 多样化 看到 大部分 媒体 起到 只是 终端 适用于 相比 入口 具有 安全 特点 要求 性能 传播 作用 路径 领取 奖励 好处 增强 并且 行为 明确 特性 单个 时说 特殊性 赋予 详细 制造 原料 了解 收集 老婆 夫妻 培养 上游 现实 反馈 群体 大量 有效 所有人 布局 目光 主要 体验 如何在 聚焦 的性质 专注 利益 弱势 借助 接受 关注 的公司 之间 循环 双向 经过 从而 现金 积分 安全问题 奖品 重视 金融 根据 完善 受影响 创新 产品的 对应 类商品 恰当 有的 可用 位置 标准 达成 知名企业 国内外 迄今 超过 概率 平均 联合 短短 加密 规定 年来 已经 蒙牛 光明 尤其 包装 立体 得到 无疑 一直 以来 只能 无法 上线 那些 占据 对于 据此 部分 来说 调研 人工 减少 相对 变成 挑战 形成 身份证 针对 难题 原材料 费用 想象 方式 统一 空间 此外 由于 延伸 现在 街头','1');
INSERT INTO `v9_search` VALUES('197','1','169','1505203200','透云科技|“码”上时代，食之有溯 时代 科技 消费者 积分 企业 营销 品牌 食品 关注 科技 营销活动 提供 帮助 时代 成为 参与 形象 颁发 不断 国家 即可 国民 页面 购买 虽然 建立 热点 越来越 法律法规 可是 防伪 安全 进行 实现 每年 还是 依然 找出 有害 平台 公众 消费 可以 轻松 并且 放心 身份证 解决方案 借助 打造 除了 生动 他们 在线 真实 有效 在云端 全部 存储 分析报告 根据 客户 潜力 针对 受众 分析 的数据 技术 互动 各类 形成 通过 终端 可以通过 云计算 移动互联网 强大 凭借 此外 管理 相对 的安全 毕竟 惊喜 健康 购买的 自己 知名品牌 不乏 其中 期待 进一步 了解 渠道 完善 透明 活动 技术支持 兑换 相应 商城 可在 累计 产品 引导 积累 这样 领取 获得 产品价格 动画 展示 丰富 扫描 原料 销售 一次 赢取 同时 专业 全过程 稳定','1');
INSERT INTO `v9_search` VALUES('198','1','170','1505376060','首届中国营销技术峰会，透云“一物一码”备受青睐 一码 峰会 中国 营销 技术 品牌 数字 平台 峰会 科技 通过 消费者 青睐 本次 营销活动 提供 管理 副总裁 一个 作为 定制 商品 已经 帮助 创新 多个 人员 越来越 利用 客户 运营 沟通 产品 互动 企业 今天 首届 个性化 变革 流量 数据 开放 第三方 进行 同时 从而 时机 频率 而且 吸引力 不仅 渠道 更具 提高 提升 打造 针对性 销量 基于 社交 媒体 的数据 主流 完成 技术服务 借助 交互 实现 登陆 直接 包装 唯一 防伪 过程 发表 演讲 完整 生态 普遍 应用 连接 销售 之间 构建 行业 领导者 更为 技能 领先 出席 观点 领域 分享 会上 全球 趋势 主题 发言 嘉宾 召开 邀请 自动化 加快 备受 包括 亚太区 主席 发展 早已 时代 互联 万物 思路 依托 使用 手段 媒介 入口 变为 战略 世界 因此 不可避免 取胜 不能 创意 理解 了解 核心 探讨 必备 工具 数字化 加强','1');
INSERT INTO `v9_search` VALUES('199','1','171','1505376240','营销4.0时代，DIY你的扫码营销 时代 品牌 营销 消费者 营销活动 活动 管理 产品 信息 需求 定义 流程 科技 互动 平台 通过 帮助 不断 定制 轻松 可能 参与 社交 内容 方式 提供 市场 形式 时代 成功 数据 第三方 市场营销 包括 奖品 分享 同时 成为 个性化 蒙牛 丰富 吸引 页面 组合 无法 创新 这个 场景 工作 方便 目前 积分 持续 造成 趣味 知名 结合 有机 创意 开启 之旅 美食 巧克力 福临门 中粮 目标 以及 以往 导致 过程 手段 沟通 理解 扫描 准确 设计 方案 最终 完全 连接 昨天 放到 销量 或许 就是 网络 好玩 重要 已经 有趣 不仅 生产力 爸爸 意识 不再 今天 基于 提升 快速 形象 部分 模板 加强 设置 信赖 第三 单一 详细 不同 类型 激励 整体 满足 改善 体验 资源 多元 策略 模块 加工 生产 环节 因此 采集 原料 规则 基本 展现 摆脱 表现 作用 功能 利益 输出 提倡 一直 点评 突出 链接 马上 点击 提高 打造 购买 建立 中奖 真实 云计算 技术 有效 追踪 了解 全产业链 特质 相关 原创 抓住 配合 专家 巧妙 运用 依托 地域 朋友 渠道 入口 属性 礼品 奖金 在内 兑换 各种 奖励 游戏娱乐 的方式 制定 必不可少 的操作 提出 策划 在线 整合 边界 分析 作为 不过 虚拟 企业 开发 完善 赋予 留下 有益 即可 双向 获得 上线 应用 商品 赢取 现金 支持 实物 快捷 广泛 认可 可以通过 相应 负责 选择 多种 组件 促进 按照 推出 互联 全新 移动 随着 自身 借助 灵活 手机 机动 调整 营销策略 时间 根据 促销 能够 机制 生成 希望 之下 背景 并且 人们 由于 双方 差异 日常 主要 这种 落实 状况 之一 成本 必要 重复 深入 完成 甚至 效果 影响 按时 呈现 效率 降低了 进度 发展 类别','1');
INSERT INTO `v9_search` VALUES('200','1','172','1506326940','透云科技推出3,000元扫码营销产品，为中小企业提供营销解决 中小企业 产品 科技 品牌 科技 营销 产品 提供 企业 商品 消费者 超值 营销活动 应用 数据 销售 集团 管理 创新 小于 技术 方案 能力 包括 个性化 防伪 基于 服务 人气 领导者 推出 售价 追溯 在内 过程 整合 定义 报表 两个 生命 持续 解决方案 结合 市场营销 页面 发布 致力于 中小企业 以及 通过 大型 设计 体验 流程 用户 版本 行业 机制 适用于 安全 构架 组件 客户 主要 赋予 印刷 更多 关于 套餐 其中 对于 唯一 作为 之间 既有 进一步 快速发展 普及 物联网 信息化 建设 提高 多元 入口 合适 移动互联网 成为 发展 真正 价格 包装 终端 用品 推动 从事 股票 代码 研发 生产 数字 生产商 拥有 专利 有限公司 资产 生态 行为 分析 为中心 打造 边界 借助 不断 完善 获得 之后 提升 个性 互动 沟通 奖品 规范 模板 轻松 促销 一样 享受 一致 所有 运营 快速 准确 灵活 调整 营销策略 销量 地域 生成 根据 时间 保持 风格 经验 同样 对市场 积累 解决 分别 需要 优化 周期 界面 验证 功能 类别 中奖 统计 报告 中心 活动 互联网 信息 截至 年底 并且 随着 国家 达到 手机 网民 已经 市场 改变 实现 钥匙 工程 实施 选购 概率 覆盖 理想 随时 修改 搭建 自行 多样 判断 可以 大力','1');
INSERT INTO `v9_search` VALUES('201','1','173','1508832660','透云科技发布新版扫码营销产品，邀行业大咖共议精准营销 行业 产品 科技 营销 品牌 消费者 科技 产品 实现 市场 分享 主题 技术 营销活动 行业 现场 效果 出席 女士 福临门 作为 经验 行为 购买 中粮 共同 高管 企业 沙龙 商品 新版 在外 通过 社交 融合 结合 不断 小于 举行 总经理 如何 定义 主办 成功 团队 提供 董事 数字 新时代 管理 服务 等行业 探讨 个性化 目标 推出 创新 副总裁 定位 发表 来自 演讲 医药 经理 提升 互动 负责人 世纪 中国企业 入口 项目 带领 流量 模式 商业 最佳 核心 成为 追求 确保 用户 图像 应用 领导者 完美 专业 优势 发挥 将继续 讲述 贴近 达成 可能 转化 从而 数据 力量 积累 各位 多年来 中国市场 发言 的数据 强大 打破 传统 需要 今天 新技术 发展 思维 积极 才能 众多 手段 利用 创意 基础 互联网 表示 如何利用 方式 时代 发布 达到 同时 介绍了 最新 正式 进行 活动 脱颖而出 针对 不同 了解 及时 轻松 部署 规模 超值 大于 适用于 分别 人气 套餐 快速 帮助 广泛 运用 如今 销量 赢取 提高 基于 架构 知名品牌 多家 机制 安全','1');
INSERT INTO `v9_search` VALUES('202','1','174','1508832840','红包季！透云再次助力福临门送大礼！ 福临门 大礼 红包 消费者 品牌 福临门 积分 营销 互动 营销活动 活动 通过 科技 同时 购买 基于 连接 参与 会员 即可 扫描 维护 中奖 高达 维度 甚至 成为 关注 公众 进行 帮助 提升 一个 连续 可以 获得 时候 国庆 这个 如果 愉快 十月 兴奋 一定 购物 狂欢 中秋 作为 到手 大礼 凭借 整个 优惠 上线 个性化 体验 能够 开展 行为 时尚 再次 积累 累积 用于 引导 稳定 以往 追求 生活 节奏 促进 生态 企业 技术 应用 双向 为中心 信息 产品 轻松 手机 有益 场景 引领 概念 渠道 多样性 创新 开发 赋予 这样 商品 建立 分钟 存在 一直 以来 对于 欢迎 令人 惊喜 感觉 意外 连连 而言 缤纷 热衷 大家 技术支持 手段 中粮 为了 能力 现金 还有 金额 强大 是不是 获取 销量 掌握 空间 城市 数据 分布 注册 提供 具体 时间 并且 一次 另外 累计 注册会员 传播 百万 本次 定位 信号','1');
INSERT INTO `v9_search` VALUES('203','1','175','1509696960','颠覆传统，经销商也能扫码领红包！ 红包 传统 商也能 经销商 品牌 热情 科技 产品 销售 有效 互动 传统 提供 渠道 提升 包装 活动 营销 赚钱 颠覆 时间 消费者 维度 保障 连接 通过 甚至 获得 即可 打开 更多 一个 销售渠道 扫描 同时 快速 目的 找到 价值 沟通 作为 而言 难题 如何 来说 增加 保持 一直 直接 手中 销量 到达 促进 真正 希望 联系 更加 产生 安全 如今 奖金 避免 的安全 有力 每个 手机号 最高 每天 设定 资源 鼓励 信息 参与 轻松 手机 双向 积分 营销活动 距离 基础 生态 建立 为中心 企业 概念 商品 引领 分钟 能够 赋予 开发 应用 帮助 有益 场景 基于 给予 分布 中奖 高达 现金 金额 针对 同样 提成 容易 合作 平台 双方 彼此 构建 寻找 技术支持 包括 有限 个性化 在内 导购 回报 额外 并且 传播 成为 风味 城市 高效 掌握 可以 空间 本次 定位 大大 刺激 奖励 促销 获取 方式 凭借 另外 具体','1');
INSERT INTO `v9_search` VALUES('204','1','176','1510042620','码上扫一扫，品美酒，游希腊！ 希腊 美酒 消费者 营销 品牌 互动 通过 企业 信息 大奖 年轻 对于 基于 产品 圣诞 营销活动 活动 开始 普通 越来越 包装 传播 同时 即可 科技 男人 步入 价值 旅行 传统 时刻 节奏 节日 自然 元旦 互联网 气氛 轻松 随着 包含 公众 激情 结果 单向 营销策略 成果 优化 以往 提升 诞生 印刷 只能 以来 崛起 获得 扫描 参与 开发 积分 手机 连接 场景 有益 快速 双向 上线 赋予 产生 关键 完善 意识 个性化 应用 引领 分析 行为 帮助 商品 不断 概念 持续 部分 这样 重要 竞争力 贴近 成为 背景 融合 移动互联网 如何 行业 不仅 品质 他们 来说 形象 用户 内容 因此 不可或缺 同样 了解 开展 社群 扩大 形成 容易 社交 分享 力度 另外 协助 有效 数据 大量 获取 鼓励 设置 身上 十八 购买 旗下 兑换 还有 奖品 基础 本次 奖项 丰富 追踪','1');
INSERT INTO `v9_search` VALUES('205','1','177','1510215480','桌面台式双屏智能收银设备招标公告 双屏 招标公告 台式 招标 索取 文件 资格 科技 设备 具有 物联网 企业 发送 通过 工作 保证金 有限公司 收银 项目 台式 公开 业务 信息 招标公告 推广 万元 发放 凭证 未来 需求 产品 人民币 独立 时间 提供 资料 证书 调查表 开户 开展 下载 运行 收到 邮件 桌面 良好 原则 智能 中华 公正 共和 根据 人民 编号 智慧 遵循 以及 公平 制造 有关 法律法规 公司 扫描 限于 国内 进行 第三批 认证 措施 国家 方式 提交 包括 附件 主题 所有 注明 用途 帐号 点击 下方 链接 建行 帐户 对于 虚假 改进 许可证 介绍 一经 形式 账户 银行 取消 有效 内容 置于 以下简称 实力 简介 全国范围 提升 自身 要求 法律 参加 法人地位 订立 运作 合法 财务 更好 可以 全国 更多 范围 深圳 石家庄 地区 无锡 苏州 拓展 已经 规划 硬件 以便 重新 目前 基于 阶段 合同 权力 销售 设计 被重组 破产 状态 资产 相同 相近 重大 质量问题 已有 发现 经验 以上 欢迎 体系 及其 完善 前来 低于 证明 信誉 没有 处于 商业 资质 的银行 常州','1');
INSERT INTO `v9_search` VALUES('206','1','178','1510647540','透云科技发布《2017一物一码行业现状及发展研究白皮书》 一码 白皮书 现状 行业 业务 科技 企业 应用 品牌 规模 规模化 营销 我们 个性化 亿元 现状 显示 研究 分销 目前 产品 快速发展 未来 管理 预计 发布 市场 各个 达到 发展 家企业 呈现 进一步 趋势 的发展 公司 信任 方面 合作 激烈 年度 服务 竞争 能力 主要 同时 领导者 已经 最为 处于 持续 高速 进入 愿意 更多 预见 业内 领域 经验 了解 详情 大型 信赖 综合 必然 得到 相信 理由 扩张 更具 全文 随着 提供 下载 基因 每年 不断 国内外 创新 行业发展 知名 开发 多个 蒙牛 包括 截止 光明 升级 现有 物联网 推动 丰富 方案 整合 需要 贴近 优势 明显 产品设计 灵活性 非常 作为 一家 专注 展开 积累 表示 具体 分类 市场份额 阶段 关联 形成 模式 将继续 扩大 食品安全 入门 门槛 监督 监管 成为 一块 国家 用户 广泛 其中 增长 大幅 实现 普遍 覆盖 流通 销售 环节 包含 商品 生命 周期 简单 造成 值得关注 发现 其他 防伪 并且 凸显 的趋势 由此 可以看出 占领 其后 要求 部分 认为 实施 自动化 一定 危机 工业 中间 经销商 分别 意愿 阻力 构成 同比增长','1');
INSERT INTO `v9_search` VALUES('207','1','179','1510820460','顺感觉，放轻松，一物一码助力天目湖啤酒个性化营销 一码 天目湖 啤酒 消费者 品牌 啤酒 积分 互动 营销 轻松 通过 场景 市场 不仅 企业 营销活动 个性化 消费 他们 来说 成为 一大 科技 主力 扫描 即可 信息 提升 逐渐 越来越 包装 一个 帮助 用户 如何 感觉 参与 同时 获得 年轻 统计 吸引 活动 年轻人 需要 培养 打造 世界第 基于 公众 赋予 行为 产品 对于 结果 概念 包含 分析 完善 印刷 商品 只能 或者 单向 不断 以来 诞生 激情 开发 上线 有限公司 快速 应用 持续 物联网 关键 双向 崛起 随着 有益 意识 饮料 引领 连接 手机 话题 气氛 愉快 提供 可以 可谓 一举 不等 购买 开展 旗下 方案 欢迎 上下 结合 品质 产品的 形象 备受 聚会 距离 奖励 构成 了解 进一步 数据 互联网 时代 机遇 冲击 行业 的到来 更多 获取 注册会员 可在 赢取 本次 进入 商城 实现 这样 现金 以往','1');
INSERT INTO `v9_search` VALUES('208','1','180','1510906920','一物一码引领全球食用香精香料创新营销 一码 香精香料 全球 消费者 品牌 可以 营销 帮助 企业 数据 全球 食用 市场 应用 峰会 实现 平台 营销活动 有效 提供 进行 产品 以及 扩大 媒体 多个 参与 商品 连接 社交 已经 技术 提升 基于 科技 防伪 信息 通过 规模 全球市场 预计 日益 召开 在中国 美金 行业 产品的 互动 生产 创新 管理 近年来 从而 迅速 真实 追踪 市场表现 同时 丰富 并且 记录 销量 激励 促销 一次 行为 个性化 作为 入口 多样 贴近 技术服务 过程 销售 之间 沟通 主流 登陆 交互 直接 唯一 借助 包装 构建 转化 分析 形成 整合 相互 付费 系统 支持 提高 会员 能够 了解 购买 自有 品质 越来越 受到 重视 增长 食品 安全问题 关注 对于 透明 建立 信任 公开 展示 来说 随着 探讨 著名 专家 研究者 国内外 诸多 聚集 高层 共同 问题 深入 业内 市场趋势 不同 研究开发 喜爱 领导者 每个 引领 原材料 物流 等信息 做到 原料 读取 获得 发表 主题 演讲 出席 副总裁 今年 如何 追溯 分享 解决方案 放心','1');
INSERT INTO `v9_search` VALUES('209','1','181','1511166180','个性化营销成为“一物一码”行业竞争高地 一码 高地 行业 营销 个性化 业务 科技 品牌 年度 行业 企业 显示 防伪 功能 分销 管理 预算 成为 其他 发展 产品 未来 应用 市场 达到 人气 预计 竞争 超值 针对 提供 公司 已经 我们 研究 现状 日发布 每年 方面 比例 领导者 不足 业内 知名 其中包括 明显 优势 表示 产品设计 整合 基于 方案 需要 贴近 能力 灵活性 报表 组合 套餐 验证 营销活动 相关 单一 售价 类型 以及 发起 截止 服务 经验 了解 更多 丰富 非常 展开 合作 积累 详情 下载 全文 国内外 多个 推动 物联网 行业发展 创新 专注 一家 同时 作为 基因 不断 蒙牛 光明 包括 目前 开发 升级 现有 报告 分别 细分 激烈 盈利 最为 下降 百分 点至 预期 数据 处于 直接 带来 提升 个百分点 各项 现行 入门 门槛 相对 认为 普遍 模式 分为 及其他 降至 超过 千万 其中 乃至 跨国 加入 可以 中小企业 客户市场 营销管理 推出 以此 预见 小型企业 潜力 全国 越来越 的竞争 并且 领域 可以看出 的数据 持平 通过 会持续 增加 发布 调研 趋势 根据 时间 关注 战场','1');
INSERT INTO `v9_search` VALUES('210','1','182','1511943960','规模化发展已成一物一码应用行业发展趋势 一码 行业发展 趋势 应用 行业 发展 科技 规模化 达到 亿元 品牌 趋势 已经 预计 同时 我们 产品 合作 推动 发布 成为 行业发展 显示 规模 市场 建设 网民 随着 信息化 大力 研究 国家 主要 领导者 营销 个性化 企业 现状 方面 服务商 快速发展 公司 进一步 更多 物联网 的发展 知名 成立 更具 信赖 大型 愿意 全国 未来 资格认证 预见 签约 目前 业务 高速 国内外 多个 展开 经验 丰富 积累 光明 非常 迄今 包括 进入 蒙牛 需要 不断 开发 升级 现有 每年 基因 创新 了解 下载 全文 详情 专注 一家 优势 明显 能力 表示 最为 激烈 产品设计 贴近 作为 灵活性 方案 整合 竞争 凸显 手机 年底 截至 统计 报告 普及 提高 移动 基数 加上 庞大的 入口 多元 真正 移动互联网 整体 实现 数据 调查 已成 根据 的增长 多种 积极因素 支撑 背后 增长 强力 因素 壮大 选择 提供 综合 信任 未来的 持续 理由 相信 服务 成功 质量 获得 先后 上市 年来 年度 发现 蓬勃 带来 积极的 作用 由此 可以看出 同比增长 并且 呈现 的趋势 管理体系','1');
INSERT INTO `v9_search` VALUES('211','1','183','1512030480','透云科技推三款扫码营销产品，精准定位企业需求 需求 产品 科技 营销 品牌 营销活动 套餐 产品 科技 企业 超值 功能 提供 需求 人气 推出 针对 通过 不同 数据 定义 商品 消费者 规模 管理 小于 中小品牌 活动 定制 适合 开发 帮助 个性化 营销管理 包括 可以 根据 我们 流程 哪些 什么样 今年 接口 支持 市场 分析 快速 需要 部署 怎样 奖品 灵活 防伪 客户 对于 平台 报表 主要 设计 简单 专门 生成 由于 页面 维护 小型 单一 促销 推荐 大于 用户 周期 验证 生命 标签 轻松 以及 满足 第三方 现实 选择 体验 公有 往往 缺乏 如何 大型 许多 方式 了解 效果 选购 深入 进行 自己 应用 那么 建立 服务 光明 销量 系统 定位 分别 蒙牛 及时 更为 具有 实现 方案 切换 大部分 情况 工程 覆盖 大规模 百万 概率 中奖 市场营销 类别 开放 额外 实施 钥匙 能力 行为 所有 环节 等级 可在 形象 服务于 具体 拓展 足够 促销活动 单独 预算 上线 运营 支付 以为 费用 防范 面临 难以 消耗 相关 市场需求 筛选 发放 条件 划分 普通 营销策略 展开 开展 行销 安全 稳定 管理系统 全新 等问题 类型 持续 扩大 普及 不再 业务 随着 丰富 经验 合作 过程 只是 中小型 但是 相比 传统 为主 提升 借助 沟通 联系 非常 积累 出于 考虑 作为 一家 按照 应该 产品有 专注 国内外 知名 合作关系 多家 目前 已经 联合 来说 本身 基础 界面 机制 准确 时间 地域 模板 可满足 确保 风格 一致 因为 技术 障碍 引领 这种 很大 遇到 搭建 导致 以往 状况 利用 要求 他们 差别 以内 如果 成熟 面向 标准化 调整','1');
INSERT INTO `v9_search` VALUES('212','1','184','1512462660','怡起语音许愿，码上美梦成真 美梦 语音 消费者 品牌 营销 互动 语音 通过 参与 媒体 饮料 情感 方式 营销活动 获得 信息 时代 企业 活动 个性化 产品 包装 一个 越来越 基于 轻松 环节 奖品 魔力 扫描 科技 中奖 就要 印象 脱颖而出 留下 这个 深刻 建立 人人 想要 冲击 机遇 以往 印刷 单向 或者 以来 诞生 只能 来说 进行 奖项 然后 首先 进入 答题 加入 教育 互联网 的到来 行业 作用 方面 起到 积极的 包含 连接 手机 即可 双向 上线 应用 快速 同时 积分 持续 提升 完善 不断 行为 分析 帮助 有益 场景 崛起 意识 关键 随着 激情 对于 结果 物联网 赋予 开发 商品 概念 有限公司 引领 公众 提高 贴近 喜爱 目标 乃至 借助 实现 真正 旗下 促销 购买 凡是 才能 年轻人 最爱 分享 语言 发表 提供 展开 主题 之一 平台 理念 成功 打造 社交 结合 巧妙 沟通 需求 本次 奖金 总价值 大奖 惊喜 最佳 机会 高达 万元 综合 特别 设置 知识 评选 人工 包括 道具 赢取 主动 甚至 流量 他人 经过 系统 最长 选择 界面 问答','1');
INSERT INTO `v9_search` VALUES('213','1','185','1512635580','透云科技助力水井坊，匠心成就佳酿！ 水井坊 匠心 佳酿 管理 分销 企业 产品 进行 业务 科技 行业 帮助 供应链 提供 通过 个性化 达到 销售 促销 营销 改造 无法 生产 策略 互动 数据 定制 情况 可以 建立 完成 崛起 渠道 包括 促销活动 多层 流向 购买 大师 现状 发展 所有 显示 报表 工具 实现 一直 以来 产品的 传统 整个 同时 只能 直接 了解 监督管理 便捷 高效 模块 出入 三个 终端 各类 旗下 正在 四大 功能 品牌 终极 良好 能力 运营 支撑 提升 确保 消费者 信赖 依据 防伪 市场价格 稳定 连接 可以通过 流通 目的 一级 促进 销量 过程 追踪 成就 掌握 及其 有效 记录 优化 智能 销售渠道 所属 货物 定义 本次 生产线 完善 积极性 缺失 形成 涵盖 部分 使得 关系 工作 截止 相关 大规模 目前 基础 之间 对应 级别 包装 准备 增加 带给 累计 实行 凡是 营销活动 难度 起来 即可 层级 价值 精美 技术 分析 转化 进一步 便于 信息 制定 活动 借助 产品质量 提高 从而 更多','1');
INSERT INTO `v9_search` VALUES('214','1','186','1513154040','透云科技助力国货之光郁美净，添防伪新衣 之光 国货 新衣 管理 产品 分销 企业 进行 儿童 业务 通过 科技 防伪 记得 国货 护肤 帮助 干燥 是否 品牌 防止 渠道 经销商 同时 可以 供应链 行业 问题 改造 关系 之间 优化 代理商 促销 指南 包括 策略 崛起 消费者 标识 扫描 达到 数据 完成 建立 多层 报表 情况 促销活动 天气 还要 流向 与此同时 好好 皮肤 一代 宝宝 提起 提供 如何 注意 面临 即将 产品的 显示 购买 确保 所有 稳定 发展 信赖 依据 市场价格 按照 标准 分辨 追溯 原料 清晰 个性化 放心 安全 保证 现状 正在 记录 追踪 出入 有效 及其 支撑 连接 掌握 过程 流通 促进 各类 模块 销量 终极 生产 可以通过 目的 了解 监督管理 良好 四大 功能 旗下 三个 能力 终端 提升 高效 便捷 运营 营销 生产线 出现 作为 一个 遭遇 避免 优质 自然 无法 畅销 工作 截止 目前 相关 更好 长期 考验 欢迎 备受 记忆 必备 大家 度过 童年 美丽 健康 肌肤 时光 保护 幼儿 基础 准备 从而 提高 产品质量 制定 进一步 分析 转化 环节 查看 多家 体系 覆盖 便于 信息 销售 定义 货物 使得 包装 级别 对应 所属 定制 带给 形成 本次 销售渠道 智能','1');
INSERT INTO `v9_search` VALUES('215','1','187','1514536500','创新为核，透云科技荣膺中国财经峰会“2017年度影响力企业 峰会 中国 影响力 科技 峰会 品牌 财经 互联网 企业 影响力 技术 市场 创新 发展 零售 国内 提供 产品 通过 传统 始终 行业 消费者 年中国 年度 荣获 公司 年轻 一家 经济领域 环球 手段 应用 作为 夫妻 老婆 中小型 智能 基于 尤其 流媒 保持 主流 帮助 推出 一直 优质 用户 研究 不断 背景 基础 现有 升级 服务 自身 蓬勃 产品及服务 巨大 过于 领先 分布 由于 虽然 品质 城市 占地 潜在 看到 激烈 巨头 各个 纷纷 布局 空间 遍布 的竞争 表示 宏观经济 随着 我们 越来越 客户 时代 竞争力 深入 物联网 满足 需求 活力 强调 更好 开拓 兴起 需要 扎实 眼光 提升 他们 连接 经销商 联系 设备 重视 实现 整合 这样 状况 起来 建立 系统 个体 经营者 丰富 生态 电子商务 一个 完整 难以 审议 年成立 评价 综合 路径 良好 公众 以来 专注 既有 之间 沟通 致力于 商品 赋予 新时代 之一 冬季 论坛 主题 思想 最具影响力 邀请 包括 各方 代表 共同 创业 政府 官员 学者 边界 进行 态势 行业发展 商业机会 敏锐 面对 之中 基因 坚持 拓宽 业务范围 提高 团队 打造 研发团队 思路 依托 强大 长期 的数据 市场营销 生产管理 个性化 营销 防伪 数据 能力','1');
INSERT INTO `v9_search` VALUES('216','1','188','1517387760','透云科技助力天喔，打造终端“一物一码”新玩法！ 一码 力天 玩法 品牌 终端 营销 科技 活动 产品 对于 通过 激烈 零售 打造 分布 竞争 全面 旗下 信息 集团 互动 营销活动 达到 越来越 销售 帮助 连接 现金 能够 完成 出击 角度 抓住 热点 市场 各个 来说 时代 已经 包括 建立 热情 同时 时间 饮料 成为 合作 而言 作为 关注 数量 反馈 一手信息 后台 统计 情况 完善 进一步 获取 一家 具体 提供 相应 分析 报表 整合 收集 的稳定 强大 根据 地理 概念 扫描 即可 轻松 手机 双向 有益 应用 获得 参与 基础 距离 生态 为中心 积分 消费者 场景 基于 给予 鼓励 打开 联系 有效 希望 更加 直接 更多 销售渠道 赋予 开发 商品 引领 渠道 如今 只要 不停 问题 提高 销量 携手 推出 千万 马上 之后 这是 针对 预计 做好 如何 不可或缺 同样 重要 因此 占据 崛起 使得 还是 行业 战场 无论 上升 迅速 第二 这次 第一次 需要 按照 频率 刺激 更是 页面 定位 个人 提示 注册 激励 期间 和心 更为 涵盖 购买 上述 面对 不仅 中奖 综合 机会 可以','1');
INSERT INTO `v9_search` VALUES('217','1','189','1518424680','戊戌新年全家福，“码”上红包任性派 全家福 红包 消费者 品牌 企业 营销 互动 信息 通过 产品 金融 商城 扫描 即可 越来越 帮助 包装 提升 参与 基于 一个 轻松 品质 还是 高品质 新春 只有 本地 不管 庆祝 哪里 包含 结果 激情 公众 对于 诞生 机遇 以往 冲击 来说 行业 持续 饮料 单向 或者 印刷 只能 以来 关键 上线 双向 快速 完善 的到来 个性化 连接 手机 营销活动 分析 不断 积分 获得 同时 应用 有益 物联网 科技 行为 崛起 意识 有限公司 引领 开发 场景 赋予 概念 商品 随着 平台 旗下 赢取 机会 其中 参加 小金库 现金 高达 中奖 奖品 综合 成功 揭开 凡是 购买 新年 促销 容量 标识 打开 第三方 合作 协助 数据 获取 身份 进一步 更好 追踪 互联网 营销策略 成果 优化 收集 双赢 影响 活动 扩大 形式 知名度 可谓 销量 刺激 增加 时代','1');
INSERT INTO `v9_search` VALUES('218','1','190','1520584800','透云科技产品溯源新升级，全面保障“舌尖上的安全”！ 舌尖 科技产品 信息 平台 食品 追溯 实现 农产品 消费者 企业 建设 通过 物流 管理 帮助 环节 监管 产品 建立 生产 项目 科技 食品安全 进行 养殖 消费 服务 提升 体系 查询 电子商务 种植 流通 配送 构建 有效 升级 环境 农村 的安全 全面 政府 供应链 安全 健康 过程 质量安全 关注 覆盖 加工 商务厅 中心 公共服务 三农 全过程 降低 全程 参与 搭建 公众 终端 销售 模式 稳定 数据 集中 业务 有限公司 检测 发布 控股 系统 仓储 可实现 越来越 打造 技术 购买 共享 趋势 明显 标签 加快 不再 防伪 能够 应用 放心 提供 实业 仅仅 饮食 原料 流程 国内 土壤 近年来 随着 产品的 运输 保障 日益 集团 统一 商品 各个 意识 上线 投入 控制 自动化 化学 正式 包括 五大行业 减少 产量 中国的 目前 优质 上行 省级 推进 水产 产业 预测 河北省 等行业 携手 创建 新华网 成功案例 信息化 行业 全国 合作 一家 预警 查看 现代化 一体 活动 有效保护 成本 权益 深入 实时 完成 质量 月份 包装 垂直 调研 智慧 沟通 结合 假冒 制约 商家 现场 监管部门 直接 起来 联系 使用 一个 了解 随时 农民 传感器 行业协会 随机 全省 应急 从而 能力 区域 定期 准确性 合法性 生长 参数 重要 主要 管理系统 负责 协调 分销 县级 有利于 安全风险 人人 社会 三大 售后服务 功能 商务部 社区 商业 开展 快递 乡镇 站点 充分 整合 各类 切实 真正 挑选 品牌 不仅 市场 希望 是否 含有 等问题 验证 这样 即可 扫描 原材料 等信息 公共 透明 智能手机 基于 的方式 物联网 开放 载体 即时 采集 源头 风险可控 基本 总体 要求 按照 数码 订单 预售 思路 驱动 知情权 群众 促进 稳步 状况 广大 管理体系 协同 多方 治理 检验 企业管理 健全 记录 做好 管理模式 供求 产品价格 供需 保持 分析 统计 网点 上报 运营 监测 产业发展 防止 不对 明确 标识 界定 每个 主体 的责任 身份 成品 形成 预期','1');
INSERT INTO `v9_search` VALUES('219','1','191','1521017100','智能新零售，透云科技助力传统小店迎接行业升级 小店 传统 智能 零售 品牌 系统 消费者 通过 服务 提供 促销活动 科技 智能 商品 直接 应用 实现 数据 包括 帮助 成本 经销商 提高 时代 零售业 促销 的发展 产品的 电子商务 供货 产品 针对 可以 互联网 优惠 支付 会员 运营 收银 在线 销售 市场 建立 盘点 了解 库存 实际 能力 获得 参与 平台 确保 价格 厂商 表示 以及 配送 功能 完整 同时 营销 降低 生态 关注 焦点 手段 环节 移动互联网 获利 聚焦 巨头 转移 的竞争 注意力 已有 致力于 纷纷 随着 面向 管理 真实 设备 高效 行业 效率 传统 单独 抵达 表现 某种 周围 设置 销量 准确 最快 下单 快速 各种 调用 寻找 终端 中间 获取 企业 经销 合同 更好 相关 最低 新产品 时间 情况 可以通过 商店 引进 结合 收集 北京 程度 跟踪 整合 深圳 分布 区域 签订 可靠 细分 制定 依据 行为 目前 截止 购买 城市 强大 营销策略 百万 经营者 加入 不仅 选定 优势 竞争 机会 目标 使用 数据库 正在 模式 梦想 充分 宣传 凭借 团队 中体 常用 方式 享受 实物 旨在 电子 销售收入 营销活动 奖励 分销 供应链 实现利润 最大化 推出 围绕 关于 体验 迎接 升级 持续 技术 高科技 商业 作为 挑战 面临 全新 机遇 初始 扫描 优质 为零 来看 以下 方面 条码 迅速 关联 方便 简易 并且 等信息 数量 创建 维护 名称 场景 一个 巨大 无力 自身 他们 二者 未来 必要 壁垒 经营 运用 解决方案 连接 联系 起来 综合 利润 优化 有效 多家','1');
INSERT INTO `v9_search` VALUES('220','1','192','1524041280','揭瓶扫码，“一物一码”为热血街舞疯狂打call 一码 街舞 热血 品牌 热血 投票 消费者 互动 营销 文化 活动 科技 企业 年轻 群体 这个 轻松 越来越 平台 属于 啤酒 旗下 热点 信息 营销活动 即可 同时 参与 基于 包装 春天 甚至 认同 愈来愈 作为 眼光 年轻人 不停 一个 通过 起源 代表 潮流 已经 激情 以往 饮料 随着 崛起 冲击 机遇 来说 印刷 结果 公众 包含 单向 诞生 或者 只能 以来 对于 双向 产品 积分 获得 扫描 连接 手机 行为 分析 持续 提升 个性化 完善 帮助 不断 行业 上线 引领 概念 商品 有限公司 物联网 关键 赋予 快速 应用 有益 开发 场景 意识 明日 战队 推出 凡是 期间 促销 赢得 开启 购买 新品 把握 建立 趋势 时间 疯狂 能够 消费 沟通 针对 天涯 渠道 综艺 赢取 现金 准备 以外 进行 搭建 商城 互联网 时代 精彩 节目 兴趣 第二 增加 喜欢 选手 选择 自己 随心 可以 第二季的 奖励 的到来','1');
INSERT INTO `v9_search` VALUES('221','1','193','1524214200','透云科技一物一码产品溯源为功能乳制品安全保驾护航 一码 乳制品 功能 消费者 制品 科技 品牌 营销 功能 企业 销售 创新 追溯 集团 数据 提供 商品 实现 完善 行业 方案 管理 食品 生产 个性化 覆盖 服务 产品 包括 基于 环节 种植 查询 通过 技术 提升 食品安全 分析 应用 养殖 终端 关于 公众 参与 解决方案 众多 全面 流通 举行 峰会 协会 资深 供应商 专家 印刷 产品的 过程 安全 结合 市场营销 防伪 在内 全球 打造 平台 整合 经过 描绘 实时 成为 入口 全过程 同时 帮助 等行业 水产 加工 微博 信息化 目前 为中心 代码 主要 从事 包装 股票 有限公司 持续 获得 之后 资产 用品 生产商 数字 专利 设计 研发 拥有 互动 个性 作为 领导者 致力于 赋予 基础 奠定 得到 既有 安全问题 生态 行为 不断 能力 借助 之间 沟通 边界 从而 检测 安全性 关注 事件 备受 属性 一大 方向 由于 特殊 引发 整个 每年 颁布 政策法规 促进 我国 元年 信任 危机 开启 产品开发 发展成为 一起 探讨 发展 趋势 以期 近年来 转变 饮料 逐渐 巨大 发生 市场趋势 正在 行业发展 标准 监管 企业管理 管理体系 质量安全 政府 检验 建立 仓储 物流 只需 智能手机 统一 公共 信息 不再 透明 等信息 扫描 即可 原材料 运输 模式 治理 积极 响应 国家政策 按照 制定 日趋 源头 构建 驱动 多方 协同 思路 总体 风险可控 基本 要求 担心','1');
INSERT INTO `v9_search` VALUES('222','1','194','1498553580','二维码营销的核心关键是什么？ 二维码 核心 关键 营销 消费者 核心 互联网 印刷 商品 关键 信息 那么 扫描 奖品 大家 由于 同样 促销活动 推广 带来 参与 要求 所有 例如 需要 这些 效果 传统 到底 扩散 事情 就是 介绍 包装 本身 有些 所以 得到 影响 更加 依赖 基础 可以使 在线 快速 建立 不同 情况 必须 正是 我们 科技 企业 简单 只有 能够 造成 如今 一个 一定 帮助 方式 实现 功能 基于 热情 类型 兴趣 失去 长篇 围绕 无论 奖金 承诺 概率 中奖 极大 有所不同 甚至 代码 因为 玻璃 透明 理解 表面 更好 希望 的影响 关于 不好 困难 大大 识别 有时 技术 非常 项目 以上 涉及 就要 注意 如果 按照 编码 喷墨 完整 出现 普通 容易 地方 购买 客户 重复 等同 可以 动态 等等 每个 一样 产生 才能 效益 本质 这是 问题 成本 利润 有关 今天 自己 独特 产品的 产品 独立 制造商 除了 广告 海报 位置 感觉 明了 视觉 文字 不宜 限于 包括 知道 这件 首先 有的 身份 获取 整个 活动 促销 行动 足够 开始 过程 特别 不能','1');
INSERT INTO `v9_search` VALUES('223','1','195','1498553700','二维码营销要讲究策略 二维码 策略 扫描 营销 用户 使用 提供 一个 体验 页面 时间 程序 他们 策略 需要 应该 代码 内容 可谓 带来 可以 价值 大家 就是 上线 我们 理由 正如 火爆 讲究 容易 例如 市场营销 人们 人员 如今 如果 更好 那么 移动 越来越 科技 期待 或者 其中 正确 突出 亮点 之一 相信 更多 最为 参数 消费者 依然 所以 友好 手机 导向 优化 理想 足够 情况 是否 质量 方便 地方 放在 影响 连接 也就是说 效果 实际上 利用 巨大 业务增长 这是 驱动 下单 地点 例子 联系 追溯 以上 有关 通过 除非 觉得 确保 不会 看到 得到 实现 特定 思维 额外 增强 目的 能够 告诉 商家 注意 哪些 今天 进行 同样 特殊 任何人 盲目 不能 发现 已经 可能 但是 地位 江湖 占据 重要 门槛 使用者 东西 充足 必须 参与 操作 主动 兴趣 愿意 无法 顺利 说服 即使 链接 无效 时髦 结果 思考 认为 毫无 某些 成功 为了 结合 更加 办法 总是 的方式 登录','1');
INSERT INTO `v9_search` VALUES('224','1','196','1498640100','如何高效管理二维码营销？ 二维码 营销 企业 可以 批量 进行 时代 用户 管理 成为 帮助 推广 系统 更好 传统 需要 根据 媒体 如何 高效 设置 方便 移动互联网 监控 效果 无疑 生成 对于 这种 灵活 发生 扩展 增加 不断 有效 页面 智能手机 实现 同时 快捷 统一 快速 或者 方式 成本 规模 结合 自身 正是 介绍 互联网 手段 凭借 一个 这样 由于 载体 特点 同样 访问 这是 如今 最好 通过 大家 多元化 商用 而言 调整 经费 营销策略 自己 充足 格局 过程 必须 诸多 移动 爆发式增长 考虑 策略 改变 来说 相对 生态 之一 迅速 希望 互动 加强 附加 上线 手机 引入 借助 特有 信息 传播 加之 进而 非常 的方式 主要 轻松 传达 的发展 属性 关于 就是 无论 引导 入口 有机 以上 并且 失效 讲述 我们 科技 新闻 大大 提升 视频 产品 一起 机会 到底 那么 大小 接下来 效率 全网 统计 访问量 以及 关注 重要 实际 选择 进入 网站 日益 普及 许多 发展 随着 浏览 数量 图片 中心 的操作 提高效率 避免 提供 打印 全部 下载 因为 混乱 还是 颜色 尺寸 类型 错误 不管 转变','1');
INSERT INTO `v9_search` VALUES('225','1','197','1498640160','如今热门的二维码营销案例有哪些？ 二维码 案例 我们 支付 营销 获得 案例 可以 如今 方式 这个 共享 功能 信息 除了 知道 用户 服务 好评 客人 服务员 通过 时代 市场 产品 提升 具备 售后 常见 应用 查询 科技 大家 购物 比较 越来越 介绍 问题 解决 众多 性质 或者 具有一 选择 企业 只要 一个 作用 局面 三方 关于 就是 由此可见 产生了 手机 以上 销量 多么 力度 转化 购买 结合 公众 防伪 同时 提供 重要 消费者 消费 吸引力 促销活动 具有 定义 平台 互动 比如 送话费 流量 大奖 积分 完全 热点 项目 直播 之外 极大 方便 便宜 费用 就算 轻松 等等 接下来 热门 哪些 起来 看看 怎样 知名 城市 出行 评价 商家 人员 技师 投诉 建议 品质 享受 数量 一定 基础 可能 等行业 餐饮 吸引 超过 服务商 统计 至少 风投 机构 万辆 投入 已有 目前 风险投资 看上去','1');
INSERT INTO `v9_search` VALUES('226','1','198','1498726560','一物一码如何实现呢？ 一码 消费者 信息 企业 产品 商品 通过 一个 系统 可以 赋予 防伪 市场 利益 互动 流通 产品的 进行 我们 查询 如何 实现 验证 产生 建立 某些 标记 电子 行为 跟踪 目前 环节 提高 来说 追溯 标识 唯一 数据 订单 大多 追踪 检验 有人 不当 对应 加工 可怕 谋取 经销商 控制 严重 食品安全 作用 出现 身份证 时间 品牌 平台 责任人 源头 完整 规则 记录 从而 关联 上传 产业链 体系 更深 查看 操作 直接 树立 科技 正是 由于 带来 更多 介绍 关于 就是 手机 大家 便利 不仅 提升 购物 同时 麻烦 解决 许多 必要 以上 发生 信誉 监管 人员 特殊 知名度 便捷 能够 极大 扫描 不符 即可 判定 销售 实际 所属 代理商 排序 货物 分析 现有 后台 一切 落实 清楚 动态 实行 使用 所以 秩序 正常 渠道 管理 那么 到底 详情 对于 参与 提供 机会 的方式 营销 这种 结合 数字化 标签 身份 包装 作为 载体 生产 包含 贯穿 始终 加强 功能 整个 流程 起到 甚至 可以通过 监控 杜绝 的可能性 其次 积分 危害 并且 各种 不良','1');
INSERT INTO `v9_search` VALUES('227','1','199','1498726620','一物一码营销帮助企业的更好的发展 一码 企业 营销 企业 消费者 通过 品牌 互动 行业 互联网 模式 我们 产品 形式 来说 平台 满足 更多 包装 的发展 还是 这种 可以 或者 如何利用 之间 沟通 客户 活动 随着 持续 提高 公众 越来越 合作 科技 标记 发生 传统 变革 作为 奖励 市场化 最为 无论 的到来 更好 帮助 使得 产品的 得到 传播 积分 才能 分享 获取 对于 从中 购买 寻求 回报 赢得 吸引客户 机会 关注 心理 方式 影响力 这样 个性化 增加 激励 独特 适当 获利 原理 需求 比如 营销策略 喜爱 同样 如果 想要 改进 只要 好处 不可 了解 有关 工作人员 提供 服务 专业 咨询 追溯 进行 带来 优化 互相 可谓 实现 销量 第三方 双赢 而且 追踪 成果 数据 有助于 行为 产品有 直接 从而 技术 大家 今天 目的 比较 简单 饮料 开始 明显 不得不 思考 更加 优势 之一 一个 问题 吸引 目光 达到 怎么 人群 如何 特定 只能 印刷 赋予 障碍 商品 崛起 开发 应用 会员 奖品 现金 即可 包括 关键 参与 统一 大多数 几乎 信息 包含 单向 成熟 性质 差不多 不断 升级 意识 增强 那么 激情 不同','1');
INSERT INTO `v9_search` VALUES('228','1','200','1498813080','一物一码营销该如何做？ 一码 营销 消费者 企业 行业 促销 互动 通过 如何 礼品 模式 并且 入口 尤其 商品 体验 物联网 来到 时代 消费 互联 更好 吸引力 提示 传统 轻松 对于 产品 来说 一直 设计 目前 如今 寻找 致力于 动态 技术 移动 打造 销售 习惯 用户 展示 营销策略 数字化 激发 吸引 关注 交互 广告 信息 带动 从而 参与 投放 主要 分析 平台 作用 在于 独立 应用 统计 福利 来源 广泛 路径 进行 次数 年龄 提高 扩展 新型 市场 成本 减少 更多 中间 环节 三个 有的 解决 家企业 一大 难题 未来的 创建 社交 相互 结合 这种 查询 生产 日期 及时 目的 原料 同时 商家 消息 地区 细分 系统 可以 知道 唯一 获得 搭建 实时 智能化 力度 完成 全程 数据 实现 落地 有所 营销活动 究竟 完整 一个 食品 积极 那么 才能 更加 有关 那些 大家 科技 符合 今天 我们 完美 衔接 快速 配送 确认 方式 奖励 兑换 人性化 促销活动 赠送 在线 预订 下单 活跃 实用 赚钱 游戏 手机 提升 影响力 传播 整体 有助 之间 有效 增强 品牌 互联网 商业 瓶颈 执行 流程 有奖 发展 上线 服务 各种','1');
INSERT INTO `v9_search` VALUES('229','1','201','1498813080','有关二维码防伪的详细分析介绍 二维码 防伪 验证 产品 一个 消费者 进行 越来越 数据 有关 系统 第二 只能 第三 可以 对应 我们 商品 通过 如果 介绍 包装 科技 第一次 放在 说明 泛滥 因此 产品的 一次 今天 有效 来说 提示 广大 重视 每个 严格 分析 如今 当然 随着 的发展 匹配 社会 两者 假冒 就是 才能 各种 随之 商人 出现 之后 造假 打开 为了 化妆品 查看 扫描 产品展示 最好 安全 信息 消费 购买了 更多 提供 内容 以上 营销 追溯 联系 软件 可能 不法 流入 防止 商家 只有 这是 提醒 购买 设计 复制 有效性 安全性 意义 详细 不可 说说 大家 两个 后台 功能 实现 不能 任何 实施 面的 标签 有的 印刷 确实 不可或缺 企业 平台 管理 特定 生成 互相 之间 的数据 任何人','1');
INSERT INTO `v9_search` VALUES('230','1','202','1499072340','这些二维码营销秘籍你要知道 二维码 秘籍 消费者 营销 产品 防伪 移动互联网 信息 移动 查询 商品 智能手机 随着 进行 即可 可以 是否 企业 秘籍 准确 流量 今天 购买 终端 电子商务 科技 方便 用户 通过 的发展 平台 应用 转化 统计 网站 作为 提升 效果 客户 成为 数量 具有 十分 丰富 种类 工具 必不可少 资讯 行业 发展 越来越 标签 互动 迅速 互联网 接受 广大 媒介 功能 图片 只需 唯一 每个 很大 采用 吸引 第二 连接 体验 载体 运营 产业链 上下 发挥 所得 管理 实在 日后 普及 当然 飞跃 时代 一次 巨大 同时 反馈 宣传 可以通过 增加 方式 以及 大众 好奇 心理 引导 系统 入口 提供 高效 便捷 交易 吸收 拓展 利用 我们 大家 渠道 开辟 需求 商家 一些 有关 满足 关注 因素 除了 选择 更多 知道 质量 价格 后续 服务 保障 可靠 还有 便利 扫描 不仅 非常 容易 无需 识别 目前 使用 网络 下载 专用 信赖 行为 实时 品牌 软件 及时 造假 打击 生产 日期 这些 了解 积分 产品的 使用技巧 促销 两点 第一 有效 主要 优势 等内容 包装 获取','1');
INSERT INTO `v9_search` VALUES('231','1','203','1499072340','做二维码溯源系统能够给企业带来什么？ 二维码 系统 企业 系统 防伪 企业 的发展 产品 标签 功能 能够 问题 通过 消费者 唯一 源码 食品 特别 智能手机 查询 为了 现在 可以 相关 所以 手机 轻松 得到 哪个 出现 步骤 事故 由于 成品 所有 追溯 这个 环节 就是 实现 原料 需要 因为 农产品 目前 带来 趋势 事物 清晰 只有 来源 源头 后期 关键 提供 体系 生产 设计 中心 号码 解决 更快 困难 处理 面的 具有 绝对 附加 或者 系列 整个 行业 可能 只要 技术 方便 复杂 信息 由此可见 使用 更好 正是 所在 重要性 免去 同时 改变 连接 不明 带动 简易 自从 用户 资讯 颠覆 几乎 变革 枢纽 重要 服务 责任人 接下来 我们 如何 科技 双向 为什么 特色 产品的 最大 那么 大家 特点 具备 阐述 到底 数据 的安全 行为 内部 过失 存在 判断 是否 借助 查找 避免 资料 哪些 消费 才能 人员 软件 实时 做到 输入 每个 人工 备份 建立 放心 监管 愿意 发生 一旦 责任','1');
INSERT INTO `v9_search` VALUES('232','1','204','1499158800','产品贴防伪标签有什么效果？ 效果 标签 产品 防伪 标签 产品 消费者 公司 可以 我们 产品的 打假 效果 就是 起到 减少 运用 一个 增加 当然 更加 维护 提升 能够 作用 带来 购买 非常 企业 如今 知道 重视 所以 这样 常见 注重 同样 帮助 安全 假冒 效应 自身 公司和 时候 参与 利益 坚决 收到 从而 队员 知名度 了解 更好 大家 希望 介绍 每个 以及 便捷 购物 应用 以上 选择 节约 选购 放心 保证 比较 收购 正确 长处 为公司 层次 到底 那么 制作 规范 查询 根据 信息 正规 寻找 这些 造假 难度 大大 的开支 品牌 人力 物力 单独 不再 资源 决心 增强 出售 拓展 商场 数量 盈利 声誉 形象 负面影响 做法','1');
INSERT INTO `v9_search` VALUES('233','1','205','1499158800','二维码防伪标签的真假如何辨别？ 二维码 真假 标签 防伪 标签 电话 我们 可以 提示 重视 查询 如今 或者 商品 如果 方法 输入 来说 消费者 大家 真的 泛滥 日益 购买的 相对 当然 材料 购买 基本 一般 如何 十分 随着 商家 表面 不良 能够 是否 有关 过程 重要 那么 这时 尽管 正确 怎么 数字 主要 造假 根据 自己 语音 基本上 系统 购物 比如 有时 文字 就是 以上 进行 科技 这些 希望 介绍 厂家 帮助 相片 直接 判定 带来 更加 放心 下来 质量 发现 比较 真正 今天 判断 信息 一般来说 产品 这样 不通 此类 号码 精细 起来 模糊 图文 清晰 图片 不够 颜色 不是','1');
INSERT INTO `v9_search` VALUES('234','1','206','1499158860','二维码如何实现防伪功能？ 二维码 功能 产品 防伪 企业 我们 进行 消费者 通过 国家 实现 功能 查询 信息 知道 商品 已经 越来越 最终 扫描 即可 操作 检查 生活 长期以来 如何 保证 保护 经济发展 影响 严重 的数据 应该 市场经济 大家 如今 官方 健康 发展 专业 管理 数据 利益 全部 工作 人员 所有 经销商 快速 追溯 记录 需要 动态 逻辑 出入 营销活动 浏览 官方网站 账号 公众 关注 微博 生产 抉择 广泛 渗透 应用 重要 动向 相信 带来 便利 更加 放心 购物 可以 质量 同时 提高 唯一 判断 分析 筛选 过滤 搜集 主机 整理 分类 生成 企业决策者 直观 面前 报告 现在 汇集 加入 那么 到底 是否 就是 人力 财力 大量 花费 每年 用于 打假 的最 重视 这件 所以 可见 获得 详尽 来自 验证 检验 发布 渠道 在线 形式 标签 正规 高效 手机软件 系统 采用 没有 本身 加密 技术 只需 指定 用户 标识 印刷 给予','1');
INSERT INTO `v9_search` VALUES('235','1','207','1499245260','二维码营销如何提高用户参与率？ 二维码 参与率 用户 参与 消费者 营销 奖品 营销活动 企业 如今 提升 促销 就是 进行 活动 用户 更好 各种 我们 人群 所有 围绕 这些 不同 过程 只要 拿出 难免 方便 如何 可以 想要 的发展 手机 然而 知名度 考虑 载体 厂家 实现 功能 本身 因素 必须 品牌 或者 类商品 同一 有所不同 消费 场合 吸引力 提高 富有 差别 有所 方案 往往 需要 关于 介绍 以上 注意 个点 交流 促进 能够 充分考虑 只有 工程 庞大的 百万 商品 产品 投入 甚至 千万 一个 非常 印刷 的方式 采用 一次 概率 首先 知道 这个 因此 一定 中期 特别 整个 那么 足够 力度 基础 种类 建立 还是 中奖 影响 大大 操作 传统 无论 包括 限于 行动 推广 宣传 上线 广告 核心 展开 促销活动 海报 积极性','1');
INSERT INTO `v9_search` VALUES('236','1','208','1499245320','二维码追溯防伪的重要性所在 二维码 重要性 所在 追溯 防伪 企业 能够 信息 系统 大家 可以 生产 生产管理 产品 服务 提供 有效 了解 实时 控制 产品的 重要性 所在 消费者 方便 成本 便利 我们 检查 有关 一些 包括 越来越 配置 扫描 条码 货物 通过 订单 平台 帮助 带来 现象 假冒 是不是 知道 有所 所谓 避免 实现 管理系统 安全 同时 查询 提升 介绍 终端 发现 情况 近年来 运输 材料 确定 客户 跟踪 问题 对于 记录 生产线 进行 得到 方面 操作 销售 分配 应用 出现 全面 以上 希望 更好 关于 就是 商家 随着 移动互联网 要求 法律 我国 食品安全 智能 的发展 可靠 快捷 特点 传输 由于 注重 公司 专业 科技 水平 购买的 提高 做到 不仅 接下来 更多 形象 良好 标识 使用 节省 节能 通用 具有 部署 硬件 相关 移动 部分 存储 参数 详细 即可 资质 原材料 报告 测试 执行 采购 功能','1');
INSERT INTO `v9_search` VALUES('237','1','209','1499245320','供应链管理系统该如何做好？ 供应链 管理系统 客户 供应链 企业 需求 管理系统 问题 可视 信息 需要 我们 这些 能够 知道 改善 配送 集成 大家 就是 满足 平衡 产品 供应 提升 快速 那么 出现 成本 如何 更好 做好 管理 压力 如果 重要性 同行业 竞争 部门 一个 不用 所在 简洁 个性化 业务 什么样 减少 尽量 存在 公司 功能 响应 通过 所以 环节 中间 有关 等等 透明 就要 非常 帮助 做出 特别 整个 所谓 重要 透明度 准备 东西 采购 更加 地位 能力 品牌定位 很大 技术创新 可以 这个 市场 关系 以上 从而 的发展 自己 希望 介绍了 注意 另一方面 享受 提高 做得好 过程 这是 具体 高速 交付 因为 一方面 手段 同时 必须 采用 提速 包括 状况 供应商 分析 做到 设计 一些 防伪 到底 接下来 是不是 关注 科技 追溯 营销 专业 协作 容易 购物车 进行 因此 不可 推荐 的方式 实际上 对应 送给 主动 这种 消费者 但是 连接 多长 怎么 资金流 要素 周期 首先 传统 行业 效率 重构 销售','1');
INSERT INTO `v9_search` VALUES('238','1','210','1499331780','供应链管理系统概述 供应链 管理系统 管理 业务 供应链 管理系统 销售 核算 成本 企业 采购 流程 支持 财务管理 提供 实现 进行 情况 大家 帮助 资金的 出入 反映 全面 我们 完整 普通 多种 占用 一体化 资金流 统一 物流 类型 全部 监督 突破 会计 主要 是从 能够 角度 软件 单一 订单 局限 核心 模式 财务 资金 盘点 其他 跟踪 掌握 以上 应用 可用 有关 阐述 计量 科技 需要 单位 及时 了解 仓库 使用 就是 项目 分析 降低 库存 减少 动态 周转 希望 变动 保管 介绍 更好 一些 各类 材料 对象 知识 收发 用于 准确 检验 结算 到货 模块 以及 概述 那么 今天 怎样 完善 到底 询价 实际 定制 可以 监控 实时 构建 自己 满足 数量 平台 信用 价格 供应商 选择 方式 报价 零售 委托 成品','1');
INSERT INTO `v9_search` VALUES('239','1','211','1499331780','企业为什么要做好二维码溯源系统？ 二维码 系统 企业 系统 企业 问题 防伪 带来 消费者 的发展 能够 功能 我们 这个 标签 源码 越来越 就是 所以 通过 唯一 智能手机 解决 可以 知道 的安全 实现 成品 环节 所有 原料 追溯 步骤 查询 为了 轻松 更好 购物 得到 由于 如今 哪个 出现 相关 事故 食品安全 一个 更加 同样 不小 如何 困扰 严重 不少 特点 为什么 带动 行业 变革 几乎 现在 颠覆 自从 改变 关键 附加 或者 此时 号码 绝对 免去 体系 整个 简易 特别 正是 介绍 详细 比较 不仅 便捷 便利 同时 帮助 算是 以上 具有 方便 技术 可能 信息 手机 只要 复杂 做好 发生 一旦 建立 备份 人员 监管 实时 软件 那么 双向 到底 最大 特色 输入 人工 每个 数据 判断 是否 处理 不明 责任 资料 困难 重视 产品 更快 避免 内部 行为 过失 存在 借助 查找 责任人 面的','1');
INSERT INTO `v9_search` VALUES('240','1','212','1499331840','如何合理的进行二维码营销活动？ 二维码 消费者 营销 就是 企业 活动 越来越 我们 大奖 进行 只有 参与 设置 营销活动 场景 推广 领域 应用 广泛 已经 随着 普及 同时 是否 选择 喜爱 完整 一个 多少 逐渐 成为 电子产品 一定 心理 社会 智能 如今 方式 进步 发展 科技 能保证 知道 多方面 完善 任何 一家 吸引 积极性 服务 刺激消费 指导 无法 系统 清晰 接触 流畅 数据 相应 的安全 引导 没有 因此 所在 精髓 做好 以上 注意 充分考虑 完成 提升 更好 能够 这些 优先 所有 到位 平台 执行 落实 真正 意味着 公司 超级 有效 创意 维度 如何 首先 哪些 由于 过多 当然 之一 促销 出现 导致 到底 原因 那么 降低 考虑 因为 动机 某种 参加 比如 投机 设计 合理 所以 奖品 构成 条件 动作 目的 空间 时间 页面 才能 一起 集合 因素 时候','1');
INSERT INTO `v9_search` VALUES('241','1','213','1499418240','如何让消费者主动的进行扫码呢？ 消费者 消费者 进行 我们 一个 生活 仅仅 可以 企业 营销 当然 形成 支付 商品 查询 才能 重要 页面 扫描 等等 只有 做到 自己 能够 融入 移动 时代 随着 手机 消费 更好 信息 营销活动 主动 拿出 众所周知 普及 已经 需要 出来 还是 说说 真正 系统 而是 而已 不是 内容 的影响 光学 品牌 各类 效应 强化 清晰 持久 印象 第一 心理 抓住 压力 需求 这样 帮助 推广 竞争 状态 情况 出现 青睐 存在 所以 由此可见 双赢 达到 时间 多少 包括 第一次 事情 这件 是否 开心 满意 企业家 不仅 功能 成功 知道 娱乐 积极的 其它 关注 类商品 推动 怎么 那么 仿佛 打开 方便 快捷 如此 新世界 大门 使用 如今 如何 最大 视觉 首先 传播 愿意 积极 方正 与众不同 独特 必须 面前 黑白 怎样 究竟 利益 如果 带来 不同 在于 把握 不好 尺寸 这个 风格','1');
INSERT INTO `v9_search` VALUES('242','1','214','1499418300','什么样的二维码才能真正防伪？ 二维码 防伪 商品 对应 记录 扫描 页面 一个 我们 关系 官方 用户 系统 如今 就是 消费者 当然 商家 改变 东西 管理 这种 这个 各种 什么样 泛滥 严重 账号 不好 属于 随着 公众 回收 品牌 功能 才能 这时候 产品 位置 能够 所以 真正 带来 社会 的影响 的发展 第二 主体 信息 认证 依据 打开 流行 需要 现在 发布 之一 认识 权威 查看 用于 情况 以上 利用 防止 提示 这是 关于 介绍 之后 更深 了解 大家 相信 结果 第一次 包装 不能 即使 失效 是否 及时 造假 目前 加入 计数器 一般 常用 市场 分辨 环节 那么 到底 效果 没有 出现 接下来 一起 问题 但是 作用 发挥 很大 最后 购买 直到 机制 全程 监控 区域 地域 销售 预定 根据 更是 流程 之间 唯一 甚至 可以 不仅 生产 开始 采集 原料 作为','1');
INSERT INTO `v9_search` VALUES('243','1','215','1499418300','为什么二维码防伪技术深受商家喜爱？ 二维码 防伪技术 商家 消费者 防伪 标签 能够 帮助 如今 查询 商家 可以 提升 造假 我们 防止 品牌 信息 技术 企业 具有 运用 优势 优点 除了 使用 深受 不仅 商品 这个 社会 为了 带来 当然 越来越 进行 购物 同时 参加 方法 可以通过 手机 程度 通过 准确 移动 产品 网络 增加了 电话 以往 短信 推广 众多 由于 正是 有关 信赖 广大 体验 便捷 安全 介绍 大家 功能 日常 作用 公司 喜爱 就是 以上 认知 的可能性 为什么 同样 那么 到底 更好 哪些 随着 日益 利润 其它 对比 批量 加大了 从而 融入 已经 习惯 连接 规律 储量 做到 明显 保密 并且 使得 编码 有的','1');
INSERT INTO `v9_search` VALUES('244','1','216','1499677560','二维码防伪标签解决你的防伪问题 二维码 标签 问题 防伪 标签 商品 消费者 公司 我们 能够 所以 品牌 信赖 或是 企业 问题 更多 更加 假如 维护 生活水平 简单 利益 随着 带来 厂商 效果 添加 宣传 知道 代理商 运用 解决 提高 有关 大家 今天 重要性 重要 所在 讲究 越来越 变得 重视 标识 区域 不同 一样 隐藏 信息 购物 进行 内容 现象 的发展 推广 帮助 同时 一些 损害 并且 存在 形象 及时 更好 正是 因为 冲击 深受 以上 介绍了 起到 产品的 放心 达到 然后 查询 出售 防范 情况 只要 这些 化妆品 医药 严峻 权益 侵犯 品种 有力 购买 困难 需求 一个 表现 之一 路径 负责 的态度 链接 经过 看到 以外 策略 没有 建立 刚刚 推行 必定 知名度 传统 除了 诸多 网站','1');
INSERT INTO `v9_search` VALUES('245','1','217','1499677560','二维码防伪标签具备哪些特性？ 二维码 特性 标签 防伪 标签 我们 大家 特性 商品 使用 具备 可以 唯一 特征 如今 更深 深层 担忧 社会 的发展 消费者 的稳定 产品 数量 力度 不再 当然 一个 变革 要素 单一 知道 能够 哪些 结合 多种 而是 希望 有关 随着 不可 只能 鉴别 一次性 运用 消失 满足 避免 做到 能力 复制 只有 流通 周期 身份 标志 真正 科技 就是 以上 介绍 认识 提升 帮助 同样 必须 意识 有着 程度 作用 构成 难度 造假 适应性 应用 保健品 化妆品 诸如 各类 制作 多元化 更加 所以 接下来 药品 正常 普遍 非常 条件 存在 时间 光学 面的 具有 因此 服装 行业 每个 几乎 领域 稳定','1');
INSERT INTO `v9_search` VALUES('246','1','218','1499677620','二维码营销溯源系统的作用是什么？ 二维码 作用 系统 消费者 系统 营销 如今 防伪 我们 企业 市场 放心 就是 作用 能够 社会 产品 扫描 原料 成品 提升 品牌 介绍 泛滥 事实 关心 更加 购物 手机 众多 担忧 所以 此时 的发展 整合 同时 大家 带来 参与 追溯 随着 十分 那么 提供 轻松 快速 营销活动 消费 位置 规范 上线 获取 定位 代理 实现 即可 功能 双向 所有 每个 唯一 身份证 制作 及时 高速 以上 有关 了解 更多 希望 到达 在线 细节 制定 平台 数据 营销策略 依据 实时 可靠 真实 到底 现在 媒体 应该 重视 这个 因此 重要 问题 只有 使用 效果 更好 做好 兴起 传统 浓厚 信心 氛围 不断 经销商 商品 赋予 能力 认知 食品安全 宣传 进行 成效 利用 提高 公众 逐步 建设 加强 积极性 出入','1');
INSERT INTO `v9_search` VALUES('247','1','219','1499764020','给商品挑选合适的防伪标签有哪些需要注意的？ 标签 商品 标签 防伪 商品 当然 挑选 不同 如今 我们 大家 可以 需要 数码 同时 保证 质量 运用 互联网 消费者 有关 适用于 注意 出去 行业 购物 知道 多样化 这些 包装 品牌 比较 技术 合适 设计 数量 千万 相对 单一 来说 体积 产值 经过 严密 定制 策划 核算 规范 就是 以上 注意事项 电子 食物 化妆品 描述 事项 帮助 带来 能够 希望 使用 手工 建议 以内 百万 优势 特征 束缚 形状 大小 如果 表现 负责 自己 应用 适合 哪些 报价 那么 选择 如何 到底 的态度 一个 一样 身份证 技术开发 依据 追溯 现在 接下来 首先 信赖 的最 得到 轨道 这个 查询 通过 车间 经销商 运动 手中 以及 说说','1');
INSERT INTO `v9_search` VALUES('248','1','220','1499764080','快消品行业一物一码应用有什么价值？ 一码 价值 行业 进行 数据 营销 我们 如今 消费者 活动 企业 可以 行业 设置 中奖 促销 调整 产品 常见 促销活动 以及 价值 应用 花样 等等 竞争 超市 市场 网上 平台 奖品 随时 便于 销售 简单 管理系统 社会 随着 知道 的发展 不同 方便 然而 比较 周期 周末 节日 遇到 客户 实际 预先 总量 概率 而且 根据 情况 公众 如果 做好 正是 由于 可见 管理 决策 能够 带来 推进 营销活动 更加 盈利 更多 市场分析 这些 效果 手机 监控 在线 老客户 地区 时间 后台 系统 记录 分布 实力 曝光 用户 提供 有关 品牌 机会 即时 标签 防伪 吸引 就是 利用 到底 吸引力 扩大 有效 提高 运营 动态 金额 能提高 不是 看到 不能 背后 那么 积极性 特定 比如 节假日 各类 适用于 欲望 清仓甩卖 今天 大家 年会 奖项','1');
INSERT INTO `v9_search` VALUES('249','1','221','1499764080','你是否了解二维码防伪溯源？ 二维码 商品 防伪 我们 消费者 系统 信息 如今 完成 带来 所以 每个 过程 身份 经过 进行 可以 从而 企业 商家 出售 一个 扫描 的安全 电子 物流 保密 关键 环节 因为 所在 时候 购物 身边 重要性 知道 的影响 不便 监控 分销 网络 严厉 事务 各个 增加 区分 即可 等信息 通过 标识 特殊 网点 介绍 之后 方便 以上 相信 帮助 大家 应该 正是 认识 更多 便利 同时 更好 保证 功能 进入 服务 更深 满意 更加 只需 轻松 营销活动 提供 终端 具有 特性 那些 存储 使用 有关 需要 不仅 了解 注意 同样 今天 那么 关心 十分 加密 是否 追溯 难题 处理 放心 不只 原理 分配 采购 流向 收集 独立的 日期 职责 明确 控制 记录 痕迹 获得 模式 办理 质量 查询','1');
INSERT INTO `v9_search` VALUES('250','1','222','1499850540','企业如何高效管理二维码营销？ 二维码 企业 营销 可以 我们 企业 批量 管理 进行 链接 设置 如今 需要 手机 只要 高效 根据 统一 效果 或者 系统 降低 如何 生成 以及 已经 渗透 生活 程度 监控 知道 火爆 灵活 大家 方便 购物 方方面面 避免 尺寸 担心 困扰 实际 图片 变成 减少 长度 中心 密度 还是 人员 颜色 无法 安全 页面 事项 希望 注意 有关 介绍 能够 帮助 了解 更好 就是 以上 访问量 统计 关注 重要 次数 进入 数量 类型 浏览 网站 选择 全网 商家 那么 说是 产品 拿出 出手 视频 新闻 因为 同时 提高效率 的操作 不断 增加 错误 混乱 发生 快捷 提供 效率 提升 大大 快速 全部 失效 打印 下载 不管','1');
INSERT INTO `v9_search` VALUES('251','1','223','1499850540','企业如何更好的实现一物一码？ 一码 企业 企业 营销 防伪 如今 成本 更好 系统 数据 实现 我们 进行 通过 公众 有关 就是 可以 营销活动 的发展 方式 互动 降低 大家 支持 提供 收集 用户 帮助 属性 活动 分销 品牌 商城 带来 产品 当然 方法 想要 避免 知道 热门 比较 相信 方便 如何 条码 改造 等等 三级 后台 持续 行为 可以通过 事项 注意 需要 希望 能够 福利 消费者 同时 介绍 以上 计划 战略 之后 方面 广告 传播 打假 这些 会员 新型 入口 载体 技术 独立 每个 革新 那么 今天 到底 赋予 百分 商品 拥有 扫描 管理系统 实物 话费 多样化 促销 流量 积分 关注','1');
INSERT INTO `v9_search` VALUES('252','1','224','1499850600','为什么越来越多的商家采用二维码防伪？ 二维码 越来越 商家 商家 消费者 防伪 我们 商品 越来越 标签 这些 体验 扫描 如今 知道 企业 带来 信息 积分 原因 便利 购物 一个 条件 传递 客户 帮助 生成 用户 沟通 通过 手机 视频 成为 不仅 使用 那么 社会 的发展 更好 种类 更多 质量 担心 选择 随着 采用 当然 只要 也就是说 还有 轻轻 实现 群体 非常 之后 直接 巨大 很大 目前 获取 另外 图片 特点 方便 简洁 主要 提升 建议 做法 有利于 没有 作用 文件 可以通过 不论 网址 的操作 任何 想要 对于 先天 事业 优越 营销活动 变得 进行 正是 投诉 为了 一点 认识 促使 市场 打出 潮流 立刻 小小 不是 生活 其他 渠道 变成 形成 厂家 广告 可见 广泛 已经 趋势 同样 应用 的的 达到 所以 现在 产生 可以 相信 超市 可能 打折 或者 策略 因为 购买的 这样 本来 不想 事情 如何 抵制 也就是 接下来 到底 泛滥 不良 大家 有关 吸引 重要 极大 留住 双向 增强 机会 宣传 功能 获得 免费 搭建 汇总 意见 需求 形式 问卷 平台 可用 调查 等内容 促销 能够 外界 海量 图像 文字 媒介 通道 为什么 查询 日期 使用技巧 生产 产品 产品的 了解 提交','1');
INSERT INTO `v9_search` VALUES('253','1','225','1499937000','一物一码的几大应用有哪些？ 一码 企业 营销 我们 消费者 应用 活动 数据 不仅 产品 食品 更多 帮助 产品的 实现 可以 做到 信息 消费 通过 进行 有效 带来 方面 利用 其实 解决 深入 现在 深远 快速发展 时代 随着 问题 延伸 价值 发展 如今 能够 有关 哪些 已经 来说 非常 因为 即可 青睐 一旦 重要 作用 优化 造就 行动 衡量 明确 追踪 知道 核心 目标 使得 如下 效果 防伪 开发 以及 以上 或者 网站 的发展 就是 大家 重大 十分 更好 因而 介绍 由此可见 公众 关注 的影响 生产 说明 销售 如果 公司 营销活动 比如 各种 设计 积分 围绕 同时 区域 追溯 责任 监管 来源 目的是 为了 整个 动态 采用 源头 道理 同等 基于 科技 今天 其它 终端 模式 虚假 举报 促进 而言 宣传 管理机构 完善 质量 传统 无法 检测 商品 自身 标识 实施 节点 一个 供应链 全过程 跟踪 详细 本身 查看 手机 使用','1');
INSERT INTO `v9_search` VALUES('254','1','226','1499937060','一物一码你真的了解嘛？ 一码 我们 营销 消费者 产品 促销 企业 以及 系统 了解 如今 数据 技术 更好 带来 参与 提高 时代 发展 更新 所以 产品的 这个 互联网 非常 基于 购买 管理 希望 收集 商品 活动 高速 智能 最大 还是 不论 监控 即可 便利 更多 可以 记录 防止 最小 产生 依赖 同时 成本 销售 获悉 能够 每个 新产 厂家 通过 一个 客户 轻松 后台 流向 不能 挖掘 分析 深层 价值 每日 百万 消费 进行 用户 流水 空白 一切 重要性 传统 收益 习惯 忽视 弊端 之一 由此可见 几乎 的数据 就是 正是 个性化 对于 以往 随着 当然 已经 成熟 地方 真的 哪些 接下来 流程 整个 解决 这方 出现 面的 问题 此时 帮助 由于 真是 奖品 简单 领取 方便 优化 大幅 欲望 激发 需求 提升 特点 自身 根据 平台 渠道','1');
INSERT INTO `v9_search` VALUES('255','1','227','1499937060','一物一码如何助力酒水行业更好的发展？ 一码 酒水 行业 产业 商品 的发展 消费者 用户 更好 行业 企业 营销 利用 增加 购买 消费 互联网 如今 借助 得到 更加 成绩 模式 作用 随着 取得 更多 例如 提高 移动互联网 到底 互动 其中 当然 众多 公众 发展 那么 提升 了解 多样化 活动 不可 通过 之间 透明度 产品 详情 知道 联系 生产 使用 正是 关系 自己 这种 结合 重要性 所在 由此可见 转型 真正 维护 便利 同时 我们 帮助 带来 实现 群体 塑造 数据 发掘 巧妙 上线 销量 开拓 起来 相互 收集 保证 一个 身份证 赋予 入口 如何 关注 引导 促销 唯一 怎样 获得 奖励 销售 追踪 追溯 信任度 全过程 走向 现象 严重 市场 控制 查询 积分 游戏 添加 基础 兑换 防伪 推进 活跃 方式 品牌','1');
INSERT INTO `v9_search` VALUES('256','1','228','1500023520','一物一码助力快消品玩转二维码营销 二维码 一码 我们 营销 消费者 可以 企业 如今 活动 产品 多少 使用 喜欢 一个 可见 数据 能够 促销活动 利用 人数 用户 手机 实时 投放 成本 实惠 系统 只要 东西 商品 生活 打开 当然 成功 进行 还有 地方 这样 行业 更多 品牌 已经 唯一 在线 逐渐 技术 赋予 反馈 采购 到手 实物 整个 包括 过程 监控 礼品 轻轻 流通 复杂性 降低 为了 男女 以上 就是 针对 优势 的数据 介绍 希望 营销活动 更好 大家 帮助 强大 获得 分布 然后 地区 公众 比例 变化 市场 分析 关注 互动 价值 顺应 促进 推广 那么 商业 带来 之一 接着 因为 心理 到底 如何 真实 参数 实现 各项 配置 自主 控制 简单 操作 调节 灵活 沟通 重要 参与 主动 受到 直接 手段 媒介 区域 哪些 金额 只需','1');
INSERT INTO `v9_search` VALUES('257','1','229','1500023520','一物一码营销为什么这么火？ 一码 我们 防伪 商家 营销 人们 如今 消费者 营销活动 通过 后期 生活 有关 当然 开展 能够 移动互联网 来说 使用 一个 销售 出来 进行 今天 提供 需求 支持 数据 积分 商城 便于 质量 知道 同样 有着 提高 随着 轻松 生活水平 可以通过 现金 吸收 转换 奠定 客户 用户 潜在 基础 更为 大家 更深 相信 介绍 以上 认识 严格 帮助 动态信息 货物 掌握 领取 企业 追溯 宣传 保持 商品 流程 更好 后台 管理 留住 识别 渗透 方方面面 互动 效果 具有 不仅 一些 这么 为什么 特点 其它 显示 立即 扫描 手机 图文 丰富 关注 同时 界面 唯一 对应 技术 就是 核心 那么 到底 产品 功能 提升 如何 公众','1');
INSERT INTO `v9_search` VALUES('258','1','230','1500282780','有关二维码防伪标签你了解多少？ 二维码 标签 防伪 标签 公司 我们 商品 制造 如今 规范 需求 有关 能够 打印 作用 定制 职业 没有 多少 信赖 然而 了解 各种 依据 市场 同时 一个 假冒 应该 感到 他们 进行 确保 专业 十分 注意 时刻 许多 担忧 关于 消费者 一定 政府 随着 的发展 制作 如何 社会 晋级 直销 那么 技能 才能 运用 可是 选用 形式 不断 重要依据 尽量 起到 缩短 功率 材料 禁止 进步 只要 门槛 造假 并且 适合 正规 寻找 不能 随意 从而 帮助 推广 活动 营销 企业 更好 客户 希望 所以 选择 致使 设备 不够 就要 相关 知识 介绍 大家 以上 就是 有的 需要 尺度 相对 概念 费用 判定 其间 一次 只需 找到 常见 不同 每个 是由 方法 首要 由于 专门 时间 多长 花费 背景 值得 特种 这么 工厂 其他 经过 国家 具有 报价 方面 明白 定价 一些 咨询 中央 单位 收购 北京市 国家机关 浪费','1');
INSERT INTO `v9_search` VALUES('259','1','231','1500282780','有关一物一码你了解多少？ 一码 我们 系统 企业 消费者 产品 防伪 查询 大家 购买 有关 信息 图形 产品的 造假 以及 更加 等信息 出来 功能 营销 放心 一个 唯一 进行 有效 品牌 追溯 可以通过 来说 消费 记录 产品质量 如今 一定 特定 利用 说起 陌生 如何 今天 知道 多样化 起来 发展 的发展 越来越 存在 是否 同时 传播 保持 首先 刺激 好处 流程 防止 到底 形象 多少 提升 了解 实现 正是 这样 互动 帮助 管理 运营 方便 介绍 就是 成本 因为 增加了 程度 角度 可以 流向 方式 以上 次数 源头 统计 终端 相关 单一 更多 限于 不仅仅 现在 人们 开发 某种 几何 其中 音乐 视频 数据 符号 分布 这些 平面 所以 图片 或者 文字 规律 时候 使用 只要 身份 重复 通过 赋予 获取 每个 黑白 自己 生成 简单 也就是 流通 市场 载体 主要 从而','1');
INSERT INTO `v9_search` VALUES('260','1','232','1500369240','二维码防伪标签的广泛应用有哪些？ 二维码 标签 标签 防伪 越来越 营销 功能 消费者 产品 代理商 能够 积分 同时 广泛 使用 应用 移动 重要 智能手机 以及 普及 随着 商家 即可 无法 结合 可以 如今 系统 追溯 我们 重要性 化妆品 品牌 市场 企业 维护 秩序 发现 的发展 物流 一一 声誉 对应 由于 活动 互动 正是 由此可见 就是 介绍 系列 促进 以上 质量 便利 比如 参与 带来 不仅 不可 来说 接下来 等等 有关 包括 强大 各个领域 当然 十分 作用 哪些 不止 用户 严重 怎么办 代理 载体 采用 加密 制作 授权','1');
INSERT INTO `v9_search` VALUES('261','1','233','1500369240','二维码营销到底该如何做？ 二维码 营销 用户 进行 更好 推广 到底 大家 帮助 利用 产品 通过 我们 商家 以及 自己 如何 企业 做好 宣传 如今 火爆 每个 可以 程度 能够 盈利 才能 发挥 那么 有关 尽量 入口 互联网 关键 品牌 创意 客户 找到 注意 成为 优势 当然 引导 介绍 话语 重视 希望 群体 传统 放大 场景 商品 放在 渠道 网页 平台 展示 最全 面的 微博 空间 以上 网站 论坛 就是 需要 报纸 设置 人体 位置 诱人 理由 持续 带来 长久 简单 介绍了 杂志 背后 达到 正确 怎么 事情 接下来 作用 效果 连接 不同 直接 可以通过 朋友 转发 分析 五大 之后 对应 链接 一个 只是 电子 产品的 关注 展会 吸引 故事 扫描 讲述 使用 方法 现场 拿到 方便 页面 例如 相应','1');
INSERT INTO `v9_search` VALUES('262','1','234','1500369300','二维码营销的几个误区要格外注意？ 二维码 误区 营销 我们 企业 出现 可以 推广 自己 误区 关注 只要 以为 受众 手机 大家 这个 强大 功能 目标 一个 需要 传统 信息 只是 效果 广告 本身 只有 浪费 能够 有效 的影响 就是 如今 内容 轻松 但是 知道 帮助 所以 因为 随着 诞生 获得 用户 生活 放置 可怕 更为 失去 载体 环境 市场 本来 任何 如果 超越 利器 网上 互联 几乎 放在 时间 精力 大大 地方 适合 简单 注意 以上 传媒 这种 介绍了 有关 深入 了解 带来 希望 甚至 称之为 来说 不等 大多数 机会 等同 扩大 服务 销售 产品 增加 品牌 其它 明了 的发展 不利 利用 以下 等同于 更好 不要 陷入 谨慎 同样 利益 那些 许多 这里 页面 资源 没有 吸引力 不是 网站 过程 结果 一定 想要 热情 进行 扫描 微博 进去 才能 众多 当然 正是 看到 作为','1');
INSERT INTO `v9_search` VALUES('263','1','235','1500455700','二维码营销的作用你了解多少？ 二维码 作用 我们 作用 消费者 营销 更加 手机 可以 信息 食品 了解 生活 大家 互动 功能 媒体 生产 品牌 扫描 资讯 有关 阅读 更好 造假 能够 越来越 的发展 简单 进步 只是 便捷 内容 化妆品 而且 提高 质量 服务 产品 同时 餐饮 只需 只要 购物 智能化 产品的 今天 打击 通过 社会 想要 随着 到底 防伪 强大 更多 当然 系统 进行 建立 众多 讯息 化妆 销售 行业 查询 平台 有助于 所有 商品 容易 追踪 流程 假冒 可实现 区分 功效 物流 十分 不仅仅 部分 介绍了 以上 这些 这方 最新 带来 定期 得到 科技 面的 关注 准确 有趣 介绍 日期 适用 标识 显示 行为 立即 人群 等信息 各项 购买 变得 全面 轻松 选购 杜绝 个性化 特性 静态 限于 及其 报纸 电视 以及 无法 延伸 这种 界限 实现 颠覆 以后 但是 出现 过去 力度 多少 提供 大企业 宣传 广告 获得 今日 最爱 顺利 地点 自己 优惠 积分 采用 自动 评价 完毕 可以通过 或者 详细 甚至 快速 即可 兴趣 客户 企业 创意 设备 现场 服务员 体验 需要 知道','1');
INSERT INTO `v9_search` VALUES('264','1','236','1500455760','二维码追溯系统到底是怎样的？ 二维码 系统 追溯 系统 环节 产品 质量 销售 企业 原料 生产 快速 大家 就是 了解 进行 建立 事后 过程 老百姓 食品 信息 意识 工厂 防伪 加工 哪里 怎样 知道 简单 以及 其实 仓库 到底 有没有 来说 采购 我们 存储 服务 原材料 购买 售后服务 判断 查询 使得 记录 监控 不敢 杜绝 程度 一定 缺陷 以上 介绍 竞争力 提升 希望 能够 一次 深层 帮助 赢得 高质 范围 确定 关键 出现 影响 大小 提高 信誉 应对 处理 放心 所在 问题 如下 解决 来源 很少 供应商 上游 可以 周期 管理 接下来 开始 完整 反馈 找出 作用 建设 用户 质量问题 有关 预防 监督 改进 持续 市场 负责人 地址 追踪 生产过程 日期 途径 产品的 等等 每个','1');
INSERT INTO `v9_search` VALUES('265','1','237','1500455760','二维码追溯系统解决方案帮助农药企业解决哪些问题？ 二维码 农药 解决方案 企业 系统 帮助 产品 销售 解决方案 哪些 追溯 解决 提高 带来 决策 能够 管理 有关 及时 跟踪 可以 问题 提供 准确 使用 信息 产品质量 控制 有效 采集 管理系统 实现 通过 工作 现象 产量 市场 情况 避免 正确 流入 假冒 商品 销售市场 经营 人员 全面 以及 农业企业 我们 今天 大家 同时 出入 过程 消除 水平 的数据 销售活动 部门 手工 进行 队伍 仓储 原来 必要 农业 产业 就是 以上 生命 防伪 更好 的发展 麻烦 标签 损失 信誉 控制产品 生产 效率 失误 人为 杜绝 发现 经济 因此 防止 规避 取得 依据 面对 保证 数据 激烈 竞争优势 经营管理 做出 竞争 完整 经销商 行为 区域 评估 分级 分区 反馈 有利于 选择 思想 监督管理 促进 合作伙伴 产品销售 对市场 采用 数字化 秩序 影响 严重 轻松 监控 加强 流通 产品的 为基础','1');
INSERT INTO `v9_search` VALUES('266','1','238','1500542220','节假日如何玩转一物一码营销？ 一码 营销 数据 发放 特定 企业 商家 节假日 保障 节日 安全 时段 平台 活动 消费者 不会 要求 实时 一个 效果 我们 提升 产品 销量 促销活动 能够 正是 管道 通道 可以 同时 帮助 激活 成功 可实现 资金 手段 知道 系统 如何 环境 海量 疯狂 期间 时间 达到 一般 因为 很大 起到 竞争 更好 推广 企业形象 资金的 作弊 充分 频率 技术 地理位置 多样化 基于 自己 有人 泄露 生存 运转 过程 接触 的数据 越来越 用户 不断 另外 污染 只有 稳定 激烈 社会 市场 调整 营销策略 快速发展 传统 心理 诉求 满足 难以 方式 如今 最大化 非常 不利于 具有 集中 开启 运行 时代 可见 随着 能力 并发 改变 创造 及时 自行 环节 设置 实现 作用 机会 才能 以及 到底 这个 把握 出新 花样 所以 操作 金额 引擎 提出 高额 大幅提升 促进 源头 生成 进行 相当于 加密 封闭 传输 消费 成为 焦点 时效 主题 吸引 广大 那么 单位 关注 积极','1');
INSERT INTO `v9_search` VALUES('267','1','239','1500542220','食品二维码赋码解决方案是怎样的？ 二维码 解决方案 食品 食品 解决方案 追溯 质量安全 我们 生产 监管 信息 过程 食品安全 日期 当然 如今 记录 原料 就是 最为 通过 怎样 唯一 流通 环节 销售 生产过程 大概 进行 产品的 关心 出现 接下来 关于 大家 可以 来说 根据 安全问题 推出 针对 防伪 问题 物联网 达到 效果 采用 等等 现象 功能 是否 市场 检查 那些 优势 四大 运输 购买 实现 全程 人为 可见 带来 身份 确保 更多 对应 更加 安全 购物 消费者 便利 终生 标签 避免 的数据 一起 衔接 紧密 丢失 放心 信赖 保障 干预 技术 的方式 最小 单元 所有 的监管 条码 来源 体现 混合 数码 有关 到底 报告 商品 查询 方式 有的 质量问题 等信息 电话 储存 数据库 使用 相关 产品 出入 扫描 平台 上传 激活 原因','1');
INSERT INTO `v9_search` VALUES('268','1','240','1500542280','一物一码红包营销对品牌商有什么益处？ 一码 益处 红包 消费者 营销 品牌 获得 购买 提升 活动 能够 等等 分享 用户 愿意 同时 信息 越来越 主动 链接 产品 通过 程度 曝光 随着 导购 销量 销售 智能手机 普及 积分 如今 火爆 商家 可见 礼品 企业 每个 商品 报酬 出去 转发 模式 好友 可以 相应 实现 参与 提高 大大 全民 人心 密度 以及 不仅 效应 同样 形象 作用 促进 起到 推广 十分 由此可见 优先 鼓励 提成 一个 推销 有人 问题 解决 奖励 带来 到底 过程 方式 传统 改变 接下来 我们 有关 大家 直接 决策 明晰 渠道 提供 依据 传播 市场营销 进行 针对性 哪些 时候 再次 极大 互动 建立 获取 数据 包括 系列 产生','1');
INSERT INTO `v9_search` VALUES('269','1','241','1500628680','一物一码红包营销多玩法 一码 玩法 红包 消费者 营销 活动 商品 购买 产品 方式 品牌 页面 获得 中奖 好友 直接 一个 进入 积分 礼品 同时 等等 领取 越来越 随着 促销 智能手机 普及 可见 分享 火爆 这种 更多 程度 可以 商家 每个 登录 导购 就是 如今 参与 过程 有关 我们 这样 大家 即可 人群 另外 开启 手机号码 之间 概率 增强 点击 互动 以上 带给 模式 正是 多样性 便利 能够 盈利 带来 以及 企业 介绍 输入 销售 控制 提成 鼓励 推销 主动 优先 金额 相关 这是 大部分 成效 取得 传统 改变 接下来 哪些 常用 立即 随机 本人 组合 其中 有利于 配合 传播 顾客 忠诚 提升 第二 良好 形象 积累 不断 促进 游戏','1');
INSERT INTO `v9_search` VALUES('270','1','242','1500628740','一物一码为什么这么火？ 一码 防伪 消费者 促销 商品 系统 一个 普通 有效 标签 企业 营销 提供 活动 互动 就是 外观 利用 动态 实现 区别 提升 技术 方便 目前 购物 流行 模式 发出 基础 能够 是以 它们 来看 方面 火爆 所以 没有 产品的 参与 信息 获得 可以通过 应当 优惠 商家 编码 用户 手段 积分 通过 体验 应用 同时 更好 带来 更加 放心 可以 直接 明显 十分 不会 由此可见 保证 独特 优势 这样 多变 方式 层面 包装 如今 展现 集合 形式 容易 基本上 奖品 之后 如果 进行 字符 全程 操作 大大 再次 输入 凭借 搭建 无须 数量 产品 进一步 这么 升级 生成 随机 组成 字母 数字 实时 智能化 三者 连接 流通 平台 影响力 传播 起来 从而 解决方案 简单 物流 仓储 全面 追溯 有助 之间 礼品 力度 为什么 数据 完成 增强 品牌 完美 传统 拥有','1');
INSERT INTO `v9_search` VALUES('271','1','243','1500628740','一物一码在我们生活中起到什么作用呢？ 一码 作用 我们 关联 大量 生活 作用 有关 消费 生产 分销 营销 互动 今天 起到 实现 科技 减少 区域 促销 活动 促进 查询 营销活动 管理 库存 利用 问题 解决 省钱 知识 介绍了 不在 定义 网站 陌生 关注 相信 应该 不会 人力 大家 奖励 在线 每个 物力 配备 实时 快捷 方便 流通 速度 成本 监控 以往 渠道 以上 就是 市场 积极主动 人员 大大 提高 介绍 可见 便利 更多 重要性 带来 即时 用户反馈 情况 销售 覆盖 之前 可以 相关 赚钱 快速 大力 模式 移动互联网 适应 形势 商品 拍照 自动 分流 仓储 手机 随时 订单 灵活性 改造 主要 到底 究竟 上传 计划 均衡 进行 代码 取代 加班 即可 提高效率 同时 费用 通过 追踪 营销管理 业务 整体 实物 哪些 推广 传播','1');
INSERT INTO `v9_search` VALUES('272','1','244','1500888000','一物一码助你开启个性化营销 一码 营销 促销 就是 数据 发展 企业 消费者 个性化 更好 提升 家企业 时代 活动 参与 只有 我们 即可 智能 监控 商品 进行 收集 基于 管理 最大 道理 同一个 的发展 人类 生存 才能 进步 不断 科技 技能 社会 能够 如今 销售 流向 一个 正是 介绍 记录 作用 最小 防止 获悉 轻松 帮助 每个 技术 厂家 通过 以上 后台 系统 开展 一切 百万 每日 空白 几乎 流水 用户 消费 分析 的数据 之一 价值 带来 成本 互联网 深层 收益 弊端 传统 挖掘 习惯 大幅 开启 推广 这样 品牌 知名度 做好 就要 吸引 那么 到底 有关 怎样 接下来 商家 以及 大家 简单 奖品 领取 方便 激发 优化 提高 欲望 想要 平台 需求 特点 自身 根据 渠道','1');
INSERT INTO `v9_search` VALUES('273','1','245','1500888000','做二维码营销需要把握的几个关键点？ 二维码 关键点 营销 的发展 需要 越来越 是否 推广 消费者 我们 进行 随着 场景 以及 完整 企业 平台 大家 有关 只有 设置 数据 注意 真正 因为 正是 简单 互动 更多 利器 商家 智能化 社会 智能手机 普及 成为 一家 受到 任何 就是 方式 才能 完善 服务 成功 资源 系统 体验 的安全 清晰 实现 完美 庞大的 保护 支撑 流畅 介绍 当然 如果 更好 帮助 希望 能够 需求 可以 工作人员 专业 咨询 科技 事项 以上 多方面 增值服务 后续 解决方案 选择 领域 执行 到位 落地 创意 能保证 提供 遍布 到底 如今 但是 喜爱 原因 造成 接下来 关注 把握 集合 一起 因素 维度 页面 构成 没有 无法 指导 引导 相应 动作 条件 首先 考虑 一个 目的 空间 时间 接触','1');
INSERT INTO `v9_search` VALUES('274','1','246','1500888060','做好二维码营销可以实现什么？ 二维码 企业 数据 营销 消费者 推出 推广 同时 系统 新品 通过 就是 产品 新产品 可以 重要 进行 我们 盲目 做好 帮助 来说 市场 相信 场景 自己 有效 形成 行为 促销 必须 身上 目标 可以通过 实现 账户 费用 体系 信息 出现 大家 库存 一般 带来 所以 例如 行业 拥有 能够 一个 只有 多么 可见 感知 才能 这些 不同 接触 群体 注意力 发展 消费 积极 提升 跟随 习惯 哪里 要求 所有 更好 互动 进去 干什么 就要 首先 入口 分析 绘画 收集 不断 而是 效果 人群 介绍 以上 定位 相应 然后 制定 对市场 不会 标签 载体 基于 采集 所在 重要性 交易 一次 流量 每个 有关 直接 扫描 渠道 投放 以往 促销活动 防伪 参加 到底 那么 当然 传统 方式 十分 显得 如何 已经 过时 更多 利益 如今 奖品 话费 打造 负担 逐渐 需求 情况 如果 陷入 循环 想要 持续 状态 死亡 进入 慢性 不知 增量 活动 反馈 参与 多少 奖励 而且 避免 浪费 存量 不足 有的 知道 建立','1');
INSERT INTO `v9_search` VALUES('275','1','247','1500974460','二维码防伪溯源系统可以给企业带来哪些帮助？ 二维码 系统 企业 防伪 企业 品牌 系统 产品的 有效 产品 消费者 信息 帮助 带来 越来越 我们 能够 提升 大家 哪些 技术 所以 验证 功能 可以 作用 假冒 信誉 新闻 如今 那些 使用 情况 不得不 加强 升级 信任度 打击 这样 那么 简单 利益 费用 比率 没有 放心 漏洞 保护 任何 更深 承担 方便 产品有 并且 增强 认识 无需 起到 打下 树立 根基 基础 以上 有关 希望 介绍 科技 就是 产品质量 良好 不再 以及 导致 标签 复制 带动 销量 巨大 经济损失 商家 避免 上升 容易 接下来 这个 话题 的发展 时代 到底 要求 各种 满足 这种 更加 进行 有所 对于 可以使 查询 完成 实现 并存 做到 追溯 存储 流程 通过 读取 加密 控制 提高','1');
INSERT INTO `v9_search` VALUES('276','1','248','1500974520','二维码红包促销有哪些优势？ 二维码 红包 优势 可以 中奖 促销 哪些 控制 消费者 优势 设置 大家 产品 比如 产品有 企业 地区 商家 商品 销量 以及 同样 人群 经销商 根据 能够 通过 后台 时间 部分 从而 喜爱 活动 深受 不管 还是 即可 当然 智能手机 自从 相信 进行 普及 一直 开心 投放 特定 购买了 最高 刺激消费 最低 期间 系统 选择 需要 实际 长期 或者 设计师 导购 角色 身份 营销策略 实现 以上 就是 我们 认识 深入 重大 春节 国庆 帮助 带来 科技 节假日 介绍 希望 到底 那么 欲望 购买 纷纷 商机 看到 利用 吸引 技术 基于 清楚 知道 发给 多少 金额 奖项 设定 组合 自由 同时 另外 参加 促销活动 自主 分为 市场','1');
INSERT INTO `v9_search` VALUES('277','1','249','1500974520','二维码营销的主要应用有哪些？ 二维码 营销 可以 名片 能够 产品 智能手机 我们 通过 大家 那么 进行 传播 推广 商家 用户 信息 或者 入口 有效 产品销售 防伪 有关 现今 不用 主要 应用 新商机 符合 以及 普及 不断 移动互联网 的发展 随着 为了 潮流 越来越 交易 商务 移动 语音 实体 作用 互联网 服务 增长 爆发 电子 支付 带来 帮助 丰富 形式 设备 希望 介绍了 我国 使得 内容 全过程 实施 标识 一定 程度 定位 监督 货物 阶段 物流 控制 阻止 以上 使用 起来 精确 简单 功能 就是 企业 哪些 互相 媒体 方式 新型 行为 购买 接下来 刺激消费 活动 同时 直接 消费 所有 完成 图案 引导 资讯 相关 扫描 消费者 公司 手机 个人 不了 作为 一个 地方 观看 指定 开发者 接入 更多 获取 储存 相当于 制作 收到 集成 图像 时候 视频','1');
INSERT INTO `v9_search` VALUES('278','1','250','1501060980','二维码营销给企业带来的好处有哪些？ 二维码 好处 企业 企业 营销 广告 客户 推广 更好 我们 一个 好处 进行 互动 内容 媒体 带来 的发展 就是 想要 可以 增加 精确 高效 成本 移动 了解 他们 宣传 之后 会员 帮助 跟踪 丰富 从而 哪些 互联网 飞速 避免 商家 常见 时代 那么 如今 到底 发展 知道 能够 这个 以及 生存 便于 通过 调整 效果 下去 这样 有趣 引起 体验 名片 展会 来说 同时 产品 减少 更多 购买 产品的 本身 提高 加强 访问 其他 无法 做到 这是 参考 时间 做出 以上 大家 只有 做好 这些 所在 重要性 介绍 关于 投放 选择 判断 性价比 最高 轻松 比较 对于 数据 方式 时段 记录 分析 智能手机 基于 每个 展示 无限 文字 面前 用户 图片 甚至 不再 受到 动画 清晰 声音 形式 版面 局限 保持 经常 购物 积分 回报 随时 首先 一定 眼球 吸引客户 同行 竞争 收集 渠道 节约 目的 达到 利用 促销 信息 传播 开展 积累 创新','1');
INSERT INTO `v9_search` VALUES('279','1','251','1501060980','二维码营销为什么这么火爆？ 二维码 营销 我们 火爆 可以 消费者 消费 一个 如今 生活 企业 顾客 那么 心理 的发展 个性化 商店 需要 更好 顺应 礼物 例如 手机 就是 大家 现在 有关 以前 便捷 以上 标签 今天 商家 为什么 想要 越来越 这么 产品 介绍 活动 比较 或者 信息 推广 用户 不了 进行 获得 以及 圣诞 相应 赢得 心中 形象 品牌 提升 帮助 扫描 信赖 任意 一家 元素 添加 零售商 购买 更多 支付 客户 了解 完成 快捷 应用 通过 看出 相信 以后 发展 更加 带来 便利 只需 一样 包装 礼品 然后 语音 模式 不用 等待 付款 的方式 互动 利用 简化 接收 之间 体系 更快 共享 经济 带动 直接 之类 网上 证件 自己 大街 实名 认证 整个 市场 变革 视线 人们 如何 这个 能够 吸引 这样 只有 变化 把握 慢慢 国内 达到 麻烦 系列 愿意 习惯 货币 大众 成为 简单 已经 留住','1');
INSERT INTO `v9_search` VALUES('280','1','252','1501061040','二维码营销有哪些最新玩法？ 二维码 玩法 分销 营销 商家 如今 最新 购买 系统 模式 以及 获得 网址 能够 互联网 当然 企业 推广 时代 图片 已经 网络 随时 方便 众多 可以 消费者 进行 扫描 保存 这是 哪些 传统 我们 名片 方式 更好 竞争 比较 必然 的发展 想要 通过 花样 这种 进来 增加 更加 主人 这个 信息 不管 降价 动态 更新 同样 销量 还是 有关 只要 重复 完善 活动 如何 一类 完全 或者 文字 商品 编辑 下载 十分 以上 朋友 推荐 提升 类商品 做到 大家 介绍 用法 比例 在建 就是 文本 针对 设置 自主 融合 相应 受关注 部分 多样 相当 占据 市场 一直 有着 那么 常见 热门 途径 域名 另外 修改 生成 分享 变成 更改 内容 不变 图案 保持 基础 模板 链接 说是 相比 优势 路径 广泛 最大 发展 大部分 一般 前景 最好 趋势 也就是说','1');
INSERT INTO `v9_search` VALUES('281','1','253','1501147440','如何配置服装企业供应链管理系统？ 供应链 服装企业 管理系统 系统 管理系统 企业 供应链 我们 需求 管理 库存 预测 帮助 大家 季节 一个 需要 销售 防止 解决方案 优化 等信息 可以 降低 产品 如何 仓储 进行 实现 更好 订单 大量 每天 处理 如果 客户 没有 以及 知道 应该 配置 如今 复杂 比较 做好 工作 带来 导致 满意度 过多 足够 主要 保证 另一方面 流动资金 针对 借助 准确 一方面 关键 促进 限度 最大 支持 维护 数量 而言 以上 内容 时间 规律 传递 介绍了 有关 更多 盈利 获得 营销活动 希望 能够 一定 按照 因为 多数 问题 效率 明显 解决 服装 随着 产品的 出入 考虑 优先 变换 一些 选择 相应 自己 仓库 基础 根据 你们 麻烦 那么 供应 从而 方便 科技 介绍 以下 运营 涉及 存储 协作 确保 伙伴 贸易 透视 货物 通过 流向 重要 及时 渠道 最佳 实时 提供 颜色 款式 重点 活动 有效 加快 平台 扩展 速度 流转 对于','1');
INSERT INTO `v9_search` VALUES('282','1','254','1501147500','使用二维码防伪标签有哪些好处？ 二维码 好处 标签 防伪 使用 标签 商品 可以 大家 标识 唯一 一个 查询 扫描 消费者 企业 系统 以及 认证 好处 如今 产品 可谓 一次 数码 假冒 号码 成本 打假 管理 帮助 获得 立刻 名称 品牌 轻轻 只要 智能手机 随着 普及 广泛 我们 判断 识别 网络 准确 哪些 带来 信息 及时 非常 知道 遍布 利用 种类 提供 线索 通知 地区 来源 执法 部门 可用于 统一性 造假 打击 任何 就是 以上 次数 介绍了 其它 破坏 从而 有关 作用 更好 的发展 更多 能够 正是 由于 明显 即可 监控 统一 随时 全国性 电话 建立 一次性 产品的 揭开 一经 只能 一般 情况 全国 无需 到底 便于 学习 今天 很大 便利 等信息 价格 所以 商家 深受 热爱 重视 十分 专门 技巧 简单 制作 却是 复制 进行 记录 时间 电话号码 包括 相关 下来 一样 身份证 发送 手机 通过 只需 方便 如同 包装 编码 赋予 根据','1');
INSERT INTO `v9_search` VALUES('283','1','255','1501147560','微信一物一码给企业带来哪些好处？ 一码 好处 企业 企业 防伪 营销 带来 公众 成本 数据 系统 好处 入口 可以 每个 通过 商品 就是 产品 赋予 载体 起来 其实 普及 其中 发展 智能手机 支持 互动 收集 商城 随着 分销 品牌 用户 提供 属性 有关 如今 方式 促销 实现 介绍 积分 关注 能够 一个 同时 降低 哪些 营销活动 消费者 我们 便利 更多 盈利 扫描 后台 行为 三级 计划 战略 之后 方面 打假 传播 这些 持续 可以通过 以上 大家 条码 广告 等等 改造 独立 出现 到底 以及 详情 相关 那么 功能 系列 流量 话费 实物 会员 拥有 多样化 技术 新型 革新 百分 活动 管理系统','1');
INSERT INTO `v9_search` VALUES('284','1','256','1501147560','我国首个针对产品与商品二维码开放应用的国家标准发布 二维码 国家标准 我国 商品 编码 国家标准 物品 标准 信息 服务 中心 符号 应用 地址 企业 网址 产品 统一 我国 定义 参数 需要 质量 消费者 生产 处理 发布 针对 网络服务 相关 方式 进行 代码 标识 服务商 开放 协会 国际 不同 了解 发现 制定 上线 建立 专家 或者 严重 厂商 数据 给出 问题 之间 组成 主要 技术 领域 这是 公告 规定 起草 日前 质检总局 促销 立即 立体 促销活动 呼吁 宣传 组织 成立 目的 挑选 家企业 调研 完善 获取 小组 满意 逐渐 体验 再次 屏蔽 公司 拓展 业务 由中国 安全性 不可 注意 快速发展 增加 年下半年 发展 影响 市场 健康 增多 沟通 设想 意见 国家 综合 方案 技术应用 需求 研讨会 即将 面向 境内 提供商 信息服务平台 平台 基于 有的 召开 资深 突破 所以 业内 期待 亟待 瓶颈 企业产 销售 越来越 强烈 百度 苏宁 中国联通 中国移动 邀请 来自 阿里巴巴 认可 电子商务 共同 单位 是由 机构 分配 在线 固定 授权 备案 单元 标准化 基本 流程 字符串 全球 贸易 项目 要求 特性 根据 分类 包括 规范 规则 适用于 符合 完全 地方 解析 系统 运营商 的数据 自动 手机软件 各个 自行 识别 无法 共享 碎片 众多 国内 其次 成本 重复 效率 首先 系列 指导 对于 判定 位置 大小 确定 模块 尺寸 推荐 等级 条码 出现 近年来 介绍 以及 之一 副主任 互联网','1');
INSERT INTO `v9_search` VALUES('285','1','257','1501147620','线下零售回暖 新零售为实体业变革拉出“大阳线” 拉出 阳线 实体 零售 商业 阿里巴巴 实体 上线 融合 发展 正在 数据 零售业 变革 企业 互联网 一个 开始 我们 创新 未来 马云 顾客 探索 文件 显示 集团 增速 十一 重构 就是 通过 个百分点 最大 模式 上半年 能力 消费 今年 市场 如果 销售额 想法 一体化 典型 完全 商品 支持 整个 科技 可能 时代 近日 购物 全新 作为 活力 商务部 注入 同比增长 试验 成人 公布数据 表示 实体经济 认为 推出 回暖 百货 利用 布局 服务 态势 营销 只有 评论 文章 领域 带来 如此 互动 体验 去年 江湖 这个 走向 加快 苏宁 这份 多人 率先 人民日报 冲击 凸显 有人 评价 提高 推动 带动 开展 真正 分别 同比 变化 运用 为中心 升级 上年同期 起来 总额 发布 时候 在中国 行业 拥抱 未来的 中国的 其实 生活方式 数字化 会员 资深 提出 上海人 改变 很快 这是 许多 相信 一些 发生 正式 对外 营业利润 进化 消费者 国电 利润 巨大 所在 主动 革命 那么 份额 问题 看来 之一 十分 自我 同行 面前 发现 突然 那些 展现 的空间 进行 说起 广阔 还是 目前 的方式 平台 多万 介绍 运营 成效 改造 定制 灵活 抗拒 或者 乐观 盲目 有些 受到 见证 年来 这么 敢于 临时 高管 当作 巨头 热潮 推进 持续 大力 超级 美团 物种 正如 到来 系列 产生 发表 应用 加速 注定 生活 具备 越来越 高也 曲线 走出 年到 意愿 等企业 结果 提升 信心 这些 没有 国内 调研 本来 计划 艰苦 年后 教授 商学院 下线 元年 之外 决定 体系 战略 投资 质疑 甚至 理论 自己 消失 名词 年前 契机 一直 思考 标志 之后 资金 核心 移动互联网 电子商务 实现 交易 渠道 提供 合作 紧密 自豪 超市 收购 亿美元 远远 前面 机构 回到 目标 解决 加强 近期 成为 国有 高温 看待 供给 我国 帮助 样本 第一 品牌 整体 开业 调整策略 引发 全社会 专家 业内 关注 改革 一定 把握 懂得 促进 机会 寻找 惊人 不久 商业机会 就业 引进 负责人 相关 行业回暖 针对 分析 市委 期待 公开 领导 不断 细节 这位 阐述 系统 已经 后者 遇到 悄悄 物流 经验 团队 个人 带领 此后 艰难 期间 探讨 深度 半年 动因 根本 并且 告诉 程序员 然后 找到 选择 分钟 淘汰 大家 培育 资源 整合 形式 新型 市场主体 日发布 多种 并购重组 转变 生产 引导 销售 鼓励 优势 持股 交叉 战略合作 技术 逐步 指出 国办 科学 大阳 技术分析 智能 上述 发起 盛大 全民 概念 正是 技术应用 信息 仅仅 理想 创造 上下 不够 怎么 一起 全面 开创 提起 社会 那时 尽管 抱怨 渗透 不到 造成 想到 和谐 国家经济 无关 部署 专业 产业 新一代 要求 很少 细致 意见 案例 最好 希望 首席执行官 权威 转型 关于 部门','1');
INSERT INTO `v9_search` VALUES('286','1','258','1501147680','二维码在美国社交软件的「意外走红」 二维码 美国 社交 扫描 我们 功能 手机 现在 欧美 用户 可能 好友 这个 信息 人们 团队 设计 需要 有的 导向 当时 一个 自己 滤镜 变成 一样 领域 那时 笑话 并且 的发展 相机 因为 他们 眼镜 幽灵 以后 可以 想要 打开 不但 内容 社会 不同 进行 意识 包装 发展 无限 生活 读取 决定 科技 色情 一些 宝贵 插入 广告 网站 网页 食品 仅仅 社交 无论 变得 一次 不再 使用 不能 十分 与否 经历 之后 有些 放在 技术 不会 研发 告诉 更加 拍照 出来 网上 随后 那么 认识 产品 要么 登录 识别 然而 不过 从此 国内 期待 必须 从而 有人 出现 添加 世界 的方式 存在 如此 蓬勃 排列 提供 不理 今后 成功 数量 不久 想象 鉴于 使得 及其他 每个 警告 控制权 拥有 神秘 诱人 目前 每天 全部 由于 宝藏 得到 其实 所有 平常 不到 终极 像是 这些 只能 用来 作为 根据 准备 如何 判断 匹配 数据库 前景 发展目标 限量 不可 前途 但是 已经 未来的 看到 支付 位置 设备 多样 改变世界 流畅 始于 普及 体验 想想 将来 这里 局限 未来 目光 街头 国产 代表 能力 创新 现状 继续 保持 惊喜 更多 带给 势头 武器 吸取 积极 的可能性 优秀 概念 时代 同时 还是 主要 不少 高效 便捷 方便 问题 诈骗 规避 难以 相对 来得 账号 加入 增加了 这样 当中 类似 程序 发现 崛起 无论如何 麻烦 新款 精力 很大 对应 切换 物品 要是 重新 流量 之上 更新 独特 公司有 习惯 迅猛 最近 不了 随之 改变 环境 理想 找到 浏览 打电话 不是 时间 接受 人人 随身 除了 质量 携带 过多 而言 年轻 来到 可谓 是以 想到 回家 第二 迎来 有助 还对 正常 以前 形式 神话 成就 融入 没有 之所以 支持 界面 专用 下载 当前 操作系统 本身 意外 软件 在美 安全问题 潜在 其他 名字 证明 事实 增强 无疑 为基础 一定 它们 无数 涌现 迅速 众人 名片 商务 彼此 问世 要不 于是 而且 内部 中间 分布 甚至 身上 评价 经常 如虎添翼 直觉 多人 思维 意义 真的 之一 创始人 白宫 创意 领导 感觉 每次 引入 就是 使命 希望 清晰 收购 万美元 开发出 家公司 公司 帮助 欢迎 机器 准确 包含 不想 如果 在于 进去 点点 黑白 难点 商店 消费 百家 还要 因此 千年','1');
INSERT INTO `v9_search` VALUES('287','1','259','1501234080','一物一码帮助企业更好发展 一码 企业 技术 企业 防伪 产品的 营销 消费者 实现 已经 一个 产品 追溯 发展 利用 活动 的发展 唯一 即可 信息 标签 这个 提供 通过 就是 做到 成熟 变得 能够 一些 可行 越来越 随着 日渐 使用 路上 准备 增加 添加 成本 同一 在于 认识 全方位 等等 作用 详情 促销活动 可见 地方 吸引 传统 公众 来源 行业 覆盖 无疑 可以 不是 现在 这么 未来 世界 数据 后期 成为 支持 产品展示 改变 深刻 互联网 关注 手机 帮助 平台 流通 三者 全面 从而 起来 连接 自己 群体 那么 营销活动 开展 更好 每个 怎么 又是 可实现 拿到 发现 企业文化 显示 轻松 其实 解决方案 物流 仓储 具体 表现 赋予 相关','1');
INSERT INTO `v9_search` VALUES('288','1','260','1501234140','一物一码到底是什么？ 一码 可以 入口 大家 扫描 消费者 产品 进行 或者 今天 我们 帮助 内容 哪些 厂家 数据 知道 趋势 防伪 了解 赋予 详情 渠道 标签 促销活动 分享 访问 清晰 地区 后台 商家 这个 一个 更好 科技 详细 有关 购物 视频 开发 相关 得到 公司 活动 主要 分销 第三方 包括 图片 系统 商品 宣传 武器 通过 人数 看出 快速 关注 重要 以上 带来 能够 希望 介绍了 动态 市场 决策 提供 市场营销 分布 来源 依据 性别 掌握 及时 看到 还是 主页 是以 营销活动 多样性 调整 策略 实时 开展 实现 怎么 维护 基于 可以通过 一样 不同 同时 到底 在后 好友 朋友 营销 编辑 现在 重复 作为 商城 面前 管理 结果 需要 载体 读取 设备 展示 配备 中心 手机 购买的','1');
INSERT INTO `v9_search` VALUES('289','1','261','1501234140','一物一码的三大功能有哪些？ 一码 三大 功能 营销 技术 越来越 更好 企业 我们 功能 更多 发展 有关 品牌 如今 高速 广泛 带来 大家 可以 眼球 数字化 第一 随着 推广 哪些 三大 标识 能够 作为 包装 就是 产品 以及 商家 便利 行业 应用 进行 移动互联网 说说 今天 分享 互动 桥梁 一时 终端 智能 之间 获取 经济 另一方面 注意力 稀缺 普及 建立 消费者 互联网 借助于 联系 个性化 满足 不了 已经 激烈 传统 日常 趋于 活动 的发展 吸引客户 为此 智能化 一方面 竞争 市场 制定 营销策略 后续 以便 用户 信息 完成 工作 正是 由于 以上 介绍 最终 唯一 体系 建设 追溯 产品质量 加快 推进 落实 食品安全 防范 食品 严格 措施 监管 要求 明确 法律法规 安全风险 产品的 现象 经理人 严重 上线 日益 充分 利用 防线 信息化 如何 流程 质量 周期 生命 身份 覆盖 基础 工程 关注 讨论 全社会 相信 保障 领域','1');
INSERT INTO `v9_search` VALUES('290','1','262','1501493400','一物一码让消费者更加信赖品牌商 一码 消费者 品牌 消费者 品牌 我们 营销 活动 个性化 产品 他们 完成 信赖 帮助 可以 沟通 企业 信息 产品的 建立 对话 真诚 食品安全 透明 大家 购物 习惯 越来越 确认 参与 产生 当然 如今 相信 已经 作为 方式 常见 提升 满足 单纯 供应链 为了 随着 除了 或是 购买 产品质量 要求 广告 行销 一代 发展 重点 为中心 移动互联网 飞速 原因 同时 海量 数据 带来 检验 多样 营销活动 价值 用户 体验 从而 据此 进行 丰富 开展 关键 了解 提供 只是 之外 简单 需求 需要 连接 赋予 商品 直接 通过 情感 有关 接下来 获得 优势 如何 赢得 的发展 更好 支付 查询 更加 等等 同样 以便 竞争 创新 运用 重视 基于 技术 重要 尤为 因此 显得 一个 储存 原料 生产 追踪 实时 发送 危机 产生了 话题 之一 关心 可谓 防伪 源于 近年来 食品 信任 民众 事件 包装','1');
INSERT INTO `v9_search` VALUES('291','1','263','1501493400','一物一码营销让饮品在这个夏季爆销 一码 饮品 数据 这个 夏季 可以 重要 销售 中奖 就是 营销 奖品 情况 厂商 如何 调整 后台 的方式 经销商 简单 消费者 整个 随时 大家 促销活动 进行 而且 促销 以及 新年 抓住 实现 主要 夏日 空调 我们 众所周知 一样 时机 有效 的数据 真实 得到 难以 及时 但是 参与 极大 扩大 提高 关系 获取 毕竟 渠道 通过 第一 一时 并且 之间 造假 存在 掌握 相连 紧密 有关 移动互联网 以上 用户 作用 希望 深层 认识 更深 帮助 能够 忠诚 了解 记录 时间 地区 手机 系统 这些 灵活 策略 按照 不仅 企业 需要 顾客 背后 强大 那么 看到 人们 绝不 成为 管理系统 分布 话题 奖项 支撑 作为 生活 运营 找到 打开 之一 流程 选择 动态 海量 有趣 概率 周期 吸引力 活动 周末 节日 灵活性 开展 传统 采用 便于 遇到 如果 设置 预先 等等 总量 根据 接下来 已经 方式 实际 到底 乐趣','1');
INSERT INTO `v9_search` VALUES('292','1','264','1501493400','一物一码助力智慧营销 一码 智慧 企业 产品 营销 产品的 数据 智慧 消费者 防伪 这个 更好 每个 上线 随着 流行 唯一 普及 扫描 管理 应用 现在 广泛 非常 统计 智能手机 提高 越来越 哪里 身份 物流 一个 操作 进行 不用 能够 流程 生成 就是 大家 入口 如何 成为 作为 实现 过于 发展 营造 飞速 便利 不少 良好 来源 成果 获得 产业 品牌 放心 做到 信任度 两年来 逐渐 体验 消费 中国的 起步 重视 的发展 合一 甚至 关于 所有 信息 以上 介绍 可实现 后台 作用 具备 带来 精确 帮助 开始 更多 核心竞争力 以及 我们 正是 通过 数据库 由于 自己 直接 识别 类似 标签 赋予 身份证 相关 查询 一次 只能 认证 流量 可见 形态 众多 的影响 有关 接下来 平台 验证 经过 哪些 运输 过程 生产 经历 地区 存储 产业链 加入 整个 等问题 环境 原料 知道 简单 编码 输入 即可 多样化 需要 需求 生活水平 可以','1');
INSERT INTO `v9_search` VALUES('293','1','265','1501752660','产品贴二维码防伪标签有什么用？ 二维码 标签 产品 防伪 标签 产品 消费者 公司 可以 带来 打假 现在 增加 一个 有关 商品 能够 运用 收购 大家 安全 产品的 减少 更加 起到 维护 今天 购买的 越来越 说说 到底 如今 意识 推广 效果 保证 作用 从而 队员 时分 时候 营销 提升 效应 层次 知名度 选购 正是 好处 坚决 由于 这样 同时 体验 购物 便捷 介绍 就是 节省 企业 更好 放心 恰当 为公司 以上 选择 准确 优点 数量 分子 造假 冲击 难度 盈利 出售 扩展 商场 有用 的减少 做法 独自 有些 某个 每个 参加 自身 公司和 不再 浪费 增强 声誉 形象 负面影响 决心 品牌 物力 人力 的开支 信誉 利益','1');
INSERT INTO `v9_search` VALUES('294','1','266','1501752660','二维码促销助力企业更好发展 二维码 企业 促销 资源 促销活动 我们 商家 营销 奖品 企业 大家 方案 中奖 避免 制定 需要 客户 更好 兑现 活动 分析 防止 严格 数据 能够 成本 参与 最好 预算 一般 进行 系列 难免 推广 通常 十分 的发展 社会 激烈 竞争 想要 这个 看见 经常 知道 可以 费用 有效 监控 做到 如今 以及 调整 随时 导致 最后 终端 维系 数量 全过程 保证 直接 生成 控制 的方案 报表 超预期 整合 评估 习惯 成果 销售数据 结束 立即 利于 以上 带来 帮助 希望 介绍 就是 相关 收集 最小 物流 合理安排 仓储 采购 涉及 供应 代理商 浪费 服务 压缩 机构 选择 专业 内容 一定 效果 结合 更加 显著 专业化 效率 具有 优秀 当然 事情 那么 今天 发展 有关 一些 方面 高等 优势 增加 主动性 积极性 消费者 顺利 推进 发现 溢出 一旦 物资 调动 弊端 产品 如何 说说 接下来 深入 适合 激励机制 杜绝 新型 虚假','1');
INSERT INTO `v9_search` VALUES('295','1','267','1501752720','二维码防伪标签的强大功能有哪些？ 二维码 标签 功能 防伪 标签 大家 信息 加密 数据 具有 功能 条码 能够 使用 可以 技术 可靠 运用 成为 我们 渗透 几乎 抢先 应用 安全 生活 方方面面 数学 联系 存储 传递 因此 成本 介绍 能力 发现 初始 相信 越来越 资料 逐渐 市场 优势 接受 认可 敏捷 还原 仍然 方便 特点 情况 制造 推广 便于 选用 载体 有用 容量 强大 产品 其次 算法 字节 由于 有些 计算机网络 关于 优点 就是 以上 互动 希望 通过 认识 深层次 更加 帮助 消费者 有利于 保密 利益 首要 数据库 依赖 而且 随着 习惯 用户 现已 普及 移动 密码 如何 原理 正确 组合 起来 数字化 编号 企业 世界 带来 相片 作为 的数据 安全性 哪些 趋势 更为 可靠性 一切 方面 收集 更改 不可 范畴 证件 进行 有关 生成 文件 接下来 有的 同时 天然','1');
INSERT INTO `v9_search` VALUES('296','1','268','1501752720','二维码防伪标签怎么解决防伪防窜货问题？ 二维码 标签 问题 防伪 商品 标签 问题 公司 品牌 消费者 解决 严峻 商家 进行 导致 大家 大多数 的公司 得到 难题 选用 出售 出现 不断 通过 不错 不法 成本 我们 一个 只要 怎么 当今 社会 越来越 带来 相继 如今 受到 经过 的的 经销商 进而 驱动 声誉 代理商 广泛 一直 的发展 首要 影响 或者 一些 利益 危害 介绍 就是 以上 关于 如何 帮助 能够 希望 信息 有关 一样 采取 现已 其中 可以 扫描 追踪 从而 使用 由于 技术 用户 完善 不利 十分 重视 毕竟 所以 普及 纷纷 印刷 制造 全面 到底 因为 还对 同时 的影响 处理 那么','1');
INSERT INTO `v9_search` VALUES('297','1','269','1501752780','二维码营销抽奖活动有哪些优缺点？ 二维码 优缺点 营销 品牌 活动 消费者 缺点 我们 各种 能够 现金 参与 进行 大家 越来越 利用 生活 已经 非常 常见 更好 促销 方案 如今 哪些 应用 平台 广泛 第三方 当然 系统 吸引 商家 提升 建立 帮助 其中 营销活动 不乏 同时 无疑 一个 合作 心目 最终 他们 形象 流行 窗口 以上 就是 宣传 对外 增加 介绍 希望 了解 推广 带来 建议 这些 联手 而言 资源 通过 途径 双赢 可以 除了 对于 刺激 更多 以外 有效 形式 优点 购买 反复 刺激消费 在于 有关 说说 今天 产品 维护 负担 成本 增添 程度 因此 找出 性价比 从而 关注 大量 一定 付出 关系 之间 两者 以此 密度 热情 无法','1');
INSERT INTO `v9_search` VALUES('298','1','270','1501752780','二维码营销要做好这几点  营销 推广 消费者 进行 是否 就是 完整 场景 我们 方式 如今 做好 真正 一家 随着 需要 只有 常见 的发展 设置 各种 才能 社会 利用 活动 大家 普及 因为 正是 已经 智能手机 有着 数据 大企业 平台 以及 商家 能够 支撑 流畅 实现 引导 指导 相应 没有 构成 任何 无法 接触 清晰 成功 体验 完美 资源 系统 的安全 有关 注意 介绍 以上 执行 到位 注意事项 希望 安全 购物 更好 同时 带来 帮助 落地 创意 解决方案 后续 提供 完善 保护 服务 增值服务 多方面 企业 能保证 领域 选择 庞大的 创新 然而 促销 智能 接受 世界 用户 主动 吸引 如何 到底 成为 普遍 亲切 接下来 时间 空间 一个 考虑 目的 条件 因素 集合 维度 页面 动作 首先 必须 做到 想要 话题 这个 一起','1');
INSERT INTO `v9_search` VALUES('299','1','271','1501839240','二维码营销的关键核心是什么？ 二维码 核心 关键 消费者 促销活动 核心 奖品 所以 所有 我们 关键 营销 必须 不同 大家 利用 一个 互联网 如今 的发展 普及 陌生 不会 在线 就是 商品 随着 相信 推广 为了 本身 这些 介绍 包装 产品 从而 活动 商家 营销活动 各种 今天 以及 企业 越来越 有关 类型 中奖 讲究 基础 了解 因素 有所不同 建立 应用程序 希望 热情 影响 极大 以上 同一 承诺 奖金 品牌 概率 功能 千万 甚至 项目 非常 印刷 的方式 很少 往往 实现 基于 吸引力 更具 十分 投资 能够 厂家 方案 考虑 特别 知道 首先 这件 整个 足够 阶段 开始 过程 到底 包括 限于 觉得 失去 兴趣 无论 围绕 促销 不宜 文字 制造商 除了 海报 广告 需要 产品的 位置 情况 独立 传统','1');
INSERT INTO `v9_search` VALUES('300','1','272','1501839240','几个出色的二维码营销案例 二维码 案例 可以 案例 营销 就是 人们 大家 我们 商店 优秀 相信 航空 网站 看到 一个 地图 手机 用户 选择 通过 公交 自动 机票 免费 消费者 获得 信息 扫描 经过 进行 时候 内容 普及 商家 活动 任何 地方 企业 打造 以及 推广 帮助 吸引 如今 创意 当然 智能手机 随着 面积 加拿 来自 万平方米 超大 形成 登记 移动 凭借 获取 一面 最后 收集 目的地 全球 诞生 突发 非常 具有 这么 勇于 实践 以上 介绍 应该 不要 想法 大胆 害怕 学会 同时 这些 他们 计划 奇迹 不少 上面 夫妇 杂志 造成 飞机 有人 包含 创造 形状 农民 里面 点评 根据 大众 形式 交互 超过 包括 评分 出色 得知 喜爱 一些 来看 今天 希望 带来 更多 评论 等内容 制作 分别 国家 参赛 公司 奥运会 放到 只要 找到 参与者 邀请 站点 然后 寻找 可以通过 以后 消费 这家 而且 如果 一家 是否 航空公司 游戏 做出 之间 进去','1');
INSERT INTO `v9_search` VALUES('301','1','273','1501839300','企业进行二维码营销有什么优势？ 二维码 优势 企业 营销 企业 用户 媒体 进行 可以 非常 如今 消费者 优势 我们 网站 信息 购物 不同 程度 有关 商家 商品 惊人 宣传 包括 扫描 越来越 成熟 阅读 了解 便捷 知道 提供 打破 传统 全面 火爆 人们 分析 同时 实现 有利于 从而 技术 以及 所以 今天 选择 大家 无法 市场 整合 动态 变化 完善 适应 方式 时间 方案 面的 由于 起来 限制 平面 结合 成本 降低了 时代 多种 实行 一定 一个 手机 制定 作为 局限 入口 单一 互联网 提高 互动 桥梁 拓宽 建立 此外 微博 社交 以上 带来 更多 帮助 能够 希望 就是 介绍了 一些 方便 效率 进而 相应 获得 通过 但是 带给 视觉 效果 详细 资源 页面 大大 投放 观看 的方式 依据 自身 兴趣 体验 短片 折扣 优惠 各种 可以通过 连接 形成 首先 网络 实物 预订 消费 凭证 目前 其次 交易 设置 存在 哪些 不仅 认识 浏览 次数 使用 记录 跟踪 每个 内容 地理位置 偏好 习惯 更好 区域 统计 深度 数据 挖掘 特性 距离 相互 转换 参与 提升 品牌 体现 交流 依附 移动 终端 根据 精确 追踪 市场信息 广告','1');
INSERT INTO `v9_search` VALUES('302','1','274','1502098500','企业在进行二维码营销的一些建议 二维码 建议 企业 企业 用户 进行 营销 扫描 需要 建议 能够 一些 网络 手机 终端 信号 带来 利用 我们 只有 知道 然而 一方 被动 处于 惊人 非常 便捷 广告 程度 火爆 如今 打造 品牌 环境 体验 时候 如何 欲望 主动 没有 因为 价值 更加 速度 登录 扩大 验证 面对 潜在 提供 发展 市场 目标 可以 手机号 时间 覆盖 客户 自身 失去 花费 页面 想象 搜索 属于 那么 使得 对此 不便 打开 软件 并且 阅读 专门 作用 一方面 下载 行为 教育 以上 就是 希望 帮助 体现 否则 不到 较大 发挥 但是 针对 行动 年轻人 刺激 吸引 大多数 大家 老人 工作 人群 以及 家庭 高效 呈现 优化 一个 有关 现在 面前 团队 抓住 创意 原创 问题 激发 思考 今天 订单 所以 这样 激活 销量 连接 个性化 低端 智能手机 由于 实现 移动 资源 借助 像素 导致 可以通过 运营商 合作 因此 降低 识别 能力 信息 足够 理由 毕竟 带给 方式 加之 创新 有趣 互动 设备 改善 普及 忠实 有利于 培养 补贴','1');
INSERT INTO `v9_search` VALUES('303','1','275','1502098560','如何玩转二维码营销？ 二维码 营销 创意 程度 竞争 一个 营销活动 可见 十足 人性 大家 风尚 活动 神秘 杂志 如何 挖掘 出现 客户 内衣 企业 或者 商家 非常 越来越 随着 如今 火爆 已经 不用 如何在 利用 为了 广告 受到 重要 无限 情怀 著名 内容 是否 揭晓 秘密 品牌 自己 后面 看见 个人 更是 模特 充满 男人 原来 忍受 诱惑 体验 案例 想要 更好 我们 不仅 启发 有没有 以上 介绍 之外 独特 同时 能够 打造 个性化 这样 只有 行动 动力 户外 一次 拍摄 记录 女神 出版 图书 宝贵 图像 作为 开展 推广 代理商 纪念 场面 事件 眼球 以前 广州 朋友 媒体 时间 他们 地段 突然 今天 事情 就是 脱颖而出 平台 处处 手机 分享 关于 美的 名为 流量 关键 好奇 旅行 美食 欢迎 永远 弱点 用户 文章 具有 带来 项目 冲动 跑车 究竟 设计 美女 一起 所谓 还是 能否 震撼 亮相 相当 几百','1');
INSERT INTO `v9_search` VALUES('304','1','276','1502098560','如何选择正规专业的二维码防伪公司？ 二维码 专业 公司 防伪 公司 选择 这么 如今 制作 这个 产品 可以 查询 专业 商品 所以 因为 运用 一个 大家 具有 比较 如何 是不是 就是 途径 正是 重视 出新 小型 消费者 人们 越来越 过程 购物 重要 由于 正规 标签 事情 验证 的公司 商家 利用 时间 浪费 功能 东西 通讯 许多 多个 顾客 不用 便捷 页面 有关 以上 区分 然后 一样 介绍 需要 带来 帮助 能够 希望 考虑 知道 产品的 其它 应当 不想 如果 当然 多种 并非 不可 其一 需求 到底 市场 不正 一家 科技 我们 接下来 有名 不是 作出 掌握 等于 时候 只需 方法 安全 无法 没有 一些 存在 技术 他们 我会 其他 家公司 还要 接入','1');
INSERT INTO `v9_search` VALUES('305','1','277','1502185020','一物一码帮助企业创造财富 一码 财富 企业 企业 营销 能够 活动 如今 商品 利用 提升 实现 品牌 到底 进行 用户 体验 带来 大街 消费者 帮助 就是 发展前景 即可 赋予 非常 财富 以及 商家 那么 推广 后台 这样 渠道 各种 此类 丰富 参与 改进 事情 防止 促销活动 维护 费用 降低 形象 推出 销量 我们 可见 好处 关于 介绍 不仅 有效 一举 更多 同样 知名度 大家 以上 上线 运营 灵活 并且 便利 快速 改善 大幅 多样性 具备 复杂 原理 创造财富 创造 哪些 数据 唯一 消费 零售 批发 生产 全过程 追溯 流向 查看 只需 管理 信息 查询 从而 编码 加密 双重 达到 难以 防伪 效果 复制','1');
INSERT INTO `v9_search` VALUES('306','1','278','1502185020','一物一码的发展趋势有哪些？ 一码 趋势 营销 消费者 趋势 发展 企业 商家 智能 促销 能够 从而 智能化 通过 场景 消费 效果 时代 进行 哪些 实现 传统 营销策略 达到 实时 竞争 市场 一切 自动 可以 不利于 以及 分布 诉求 的发展 心理 人们 激烈 方式 调整 产品 帮助 最大化 进步 难以 数据 变革 同时 更好 社会 我们 了解 满足 客户 沟通 针对 足够 收集 不同 走向 的到来 针对性 布局 使得 社会发展 用户 地域 人群 综合 以上 就是 做到 轻松 经销商 介绍 希望 便利 更多 带来 大家 代理 相应 年龄 区域 包括 分析 在内 的数据 或者 一个 得出 汇总 随着 存在 用途 到底 加速 因此 必然 行业 进化 接下来 大趋势 三个 可能 安全 食物 遍及 已经 庞大的 群体 购买 重复 形成 互动 迅猛 感知 周围 视觉 碎片 品牌 互联网 连接 需求','1');
INSERT INTO `v9_search` VALUES('307','1','279','1502185080','一物一码的价值有哪些？ 一码 价值 消费者 企业 价值 活动 营销 产品 可以 随着 互动 互联网 迅速 直接 了解 打开 沟通 之间 品牌 能够 需要 销售 的数据 大量 花费 调整 传统 可见 数据 通过 完成 并且 中奖 时间 提升 分享 飞速 技术 越来越 围绕 发展 今天 运用 流行 然而 有关 大街 大家 促销 送达 一定 系统 互联 确保 逐步 程度 不可 建立 成为 有效 推向 转化 增长 刺激 更多 市场 授权 反馈 第一 及时 获得 情况 这些 一时 营销策略 火爆 所在 介绍 以上 就是 发放 奖品 发生 动作 只要 帮助 管理系统 后来 哪些 兑换 手机号 地点 看到 人群 完整 认可 参与 有奖 参加 推出 提高 自己 受众 入口 朋友 信息 即可 到底 购买了 我们 例如 年龄 运行 整个 能保证 物力 财力 但是 现在 减少 中间 一个 人力 促销活动 概率 开展 节日 地区 具有 灵活性 费用 成本 快速 实现 双方 环节','1');
INSERT INTO `v9_search` VALUES('308','1','280','1502271480','一物一码二维码营销应用优势分析 二维码 一码 优势 营销 用户 如今 优势 应用 随着 能够 带来 越来越 大家 品牌 有关 帮助 快速 利用 通过 终端 行业 信息 使用 实践 为主 正是 因为 很大 普及 出现 市场 这个 分析 社会 高速 发展 平台 策略 进行 之一 引导 开展 手段 社交 关注 常见 沟通 建立 主流 作为 顾客 与其 高效 渠道 介绍 潜力 巨大 具有 依然 以上 就是 活动 推广 更好 希望 制造业 不少 实现 趋势 目标 更多 唯一 诸如 对于 重视 受到 同时 读取 储量 哪些 所以 便利 接下来 我们 到底 相比 存储 交易的 互动 扫描 扩大 行为 障碍 因此 普遍 不断 市场份额 数据 文字 丰富 加密 友好 交易规模 支付 中国移动 相对','1');
INSERT INTO `v9_search` VALUES('309','1','281','1502271540','一物一码防伪溯源系统在各个行业的应用是怎样？ 一码 行业 系统 防伪 购买 促销 消费者 系统 如今 大家 毕竟 活动 就是 一个 可以 应用 提高 通过 包装 产品 参与 获取 各个 用户 提示 怎样 市场 进步 泛滥 遭遇 更加 商品 然后 社会 我们 注重 所以 越来越 帮助 企业 后续 随着 行业 有的 维护 食品 因为 话费 的发展 其他 唯一 跟踪 农产品 获得 种子 使用 商城 页面 进入 进行 即可 产品的 以上 传播 品牌 希望 能够 重要性 所在 了解 更好 带来 很大 奖项 由于 不同 设置 用来 厂家 大力 中奖 概率 数量 奖品 支持 积分 领取 标签 饮料 重要 做好 危害 事情 今天 有关 科技 身上 联系 有效 这样 不等 信息 有助于 里面 营销 外部 医药 起到 打开 外面 销量 同时 目的 卡片','1');
INSERT INTO `v9_search` VALUES('310','1','282','1502357940','二维码防伪标签的重要性所在在哪里？ 二维码 重要性 所在 防伪 标签 信息 具有 加密 数据 重要性 条码 我们 可以 大家 成为 所在 可靠 安全 应用 抢先 已经 渗透 生活 发现 应该 传递 存储 因此 成本 能力 方方面面 初始 如今 数学 运用 认可 可见 趋势 今天 越来越 大众 接受 市场 有关 敏捷 方便 认识 便于 推广 更多 帮助 使用 特点 情况 其次 由于 资料 产品 更好 选用 算法 还原 仍然 制造 有些 数据库 有利于 消费者 习惯 希望 用户 互动 有用 就是 介绍 以上 能够 了解 计算机网络 保密 依赖 移动 带来 功能 利益 现已 遍及 跟着 而且 载体 组合 技术 世界 原理 数字化 起来 联系 密码 哪里 怎样 到底 编号 才能 更改 不可 收集 方面 容量 首先 优势 天然 一切 可靠性 进行 作为 相片 生成 安全性 的数据 文件 字节','1');
INSERT INTO `v9_search` VALUES('311','1','283','1502358000','二维码如何实现商品防伪溯源？ 二维码 商品 防伪 实现 产品 商品 企业 系统 信息 能够 营销 利用 产品的 如何 出现 如果 管理 消费者 查询 进行 企业产 就是 一个 推广 那么 看到 全部 这个 这样 对于 应用 如今 哪个 一时 第一 广泛 越来越 范围 到底 活动 做法 这里 发现 非常 大家 其实 通知 然后 管理者 建立 经销商 简单 生命 希望 介绍 周期 以上 监测 并且 联网 带来 一点 目前 功能 帮助 进而 那些 固定 扫描 一样 需要 东西 智能 手中 出生 更新 追溯 当然 地域 销售 变化 等信息 区分 每个 出来 汇总 物流 这些 错误','1');
INSERT INTO `v9_search` VALUES('312','1','284','1502358060','二维码溯源系统的重要性是怎样？ 二维码 重要性 系统 我们 系统 就是 防伪 功能 为了 智能手机 能够 通过 帮助 食品 带来 安全问题 源码 唯一 重要性 消费者 安全 环节 随着 这个 所有 可以 如今 实现 轻松 成品 产品 追溯 企业 问题 出现 查询 得到 标签 步骤 哪个 事故 相关 手机 的发展 建立 原料 最为 解决 极大 当然 泛滥 购物 这是 毕竟 关系 健康 那么 关注 可谓 提高 用户 行业 改变 同时 方面 连接 自从 附加 所以 或者 绝对 放心 更加 带动 资讯 简易 期间 颠覆 只要 信息 号码 可能 以上 大家 可见 所在 有关 介绍 现在 几乎 变革 枢纽 重要 免去 复杂 技术 特别 方便 食品安全 最大 双向 特色 人工 每个 的安全 数据 一大 难题 如何 怎样 此时 输入 软件 由于 资料 避免 责任人 查找 责任 不明 面的 更快 困难 处理 借助 内部 发生 监管 一旦 备份 实时 人员 判断 行为 过失 存在 是否 具有','1');
INSERT INTO `v9_search` VALUES('313','1','285','1502444460','二维码营销能够给企业带来什么好处？ 二维码 好处 企业 营销 客户 企业 可以 广告 一个 我们 好处 互动 媒体 内容 了解 推广 用户 智能手机 能够 带来 的发展 进行 增加 移动互联网 以及 高效 为了 丰富 产品 宣传 知道 随着 跟踪 从而 移动 方式 普及 会员 不断 之后 符合 精确 无法 信息 随时 他们 现今 新商机 潮流 创新 提高 相信 才能 首先 产品的 购买 想要 吸引客户 一定 便于 来说 引起 眼球 效果 同时 有趣 体验 本身 对于 展会 名片 最高 优势 这是 参考 做出 投放 时间 其他 做到 取代 有着 其它 不可 重要性 无可 由此可见 选择 记录 比较 轻松 判断 数据 访问 通过 每个 性价比 传统 分析 基于 时段 帮助 调整 受到 哪些 无限 文字 展示 面前 形式 手机 完成 所有 直接 不用 消费 那么 到底 图片 甚至 积分 回报 促销 开展 传播 购物 同行 短信 需要 保持 经常 积累 版面 局限 不再 动画 清晰 声音 达到 目的 利用 渠道 收集 节约 成本 竞争','1');
INSERT INTO `v9_search` VALUES('314','1','286','1502444520','供应链管理行业的发展前景怎样？ 供应链 发展前景 行业 供应链 管理 行业 企业 如今 客户 发展前景 上述 金融服务 管理系统 的发展 成为 资金流 价值 提升 运行 能够 创造 提供 物流 发展 使得 导致 同时 增强 凭借 激烈 市场需求 市场 竞争 数据 服务 频繁 主要 任何 系统 因素 成熟 当然 想要 更好 怎样 大家 外包 不能 管理体系 自己 必须 涵盖 银行 结算 这些 理财 其他 提供融资 基于 的数据 处理 过程 全过程 开发 查询 嵌入式 特点 可能 传统 丰富 供应商 越来越 背景 开拓 业务 模式 金融业务 上下 核心 从而 应该 提升盈利 能力 以上 的增长 介绍 相信 促进 条码 天然 更加 和信 信息 公司 等服务 贷款 及时 便利 认识 做到 动态 监管 风险控制 资金的 货物 深刻 对于 了解 响应 增长 前景 广阔 体现 缩短 整体 效率 有助于 成本 交易 交易时间 降低 社会 贸易 规模 两个 取决于 比例 接下来 科技 我们 应对 变化 生产 供给 流程 复杂性 工艺 技术进步 带来 复杂 程度 最快 挖掘 最大 国内 日益增加 以及 升级 产品 广泛 主要是由于 较为 应用 速度 目前 技术 更新 等行业 转移 偏好 用户 需求 包括','1');
INSERT INTO `v9_search` VALUES('315','1','287','1502444520','建立一物一码防伪溯源系统有什么意义？ 一码 意义 系统 防伪 系统 产品质量 建立 产品 意义 市场 造假 成为 企业 消费者 查询 非常 保障 不仅 提升 放心 消费 有效 安全 能力 同时 食品安全 重要 追溯 公司 当然 推出 具有 类似 主流 已经 如今 随着 使用 普及 越来越 用户 营销 我们 能够 有关 标准 设置 成熟 目前 领域 不久 前景 标签 但是 不是 要求 应用 可见 根据 十分 所在 介绍 大家 帮助 更好 便利 很大 带来 的发展 就是 以上 水平 尤其 整体 空间 得到 监管 显著 构架 举措 经济建设 加快 未来 生成 来说 品牌 保持 防止 以及 性质 今天 哪些 到底 传播 通过 成本 可以 增加了 大大 角度 记录 产品的 次数 统计 流向 进行 终端 名称 包括 信息 平台 生产 日期 整合 区域 销售 执行 方式','1');
INSERT INTO `v9_search` VALUES('316','1','288','1502703780','企业如何高效管理二维码营销 二维码 企业 营销 进行 可以 批量 企业 管理 设置 如今 需要 根据 链接 高效 时代 非常 效果 想要 迅速 生机 就要 一线 赢得 竞争 的发展 系统 统一 如何 灵活 避免 这是 做好 移动互联网 或者 降低 生成 监控 推广 火爆 大家 宣传 比较 实际 网站 就是 进入 减少 以及 图片 连接 变成 颜色 错误 页面 数量 混乱 发生 不管 类型 浏览 次数 还是 尺寸 中心 密度 以上 增加 担心 安全 注意 事项 更好 帮助 能够 希望 有关 手机 统计 访问量 无法 介绍 关注 重要 人员 困扰 选择 长度 到底 那么 各种各样 最好 商用 互联网 成为 载体 越来越 生活 我们 中小企业 失效 提供 打印 下载 全部 方便 快捷 因为 同时 提高效率 的操作 全网 效率 产品 视频 提升 大大 快速 新闻 不断','1');
INSERT INTO `v9_search` VALUES('317','1','289','1502703780','企业如何做好二维码防伪？ 二维码 企业 防伪 企业 消费者 门槛 做好 如何 识别 我们 无法 品牌 才能 带来 设备 毕竟 复制 技术 造假 成本 准确 任何 工具 提高 鉴别 能够 简单 如今 市场 因为 商品 所以 形象 直接 泛滥 购物 难免 大家 担忧 到底 商家 烦恼 有关 此时 承受 安全 应具备 风险 投资 工艺 本身 难以 壁垒 实现 规模 高效 以上 科学 方便 应该 就是 需要 帮助 希望 事情 注意 措施 负责 投入 适当 可靠 遏制 符合 效益 销量 保护 维护 原则 有效 支付 今天 区分 提供 主要 认知 借助 无需 管理者 层次 仪器 而且 亲自 费用 额外 必须 特征 主动 积极性 产品的 目的是 拒绝 打击 可能 成为 假冒 结论','1');
INSERT INTO `v9_search` VALUES('318','1','290','1502703840','企业做好供应链管理要具备什么能力？ 供应链 能力 企业 供应链 能力 管理 企业 不同 具备 行业 区域 如今 整合 专业 领域 解决方案 客户 大家 的发展 一定 全方位 特点 表现 季节 进出口贸易 宏观经济 信息 层次 提供 主要 不能 当然 管理系统 自己 成熟 任何 具有 更好 想要 必须 管理体系 运营 做好 相关 反映 指标 密切 从业 支持 传递 立体 范围 交叉 关键 要素 多层次 特性 要求 同步 服务 最初 以上 就是 特征 明显 港口 经济带 介绍 关于 理解 帮助 带来 能够 需要 希望 聚集 为主 经济周期 我国 因此 相关性 信心 指数 经济 大部分 服务于 初期 发展 发达 地区 消费者 多个 哪些 活动 物流 经营 贯穿 纵向 有关 因素 社会 两个 取决于 贸易 规模 科技 我们 接下来 外包 比例 资金流 和信 针对 个性化 模式 商业 同行业 类型 需求 制定 现有 资源 层级 强调 普通 同行 掌握 乃至 跨越 横向 每个 单一 制度 法律 方案 深刻 执行 问题 框架 解决 指导','1');
INSERT INTO `v9_search` VALUES('319','1','291','1502790240','二维码促销的方法有作用有哪些？ 二维码 作用 方法 促销 资源 进行 促销活动 方法 以及 中奖 作用 避免 奖品 兑现 客户 最好 方案 有效 制定 分析 营销 大家 终端 防止 专业 传统 已经 做到 随着 成本 寻求 替代 严格 需要 数据 移动互联网 的发展 费用 方式 手机 可以 逐渐 认识 我们 参与 监控 哪些 有关 预算 如何 运用 并且 灵活 商品 应用 导致 随时 维系 保证 全过程 利用 直接 生成 超预期 控制 报表 最后 收集 以上 就是 利于 习惯 评估 科技 希望 能够 介绍 更好 了解 成果 销售数据 一旦 物资 内容 数量 发现 溢出 结束 整合 帮助 立即 虚假 调整 杜绝 适合 新型 深入 产品 活动 调动 弊端 激励机制 接下来 消费者 积极性 服务 机构 选择 浪费 压缩 最小 确保 支持 合作 合适 代理商 合理安排 顺利 增加 主动性 推进 涉及 物流 仓储 采购 供应 一个','1');
INSERT INTO `v9_search` VALUES('320','1','292','1502790240','二维码防伪防窜货系统有什么特点？ 二维码 特点 系统 系统 经销商 管理系统 数据 特点 防伪 出售 提升 管理 以及 具有 搜集 完成 工作 公司 进行 商品 有用 精确 信息 计算 了解 完善 难以 如今 问题 这个 企业 所以 当地 市场 管制 比较 当然 泛滥 损失 如果 有的 最大 是不是 流转 导致 附加 防止 劳动 无效 存量 进步 环节 的数据 商场 资金 及时 计划 以上 就是 保护 水平 介绍 希望 帮助 带来 大家 能够 抵抗 提供 削减 决议 为公司 依据 追踪 全过程 售后 请求 汇总 主动 十分 重要 到底 接下来 我们 上传 减轻 速度 电子 人员 难度 人工 处理 事务 消除 转换 文字 输入 机房 送到 书写 过程 大大 纸张 经过 效率 操作','1');
INSERT INTO `v9_search` VALUES('321','1','293','1502790300','二维码促销方案是怎样？ 二维码 方案 消费者 促销 品牌 企业 方案 互动 营销 参与 大家 这个 个性 年代 制定 自我 崇尚 结合 帮助 激发 怎样 服务 每个 角度 来说 极度 有关 能够 互联网 带来 满足 为了 空前 关系 需求 个人 个体 关注 释放 需要 中心 提升 地位 计划 市场 问题 现实 人工 困扰 不同 而且 屏蔽 方面 只能 出现 情况 重复 有效 同时 一次 防止 扫描 避免 奖品 节省 目的 联系 促销活动 了解 就是 以上 紧密 达到 深入 保证 社交 活动 积极 积分 我们 支出 数字化 费用 希望 更好 分享 除了 一些 介绍 科技 可以 之外 体验 大大 接下来 到底 持续 完善 过程 建立 改变 逐渐 更为 分析 不断 行为 基于 抓住 增加 热情 新时代 关键 优质 运营 家企业 全球 进行 新概念 商机 时代 无疑 利用 到来 之际 率先 提出 任务 效果 好处','1');
INSERT INTO `v9_search` VALUES('322','1','294','1502876760','二维码防伪技术有什么好处？ 二维码 防伪技术 好处 具有 信息 条码 防伪 可以 功能 一定 特点 技术 一些 编码 表示 占有 字符 每个 特定 普通 超过 容量 好处 我们 同时 不同 的发展 面积 图像 可靠性 更好 百万 错误 恢复 得到 局部 引起 数据 正确 企业 能力 帮助 就是 措施 介绍 可见 保密 成本 持久 以上 制作 重要性 引入 之一 千万 加密 能够 所在 只有 做好 之二 汉字 有关 处理 识别 自动 图形 旋转 大家 接下来 变化 文字 声音 图片 范围 出来 进行 数字化 几十 密度 字节 数字 字母 多种','1');
INSERT INTO `v9_search` VALUES('323','1','295','1502876760','二维码营销技术不可替代 二维码 技术 技术 营销 信息 的发展 快速 识别 成为 重要 互联网 快速发展 如今 随着 具有 编码 高新技术 可靠性 容量 具体 以及 企业 传统 领域 等等 特点 加快 物流 经济 自动 全球化 新时代 多种 实现 在经济 各类 一体化 迈进 方向 极大 进而 促进 分析 整合 问题 属于 自己 优点 高速 需求 多年 满足 社会经济 作用 进一步 一些 带来 或是 经济效益 全方位 防伪 转变 方式 转型 行业 有力 移动互联网 表示 汉字 入口 时代 流量 进程 利用 推广 可以 定义 处在 方案 目前 保密 文字 新型工业 图像 我国 阶段 开发 应用 唯一 因此 作为 移动通信 产物 准确 成本 一体 基础 物品 以前 有的 速度 数量 不可 替代 剧增 明确 尤为 显得 传递 标识 采集 证明 产品 供应链 管理系统 现代 电子商务 展会 还是 会议 食品安全 追溯 经济建设 社会发展 角色 不可或缺 环节 担当 零售 商品 实用 成果 当今 今天 身份 利器 之一 渗透 无论 制造业 当中 各个领域 人民 发挥','1');
INSERT INTO `v9_search` VALUES('324','1','296','1502876760','二维码营销有哪些独特风格？ 二维码 风格 营销 企业 媒体 用户 进行 我们 大家 风格 消费者 可以 同时 信息 购物 推广 商家 以及 品牌 独特 便捷 从而 已经 技术 有利于 宣传 十分 成熟 扫描 商品 如今 能够 全面 网站 帮助 哪些 更好 打破 传统 知道 实现 当然 分析 采用 有关 越来越 各种各样 营销活动 自己 具有 今天 平面 手机 局限 入口 一个 互联网 单一 起来 面的 限制 时间 由于 时代 方式 整合 一定 程度 变化 动态 适应 市场 降低了 成本 作为 实行 多种 结合 无法 拓宽 桥梁 互动 建立 以上 就是 活动 带来 希望 介绍 一些 社交 微博 但是 通过 效果 视觉 方案 带给 进而 相应 详细 资源 获得 人们 完善 连接 不仅 形成 认识 提升 距离 参与 体验 设置 折扣 优惠 短片 可以通过 包括 各种 交易 实物 首先 网络 追踪 市场信息 区域 偏好 不同 统计 数据 挖掘 习惯 选择 制定 投放 广告 深度 记录 移动 终端 依附 根据 精确 特性 每个 跟踪 了解','1');
INSERT INTO `v9_search` VALUES('325','1','297','1502963220','二维码追溯有什么用？ 二维码 我们 一个 产品 进行 追溯 信息 方面 防伪 作用 越来越 标识 流通 生产 非常 重要 方式 企业 可以 不仅 手机 这是 生活 随着 普及 利用 对于 加强 来说 应用 功能 行业 食品 遇见 能够 就是 这些 存在 管理 使用 查询 农产品 消费者 哪些 大大 这样 范围 汉字 科技 身份 现在 接触 开始 的发展 存储 并且 同时 包含 英文 数字 限于 中文 同样 遍布 景区 已经 如今 介绍 好好 便利 活动 推广 宣传 起到 以上 元器件 化妆品 电子 饮料 药品 上面 利润增长 实现 更是 成本 看到 网站 公众 客户端 检验 以及 生产厂家 电话 投诉 咨询 可以通过 具体 通过 关心 更为 一定 分配 渠道 数据库 相应 更加 清晰 工业 常见 其中包括 对应 其中 监督 有效 过程 市场 后期 发展 物联网 知道 服装','1');
INSERT INTO `v9_search` VALUES('326','1','298','1502963580','企业进行二维码营销的一些注意事项有哪些？ 二维码 注意事项 企业 企业 用户 营销 进行 扫描 需要 带来 终端 提供 网络 手机 吸引 一些 如何 所以 我们 时候 主动 可能 知道 只有 品牌 体验 利用 打造 哪些 没有 环境 注意事项 盈利 积极的 事项 重要 大家 最为 价值 注意 扩大 使用 搜索 信号 覆盖 目标 高效 便捷 客户 潜在 市场 发展 因此 对此 可以 那么 想象 补贴 合作 运营商 可以通过 属于 面对 速度 自身 软件 降低 并且 打开 阅读 下载 专门 行为 教育 就是 希望 能够 以上 体现 否则 不到 一方面 作用 行动 不便 老人 针对 但是 刺激 年轻人 家庭 人群 发挥 较大 工作 帮助 以及 大多数 创新 一个 现在 面前 优化 激发 欲望 抓住 创意 团队 原创 思考 问题 有关 今天 广告 连接 信息 资源 借助 大量 设备 改善 移动 实现 导致 识别 像素 由于 低端 智能手机 普及 享受 带给 足够 方式 呈现 个性化 加之 理由 打出 之后 快乐 充分 优惠 系列 折扣 能力','1');
INSERT INTO `v9_search` VALUES('327','1','299','1502963580','如何更加精准的进行二维码红包营销？ 二维码 红包 进行 可以 营销 中奖 大家 产品 地区 销量 我们 哪些 企业 或者 商家 不同 时间 概率 如何 需要 控制 消费者 商品 根据 选择 经销商 沟通 交流 利用 为了 一大 乐趣 如此 因为 正是 所在 普及 随着 设置 比如 相信 更加 如今 能够 各种 做到 对待 市场 发给 多少 金额 产品有 营销策略 同样 刺激消费 最低 最高 期间 就是 介绍 以上 节假日 关于 更好 带来 帮助 希望 事项 注意 重大 春节 开放 购买了 统一 特殊 系统 实际 特定 投放 长期 抓住 比较 到底 客户 合适 接下来 所以 活动 逻辑 按照 记录 统计 后台 通过 流向 的计划 区域 清楚 力度 促销 模式 控制产品 对于 型号 产品的 顺序 特别 效率 知道','1');
INSERT INTO `v9_search` VALUES('328','1','300','1503050040','如何玩转品牌二维码红包营销新策略？ 二维码 红包 策略 产品 导购 信息 代理商 企业 品牌 营销 防伪 策略 消费者 营销活动 就是 大家 卖出 获得 以及 传播 销售 如何 然后 相应 一个 人人 可以 激活 希望 系统 售后 需要 通过 查询 利用 进行 的发展 流行 普及 越来越 商家 比较 如今 各种 有关 随着 网络 其中 追溯 实现 流通 生产 展示 商品 详细 这样 积极 认为 产品的 赢得 预防 有利于 从而 提高 积极性 激发 主要 销量 以上 带来 帮助 能够 注意 介绍 渠道 形象 鼓励 提升 设置 在后 审核 平台 申请 自主 不断 激励 第一 领取 活动 接下来 我们 负责 出去 效应 媒体 社会化 意识 参与 到底 同时 影响力 拓宽 所有 几乎 扫描 第二 快速 第三 显示','1');
INSERT INTO `v9_search` VALUES('329','1','301','1503050040','食品行业防伪溯源系统的意义有哪些？ 食品行业 意义 系统 产品 企业 系统 防伪 消费者 信息 查询 政府 行业 食品 意义 问题 加工 合格 价值 可以 管理 追溯 大家 能够 食品安全 查看 自己 毕竟 哪个 监管部门 很大 的影响 有着 生产 环节 重视 综合 如今 以及 购买 哪些 带来 验证 十分 提升 原料 全面 商家 当然 品牌 客户 所在 只有 这样 所以 留住 吸引 今天 有关 自身 形象 对市场 控制 就是 以上 平台 介绍了 了解 数字 包装 打开 注意事项 帮助 输入 进行 实力 实行 希望 监管 力度 手段 品质 更好 执法 老百姓 处理 预警 理念 展现 主动 快速 成本 加强 物流 加大 渠道 分销 营养 完善 降低 对于 直接 通过 管理层 流程 产品的 流向 整个 过程 经销商 生成 根据 追踪 找出 比如 相关 扫描 没有 产品有 反映 统计 用于 方便 出现 集中 市场 流通 改进 分析 工艺','1');
INSERT INTO `v9_search` VALUES('330','1','302','1503050100','溯源系统帮助企业更好进行二维码营销 二维码 系统 企业 企业 营销 防伪 系统 成本 更好 如今 的发展 能够 推广 公众 进行 通过 商品 活动 话题 商家 以及 使用 方式 属性 实现 可以 如何 产品 单个 品牌 全民 一个 效果 想要 讨论 避免 各种 成为 已经 收集 数据 帮助 用户 支持 提供 行为 关注 扫描 降低 后台 营销活动 有关 就是 等等 查询 奖励 领取 以上 管理系统 可以通过 希望 介绍 参与 购买 融合 使用说明 广告 传播 包装 消费者 激光 标签 打假 载体 技术 新型 入口 接下来 到底 这个 带来 话费 流量 积分 实物 拥有 分销 商城 互动 独立 每个 革新 赋予 百分 多样化 促销 会员','1');
INSERT INTO `v9_search` VALUES('331','1','303','1503309300','一物一码帮助企业防窜货 一码 企业 企业 经销商 帮助 数据 通过 系统 带来 可以 营销 销售 大家 做到 就是 结合 行为 最终 想要 报表 监控 物流 管理 目的 盈利 一个 更好 及时 商业 各级 就要 能够 的发展 如今 消费者 建立 好处 成本 以往 同时 查看 情况 进行 告别 依赖 降低 主动 刺激消费 节省 大量 上实 方式 渠道 呈现 奖励 领导者 方便 准确 形式 市场 决策 使用 介绍 以上 希望 提交 季度 展示 实时 库存 动态 销售数据 关于 或者 改变 了解 层级 出入 品牌 查询 防伪 网络 接下来 我们 哪些 有关 说说 活动 多种 赠送 话费 流量 积分 属性 人工 区域 商品 追踪 变成 自动 体验 用户 自己 手机 实物','1');
INSERT INTO `v9_search` VALUES('332','1','304','1503309360','一物一码的重要性无可替代 一码 重要性 营销 大家 消费者 品牌 我们 会员 数据 商品 互动 防伪 技术 认识 结合 实现 重要性 有关 相信 定义 帮助 同时 以下 介绍 成为 自己 信息 整合 超强 产品 客户 设置 决策 销售 科技 不得不 说起 知识 方面 原先 介绍了 无可 公众 合一 渠道 权威 认证 市场价格 唯一 取代 实体 停止 深层 区域 不可 规范 经销 中奖 各种 搞定 内容 订单 主动 忠实 分销 增值 以上 推广 应该 更深 全网 积分 优惠 就是 之后 精彩 上线 身份证 三点 通过 现在 主要 个人 数字 验证 方式 加密 签名 所以 替代 今天 所在 赋予 放心 各地 供应 认知 客观 收集 不仅仅 情况 所有 功能 企业 场景 扫描 无线 工具 第三方 保护 购买 应用 分享 价值 导购 连接','1');
INSERT INTO `v9_search` VALUES('333','1','305','1503309420','一物一码二维码营销新思路 二维码 一码 思路 防伪 消费者 营销 思路 互联网 连接 如今 有效 扫描 传统 可以 实现 大家 能够 起来 入口 我们 的方式 希望 结合 产品 万物 而且 时代 知道 具有 作为 门槛 直接 本身 当然 设计 应用 这个 彩色 增加 图形 商品 有关 中奖 标签 激烈 竞争 美化 优惠 一个 量化 处理 同时 以及 例如 创意 普通 基础 变形 每个 吸引 通过 视觉 看到 强大 软件 发挥 帮助 带来 移动互联网 云计算 利用 介绍 技术 上线 以上 就是 品牌 降低 情况 等级 手段 进一步提升 极大 提高 更好 双向 提升 造假 避免 优势 各自 女性 开拓 根据 用户 性别 来看 多数 所以 方式 推广 今天 哪些 动机 持续 升温 当前 借用 成为 话题 不妨 活动 查询 概念 引入 创新 如何在 有利于 类似 机会 获得 后续 针对性 复制 因此 容易 其实 因为','1');
INSERT INTO `v9_search` VALUES('334','1','306','1503395820','一物一码互动营销优势有哪些？ 一码 优势 营销 消费者 企业 产品 互动 更加 进行 优势 营销活动 用户 购买 就是 通过 如今 提供 消费 沟通 一个 数据 场景 大家 信息 追溯 品牌 设计 这个 接下来 我们 环节 当下 哪儿 科技 产品的 更好 参与 比较 但是 有关 的方式 多样化 方式 随着 互联网 哪些 普及 有效 销售 代理 竞争 重复 选择 售后服务 能力 转化 出现 购买的 提高 激烈 不再 可以通过 而是 只是 时代 提升 增强 服务 这种 生产线 真实 信任 以上 推广 活动 帮助 能够 介绍 希望 透明 运输 可以 清晰 愿意 之后 完善 体验 呈现 过程 仓储 质检 甚至 之前 逐步 入口 记录 流量 成为 公众 系统 后台 有的 分组 查看 关注 进而 采集 描绘 实现 第三方 开发 借助 平台 符合 需求 无法 直接 模式 以往 渠道 之间 支撑 作为 改进 研发 后续 接触 频率 身份 唯一 赋予 最高 整个','1');
INSERT INTO `v9_search` VALUES('335','1','307','1503395820','一物一码替代再来一瓶的好处有哪些？ 一码 好处 活动 这种 进行 奖品 销售 解决 问题 营销 好处 广告 可以 消费者 渠道 产品 通过 属性 我们 促销 方式 如今 多年 赋予 促销活动 信息 商品 就是 生成 替代 存在 只是 后台 复制 收集 饮料 购买 后期 防伪 统一 时候 经常 以前 流通 产品的 模式 看到 中奖 越来越 侵害 出现 假冒 不好 宣传 增加 介绍了 利用 实现 生产 有关 可见 重要性 所在 无需 带来 能够 代替 优化 而且 环境 过程 经销 地点 以上 视频 企业 上述 除了 哪些 时间 次数 作用 生长 查询 一个 生产过程 区域 提示 相关 大家 唯一 所谓 时有 浪费 起来 下面 改变 弊端 得到 使用 链接 字符 或者 为准 难以 了解 发放 总部 实物 零售 里面 每个 即将 设置 系统 需要 到期 市场 内容 修改 只需','1');
INSERT INTO `v9_search` VALUES('336','1','308','1503482280','一物一码营销到底有哪些魅力优势？ 一码 优势 魅力 营销 产品 形式 主要 印刷 魅力 可以 优势 大家 实现 以及 物流 查询 能够 消费者 促销 销售 信息 防伪 通过 往往 手段 只要 新型 最为 越来越 受到 更多 企业 重视 普及 拿出 哪些 手机 随着 智能手机 到底 收获 直接 源码 快速 购买 详细 生产 原材料 追溯 利用 深入 了解 以上 完整 帮助 希望 介绍 就是 有关 一些 出入 有效 不停 顾客 领取 积分 奖励 流量 话费 促进 正是 由于 效果 并且 成本 那么 惊喜 商家 这么 方式 轻松 作用 好处 这样 区域 识别 接下来 提升 结合 有机 品牌 市场 带动 同时 终端','1');
INSERT INTO `v9_search` VALUES('337','1','309','1503482280','一物一码有什么优势？ 一码 优势 我们 消费者 带来 优势 信息 大家 用户 营销 通过 具有 扫描 产品 准确 代理商 商家 利益 同时 极大 场景 以及 越来越 方方面面 防伪 生活 加密 几乎 不仅 在后 如今 应用 帮助 发生 数据 系统 分析 可靠性 多种 文字 记录 容量 图象 汉字 表示 随时 情况 保密 及时 杜绝 数字 除了 监测 其它 消费 以上 就是 进行 客户 针对 潜力 科技 了解 能够 介绍 使用 关于 更好 介绍了 受众 根据 利用 定义 特点 高速 全方位 地域 分布 真实 描绘 属性 希望 频率 优点 规则 身份证 身份 处理 经过 每个 一个 有关 今天 所以 便利 这么 以至于 到底 编码 采用 手机 高效 提示 失效 自动 定位 区域 有无 代理 地址 显示 验证 知道 便捷 生成 国际标准 等级 检测 关闭 再次 手动 后台 可在 差异','1');
INSERT INTO `v9_search` VALUES('338','1','310','1503482340','有关二维码防伪的一些知识介绍  防伪 我们 消费者 可以 信息 就是 生产 介绍 通过 一些 一个 功能 产品 有关 实现 大家 产品的 知道 后台 带来 不好 事情 起到 基本 知识 泛滥 技术 所以 以及 商家 作为 关心 最为 如今 如何 印刷 能够 扫描 市场 认识 做好 这个 从而 普通 简单 错误 以为 许多 只要 具备 加密 数据 只是 特点 造假 二者 结合 具有 其他 只有 综合 更好 传递 帮助 更深 希望 以上 没有 误区 考虑 真正 说法 效果 声音 相同 不会 复制 本身 进行 标签 假冒 也许 接下来 形象 品牌 就要 企业 的影响 工作 提升 同时 利益 保障 系统 进去 城市 日期 当中 这样 愿意 部分 手机 比如 使用 厂家 作用 看到','1');
INSERT INTO `v9_search` VALUES('339','1','311','1503568740','中小企业有必要使用防伪溯源系统嘛？ 中小企业 系统 防伪 使用 中小企业 企业 生产 系统 能够 消费者 保障 流程 服务 产品 选择 他们 对于 但是 才能 我们 真正 到底 接入 技术 发挥 无论 资金 可用 来说 改造 能力 部署 有限 程度 如今 存在 不少 规模化 中小 自己 怎样 品牌 大家 权威 简易 客观 可行 具有 防止 可靠 效果 信息 污染 数据 还是 必须 习惯 科技 介绍了 就是 以上 有关 实施 带来 帮助 希望 建议 一些 落实 培养 查询 方式 方便 改变 最小 获得 最大 只有 更多 不能 门槛 功效 因而 适合 需求 迫切 有效 尤为 进行选择 如何 重要 形象 体系 必要 现实 迅速 诚信 树立 市场 打开 而是 增加 作为 只是 实现 所以 安全 管理 品质 不仅 效用 最大规模 功能 应该 同时 群体 需要 目的 最初 达到 接受','1');
INSERT INTO `v9_search` VALUES('340','1','312','1503568800','做好二维码营销的几个秘诀 二维码 秘诀 营销 营销活动 传播 商家 自己 如今 消费者 秘诀 做好 可以 参与 形成 就是 我们 移动互联网 数据 策划 创建 业务 以及 通过 愿意 评估 方式 开展 大力 环境 传统 优惠 利用 积极 得到 整个 企业 越来越 互动 只有 一次 大家 然后 今天 模式 基本 已经 最低 手段 门槛 交易的 实物 折扣 有趣 或者 结束 相应 活动 分享 觉得 理念 开始 才能 优化 价值 渠道 调整 实施 希望 帮助 建议 提供 进行 以上 不同 效果 这种 做到 兑现 权益 这样 更好 这些 有助于 完整 能够 重要 某种 出来 快速 几十 十分 可能 反应 迅速 有关 十几 分钟 内容 媒体 之前 微博 构造 的影响 简单 群体性 达到 病毒 一个 两个 那样 不是 时间 充分 也就是 社会化 特性 有的 交易','1');
INSERT INTO `v9_search` VALUES('341','1','313','1503568800','做好二维码追溯有助于提升企业品牌形象 二维码 形象 品牌 企业 追溯 消费者 产品 可以 管理 我们 营销 生产 唯一 程度 进行 标识 身份 出现 火爆 做好 提升 品牌 桥梁 知道 形象 如今 只有 活动 提供 商机 多少 持续 显示 有效 入口 移动互联网 不同 模式 通过 商业 事实 在于 来说 更多 关键 的可能性 获得 发放 商品 意味着 流通 安全 信息 信赖 购买 过程 必须 意向 防伪 类型 追踪 这些 便捷 监控 实时 产品质量 所以 可见 更好 能够 使得 才能 还是 农产品 食品 无论 原材料 数据 身份证 作为 全球 分配 源头 互联 成长 互动 参与 老客户 市场 销售 流入 面向 直接 不仅 而且 沟通 建立 客户 国民经济 人们 渗透 已经 一起 特别 有助于 供应链 食品安全 三者 说是 体系 移动 调查','1');
INSERT INTO `v9_search` VALUES('342','1','314','1503655260','二维码营销的优势有哪些？ 二维码 优势 营销 广告 企业 可以 数据 设备 消费者 信息 商家 结合 优势 进行 根据 利用 扫描 大家 记录 定位 活动 传统 流量 完美 方向 用户 通过 关注 准确 跨越 实体 效果 宣传 能够 变成 成本 转化 形成 一个 规律 自动 几何 图形 符号 图片 即可 识别 光电 放入 图像 输入 介绍 一定 特定 哪些 某种 其中 浏览 统计 自己 习惯 依据 领域 消费 上线 精确 实现 空间 立体 鼓励 优惠措施 各种 特征 投放 潜在 起来 以及 这样 以上 就是 距离 希望 关于 地方 明显 归纳 或者 吸引客户 现在 举办 展示 时候 之间 各类 市场 了解 认识 及时调整 同时 电视节目 实际 更好 入口 关键 这些 帮助 部分 降低了 运营 相比 传播 特点 手机 易于 新奇 具有 便捷 得到 更为 我们 有关 今天 所以 广泛 应用 媒体 有着 有效 传递 时间 方法 新型 创意 比较 地域 限制 相关 得出 挖掘 获取 网络 借助 智能手机 提升 服务 减少 版面 数量 大大 出现 绝对 成本优势 印刷 无论 何种 提供 物品 经营 还是 规模 大小 技术','1');
INSERT INTO `v9_search` VALUES('343','1','315','1503655320','二维码营销的几大招式有哪些？ 二维码 招式 营销 购物 广告 商品 品牌 消费者 大家 更好 商店 虚拟 可以 展示 刺激消费 用户 包装 扫描 或者 预订 消费 属于 购买 地铁 移动 怎样 使用 直接 曝光 如今 避免 的发展 知名度 程度 活动 利用 推广 火爆 不用 哪些 说明 想要 流量 时期 网站 快递 上述 试用 情况 拉动 加上 再次 承诺 优惠 返回 以此 适用于 此外 上网 地址 特定 告知 鼓励 实物 渗透 过程 难点 依然 安全 介入 保证 以上 就是 进行 带来 帮助 能够 希望 介绍 关于 方式 采取 领域 作为 凭证 生活服务 本地 类商品 交易 虽然 十分 如何 欲望 距离 相当 火热 还有 立即 框架 说是 最早 每个 的方式 采用 批量 欢迎 所以 今天 我们 而言 这种 他们 客户 冲动 页面 对于 接受 产品 实体 相关 有关 遇到 喜欢 详情 进入 阶段性 推出 基本 这些 选择 看中 效果 理想 越来越 一个 媒体 投放 主要 用于 一些','1');
INSERT INTO `v9_search` VALUES('344','1','316','1503914520','经销商窜货有哪些危害？ 商窜货 经销商 区域 销售 市场 企业 一个 中间商 危害 厂家 大家 每个 安排 常规 渠道 带来 流通 无法 不同 供应商 负责 品牌 多个 模式 我们 就是 有关 哪些 成本 商品 对方 监控 四大 现象 直至 了解 恶意 破坏 经销 价格 受损 混乱 导致 信任 信心 失去 产品 利润 一旦 形象 对手 更好 竞争 目的是 以上 帮助 希望 介绍 科技 回报 合理 消费者 不敢 损害 得到 投入 能够 地区 给予 指定 原因 传统 另外 出现 理解 接下来 进行 目标 完成 畅销 拿到 只好 运输 自己 有的 空间 不予 迫使 利益 影响 优惠政策 情况 造成 不准 把握 报复','1');
INSERT INTO `v9_search` VALUES('345','1','317','1503914580','你对二维码防窜货了解多少？ 二维码 销售 区域 经销商 一个 企业 大家 商品 就是 分公司 产品 现象 造成 之间 两地 了解 低价 行为 多个 我们 每个 安排 流通 常规 市场 有关 负责 模式 介绍 渠道 货物 不同 供求 关系 平衡 可能 取得 具体 营销 恶性 完成 指标 需求量 往往 业绩 抛售 兄弟 本文 通过 深层 能够 帮助 希望 以上 一些 简单 科技 更深 市场份额 即将 认识 声誉 损失 减少 更为 恶劣 掠夺 流转 哪些 解释 百科 百度 含义 真正 另外 传统 出现 多少 理解 接下来 商业 最终 中间商 利益 机构 分支 的公司 驱动 经销 影响 严重 混乱 价格 网络 自身 盈利 目的是 覆盖 其他 称为 有意识 进行 厂商','1');
INSERT INTO `v9_search` VALUES('346','1','318','1504000980','完美二维码营销要注意这些 二维码 营销 信息 活动 进行 用户 注意 推广 产品 实现 完美 防伪 提升 购买 技术 即可 需要 渠道 这样 体验 获取 体现 功能 主要 网站 优惠促销 全新 作为 手机 消费者 传递 存储 大家 能够 识别 品牌 商品 改进 维护 批发 全过程 追溯 消费 零售 查询 生产 管理 只需 有效 流向 后台 查看 防止 改善 快速 销量 大幅 上线 以上 就是 带来 帮助 时候 希望 了解 地方 运营 灵活 推出 如今 费用 降低 企业 参与 多样性 并且 促销活动 丰富 此类 形象 引导 哪些 得到 世界 日起 诞生 这些 许多 国家 有关 我们 接下来 关注 媒体 商店 社会化 订阅 类型 视频 地址 传统 基础 道路 导致 单一 数据 互动 常见 相关 资讯 扫描 传播 通过 图片 商家 刺激消费 拍摄 其中 方式 新型 行为 最好','1');
INSERT INTO `v9_search` VALUES('347','1','319','1504001040','一枚二维码防伪标签有哪些功能？ 二维码 标签 功能 商品 标签 防伪 我们 能够 消费者 功能 如今 知道 时候 完成 公司 市场 客户 技术 避免 厂家 大家 一个 有没有 经过 品牌 这个 了解 推广 质量 保证 为了 选购 就要 谨慎 十分 同时 进步 随着 哪些 社会经济 的发展 不断 生活水平 假冒 通常 商家 带来 经销商 操作 需要 定制 辅助 乃至 激烈 依据 很快 无法 共同 一般 比较 可是 却是 每个 以此 一面 详情 之间 自动 移动互联网 电子化 以上 介绍 希望 帮助 就是 枢纽 互动 广泛 树立 具有 参加 协助 手法 这么 促进 活动 更多 今天 斗争 先进 泛滥 严重 产品 不好 的影响 引用 纷纷 以及 所以 平常 购物 一定 程度 自由 这是 提升 形象 现在 性价比 参阅 喜欢 没有 不是 或是 是不是 习惯 现已 之类 肯定 不过 实力 有保障 竞争','1');
INSERT INTO `v9_search` VALUES('348','1','320','1504087440','一物一码的发展过程是怎样？ 一码 过程 的发展 如今 随着 过程 大家 条码 行业 三期 产品 我们 介绍 巨大 形成 标识 模式 商品 了解 这种 同样 结算 内容 发展 通用 每个 物联网 通过 关系 关联 可谓 十分 快速 技术应用 时代 不断 怎样 非常 广泛 领域 市场营销 价值 呈现 商业 应用 数据 营销 一个 用于 帮助 希望 价格 历程 对于 能够 各种 认识 不同 全产业链 叫做 现在 一样 面的 深刻 称之为 成人 最终 互联网 那么 世界 身份 拥有 独有 物品 身份证 众所周知 产品的 以上 改变 就是 变成 从而 必将 一体化 之间 唯一 逐步 建设 重视 开来 逐渐 成为 不少 关于 采用 科技 然而 企业 主要 今天 体系 形态 得到 不仅 标签 电子 丰富 现今 完善 功能 数字 历经 国家 重要 追溯 最初 渐渐 日期 生产 系统集成','1');
INSERT INTO `v9_search` VALUES('349','1','321','1504087500','一物一码的几大应用是怎样？ 一码 企业 营销 产品 我们 工业 标识 时代 数据 应用 工厂 不仅 物联网 所以 市场 通过 产品的 实现 方面 消费者 交互 基础 消费 做到 信息 使用 感知 行业 一个 可以通过 有效 帮助 了解 整个 进行 众多 随着 问题 其实 反而 不明 更是 方式 现在 解决 目前 大家 更多 距离 不会 准备 已经 开始 着手 遥远 未来的 智能化 信息化 科技 一定 有些 介绍 而且 概念 加深 效果 认识 核心 优化 造就 进一步 领域 希望 怎样 提出 虽然 但是 人机 走向 获得 丰富 完成 接下来 智能 相信 对于 如何 巨大 无比 那时 市场需求 才能 思考 方向 身份证 赋予 必须 就是 以上 不论 或者 努力 身份 基于 衡量 只有 满足 青睐 监管 动态 最大 快速发展 责任 延伸 来源 好处 在于 当然 节点 快速 记录 发生 质量问题 可以 深远 用心 值得 探索 今天 主要 价值 追溯 商品 检测 传统 质量 完善 食品 无法 行动 目标 明确 使得 哪些 因而 举报 虚假 手机 查看 实施 跟踪 详细 本身 管理机构 而言 促进 活动 宣传 利用 自身 追踪','1');
INSERT INTO `v9_search` VALUES('350','1','322','1504173900','一物一码技术给快消品行业带来了什么？ 一码 行业 技术 促销 传统 商品 行业 消费者 带来 信息 提升 就是 可以 技术 革命 起来 销量 体验 时候 市场占有率 直接 通过 同时 销售 有着 消费 我们 企业 关于 总结 区域 每个 唯一 市场 分离 监控 因为 实现 统计 针对性 当下 除此之外 大幅度 营销 轻松 掌握 收集 效益 明显 流向 相关 效果 习惯 分布 历史 提高 科技 选择 以上 做出 已经 引领 浪潮 其次 变革 重要性 所在 了解 应该 介绍 这些 抛弃 可能 把握 的方式 有效 来说 拉动 快速 扩大 不仅仅 后果 相反 如果 市场环境 依靠 渠道 以及 依然 而是 所谓 不是 平台 进行 颠覆 革新 出来 系统 单独 一个 形容 首先 流程 手机话费 多变 灵活 快捷 礼品 虚拟 受众 时间 不同 针对 兑换 实物 方便 成本 环节 拿到 执行 以后 完全 投放 之后 完成 人力 物力 方式 节省 促销活动 不仅 进行调整','1');
INSERT INTO `v9_search` VALUES('351','1','323','1504174200','一物一码让产品添神秘色彩 一码 色彩 产品 企业 产品 通过 消费者 数据 技术 营销 活动 进行 实现 帮助 色彩 客户 分析 联系 建立 区域 偏好 维度 过程 控制 经销商 关联 介绍 更加 可以 查询 更好 然而 包装 众多 随着 肯定 出去 想要 便利 带来 推销 商家 神秘 社会 如今 的发展 为了 开启 防伪 而言 显然 不会 得知 除了 情况 紧密 以外 现在 广泛 用途 不同 关键 策略 以上 运营 指导 归纳 形成 就是 希望 推广 运用 大家 能够 综合性 加以 营销活动 针对 促销 积分 会员 从而 收集 同时 全方位 整个 服务 入口 高端 绩效 渠道 经营 参与 时间 购买 汇总 市场 投入 销售 说话 监控 实时 地点 分布 视觉 融合 作用 一个 拥有 每个 积极的 重要 直接 完整 年龄 消费 用户数 起到 认知 了解 便捷 身份证','1');
INSERT INTO `v9_search` VALUES('352','1','324','1504260660','一物一码引爆新营销 新营 一码 营销 产品 企业 数据 消费者 通过 信息 能够 品牌 移动互联网 消费 系统 提升 获得 市场营销 进行 商家 扫描 购物 活动 销量 需要 同时 显著 除了 知名度 智能 携手 对于 大战 这场 为主 而言 传统 战场 促销 快速 产品的 推广 营销活动 直接 利用 优惠 互动 水平 宝贵 实时 这些 频率 一手 同样 进而 最大化 效应 用户 引导 前景 一举 体验 提高 市场 思维 成为 创新 时间 较为 商品 我们 前往 时代 销售 平台 节省 交易 产生 客观 以及 到底 魅力 大家 接下来 无数 越来越 以下 带来 好处 手段 新型 作为 入口 领取 传播 广泛 实现 联系方式 相关 客户 与此同时 完整 页面 良好 数字化 首先 全面 进入 即可 手机 区域','1');
INSERT INTO `v9_search` VALUES('353','1','325','1504260660','做好防伪溯源只需一个码 只需 防伪 产品 企业 管理 进行 我们 怎样 帮助 信息 品牌 消费者 功能 市场 一个 深入 做好 通过 唯一 已经 更好 平台 同样 介绍 对应 出入 扫描 方面 了解 后台 定位 只需 即时 清晰 如今 数据 上传 以及 积极 商家 今天 地理 利用 各种 所以 营销活动 大家 事情 信赖 并且 锁定 值得 每个 有无 明了 安全性 区域 重要 生成 十分 能够 逐渐 单一 代理商 显现 由此可见 机制 清楚 展现 可以 这些 领先 放心 信任度 产品的 提升 是否 希望 监测 采用 多重 监督 形成 解决 行业 展示 次数 界面 进入 难题 其中 发展 具备 商品 一般 需求 推动 好处 有关 哪些 营销 全网 建立 系统 标签 记录 之后 直接 可在 追溯 全面 维度 各个 电子 读取 应用 广泛 各类 五大 人员 验证 智能 编码 各级','1');
INSERT INTO `v9_search` VALUES('354','1','326','1504260720','如何做好一物一码二维码营销？ 二维码 一码 产品 品牌 供应链 造假 对于 营销 环节 帮助 企业 标识 序列 以及 做好 贸易 非法 需要 保护 生产商 包装 如何 验证 拥有 提高 透明度 来说 各级 伤害 产品的 根据 使得 问题 仅仅 威胁 经营 形象 一角 行为 推行 通过 代码 及时 信息 存储 任何 来源 防伪 同时 监管 一个 生产线 技术 的发展 自动化 打印 才能 重要 所在 重要性 由此可见 实现 激光 喷墨 只有 更好 材质 特点 自身 速度 任务 连续 采用 主流 目前 定位 唯一 首先 接下来 整个 大家 有关 最终 消费者 计划 抵达 是否 流程 目的地 涵盖 不止 应该 范围 更多 落实 如果说 扫描 直接 购买 而言 那么 他们 同样','1');
INSERT INTO `v9_search` VALUES('355','1','327','1504519920','进行二维码营销，提升扫码率要注意什么？ 二维码 扫描 营销 消费者 我们 大家 进行 提升 内容 说明 如今 越来越 企业 所以 想要 里面 应该 就是 情况 问题 事项 需要 链接 一个 这样 地方 除了 体验 必须 实体 身边 重要 推广 相信 陌生 作用 做好 不会 注意 商家 而是 营销活动 同一个 之后 这里 实际 确保 优良 那种 其实 看到 网页 很少 方式 一样 放到 如果 取得 知道 告诉 例如 以上 提到 解析 包含 介绍 过程 帮助 更好 能够 做到 只有 大小 与否 名片 论坛 可以 适合 衍生 不到 成功 根本 可能 可怕 所有 出现 活动 像是 然而 到底 哪些 用户 有关 首要 世界 各种 东西 出来 确定 其中 以及 事先 误导 浏览 今天 避免 才能 广告 上面 因为 之所以 利用 兴趣 进而 应用 设计 因此 更多 了解 购物','1');
INSERT INTO `v9_search` VALUES('356','1','328','1504519980','快消品行业遇上一物一码会怎样？ 一码 上一 行业 消费者 促销 企业 我们 市场 行业 营销 互动 零售 通过 模式 下线 如今 上线 这种 场景 商家 销售 主导 有效 良好 形成 难以 以及 使用 各种 渠道 发展 火爆 今天 应该 程度 数据 用户 怎样 极大 大企业 进行 技术 沟通 之间 大街 遇到 遍布 直接 现在 适应 借助 完全 概念 形式 是以 以往 作为 挑战 更加 应对 方式 容易 的发展 时代 随着 已经 提供 支持 以上 就是 到达 描绘 后续 应用 相信 同时 带来 便利 成熟 了解 介绍 可以 清晰 逐步 实惠 在线 的方式 距离 接触 缩短 两者 成为 流量 每个 收集 分析 避免 促销活动 入口 参与 主动 对此 传统 途径 问题 目前 双重 压力 终端 感觉 乃至 经销商 造成 的影响 活动 营销活动 大家 有关 越来越 不管 提出 正是 不容 仍然 但是 潜力 针对 不同 才能 运用 打破 实现 做好 影响 不断 感冒 销售渠道 似乎 产品 如何 广告 能力 不足 虽然 蓬勃 覆盖 生存 许多 真正','1');
INSERT INTO `v9_search` VALUES('357','1','329','1504519980','如何利用一物一码实现营销目的？ 一码 目的 营销 消费者 目的 我们 通过 可以 更好 实现 应用 技术 互动 企业 行业 习惯 大家 运用 产品 商品 设计 如何利用 数字化 用户 提示 帮助 体验 同时 营销策略 以及 进入 完整 随着 互联网 营销活动 时代 例如 成功 常见 如今 那么 一个 到底 食品 交互 查询 及时 独立 参与 激发 关注 从而 带动 并且 吸引 促销 唯一 地区 连接 这种 正是 关于 中间 必要 进一步提升 购物 成本 节省 环节 介绍了 就是 知道 年龄 系统 原料 日期 福利 消费 以上 打造 商家 生产 作用 怎么 需要 方案 人性化 游戏 活跃 赚钱 轻松 实用 有关 展示 今天 才能 如何 下单 促销活动 统计 进行 次数 路径 分析 主要 广泛 平台 目前 在于 符合 来源 预订 各种 在线 赠送 礼品 细分 广告 信息 投放','1');
INSERT INTO `v9_search` VALUES('358','1','330','1504606440','一物一码二维码营销具有哪些优势 二维码 一码 优势 营销 越来越 优势 用户 产品 应用 随着 具有 我们 大家 信息 行业 平台 通过 终端 帮助 快速 品牌 能够 使用 大量 变化 生活 逐渐 危害 防伪 目前 出现 市场 防止 为了 企业 带来 渠道 沟通 高效 普遍 引导 常见 因此 障碍 相对 主流 社交 之一 作为 利用 顾客 与其 建立 目标 潜力 以上 巨大 依然 不少 就是 哪些 希望 分析 有关 介绍了 对于 更多 同时 开展 手段 趋势 重视 受到 诸如 实现 关注 交易规模 为主 实践 策略 正是 了解 接下来 所以 系统 具备 因为 如今 普及 很大 便利 支付 中国移动 友好 市场份额 不断 交易的 互动 扫描 扩大 加密 数据 相比 读取 储量 存储 丰富 进行 文字 行为','1');
INSERT INTO `v9_search` VALUES('359','1','331','1504606440','一物一码技术能够给快消企业带来哪些价值？ 一码 价值 技术 消费者 企业 手机 实施 品牌 发生 技术 营销 随着 流失 大家 促销 带来 变化 的发展 策略 能够 价值 并且 分类 一些 体系 有关 形成 方式 进行 主流 兴起 移动互联网 社会 进步 出行 吃饭 住宿 哪些 阅读 篇文章 截然 产品 随意 感知 始终 互动 通过 高出 之前 会员 许多 同时 流程 内部 快速 模式 不可 过程 活跃 消费 防止 有效 就是 不同 类型 以上 忠诚 结合 投放 使用 预警 实行 即将 认识 重复 推荐 喜欢 产生 深层 更深 行业 介绍了 的影响 希望 帮助 力量 独特 所以 有着 就要 想要 更好 今天 我们 实际 商家 以及 几乎 所有 支付 娱乐 事项 关系 最为 重要 然而 一家 没有 成功 尝试 转型 一个 数据 拥有 流量 转变 个月 短短 逐渐 他们 比较 先进 正在 考虑 开始 试点 着手 建立 如何 百万','1');
INSERT INTO `v9_search` VALUES('360','1','332','1504606500','一物一码技术为产品带来的价值有哪些？ 一码 价值 产品 企业 营销 消费者 越来越 我们 产品 价值 公众 技术 互动 活动 利用 使用 进行 能够 多元化 之后 积分 手段 品牌 呈现 可见 内容 带来 实现 随着 可以 不仅 特性 可以通过 组合 渠道 拓展 传播 周期 原因 高效 然而 展示 方式 很大 保持 就是 普及 哪些 相信 如今 广泛 因为 以及 频率 折扣 达到 效果 抓住 普通 营销活动 除了 数量 关注 关键 科学 想要 结合 工具 优惠 分享 经销 以上 迅速 系统 分销 大家 介绍 十分 重要 所在 重要性 关于 三级 招募 心理 取消 实惠 低价 帮助 产品的 市场 认知 知名度 目的 功能 运用 赋予 当中 平台 到底 那么 概念 比如 自我 聚集 作用 起到 提升 主动性 提出 商家 的方式 场景 推广 增加 现场 这样 同时 不同 丰富 之中 存在 长期 形象 途径 拥有 结束','1');
INSERT INTO `v9_search` VALUES('361','1','333','1504692900','一物一码技术在各个行业的应用如何？ 一码 行业 技术 产品 企业 行业 品牌 消费者 通过 我们 了解 协助 活动 营销 技术 大量 获取 已经 追踪 成果 更好 数据 行为 营销策略 优化 知名度 信息 应用 大家 实现 产品的 积分 所以 增加 成为 食品 动态 管理 即可 高效 优惠 最新 追溯 经销商 扩大 质量 物流 事情 经常 知道 智能手机 的发展 社会 随着 普及 使用 越来越 用户 各个 以上 实时 功能 特色 时刻 具有 展现 打击 介绍 能够 可以 带来 帮助 唯一 希望 热门 相应 身份 关于 比较 就是 快速 特性 双重 出入 阅读 便捷 主动 放心 有机 传递 源头 采用 系统 如何 查询 每个 获得 使得 保证 说明 信任度 提高 理念 影响 进行 包括 手段 单位 等信息 制品 商家 用来 最小 今天 有关 怎样 流通 以及 客户 长期 发展 提升 分享 关注 鼓励 的方式 累计 形象 影响力 大企业 塑造 透明 饮料 形式 以便 市场 开拓 化妆品','1');
INSERT INTO `v9_search` VALUES('362','1','334','1504692960','一物一码平台的价值是怎样？ 一码 价值 平台 企业 我们 消费者 价值 平台 可以 营销 获取 进行 通过 信息 能够 产品 大家 及时 发展 可以通过 一切 社会发展 如此 网络 不仅 智能化 如今 发生 怎样 动作 介绍 这些 数据 在线 参与 是否 知道 成本 营销活动 活动 非常 大量 网络营销 就是 互联网 相信 授权 关注 系统 分析 时间 手机号 所用 地点 统计 其他 操作 服务 完成 即可 处理 可在 所有 步骤 毕竟 不会 陌生 中奖 记录 奖品 重要性 可以看出 知识 关于 所在 帮助 更多 便利 带来 同时 更好 更是 以上 状况 等等 发放 标签 兑换 推动 战略 调整 准确 反馈 模式 到处 手机 互动 拿出 交流 桥梁 建立 之间 购物 扫描 那么 面的 今天 多方 实现 基础 有关 例如 购买了 体验 获得 直接 平常 实时 只需 身边 传统 花费 一同 朋友 参加 查询 了解 有奖 出现 自己 共享 常用 促销活动 防伪','1');
INSERT INTO `v9_search` VALUES('363','1','335','1504692960','一物一码提升消费者对品牌商的信赖度 一码 消费者 品牌 消费者 品牌 营销 活动 个性化 提升 我们 信息 他们 产品 产品的 可以 沟通 建立 企业 信赖 手机 时候 第一 确认 购物 参与 流行 如今 透明 真诚 正是 帮助 由于 食品安全 产生 食品 完成 连续 进行 通过 基于 对话 大家 查询 支付 日常 越来越 连接 开展 丰富 多样 之外 或是 满足 情感 为了 原因 除了 单纯 互动 简单 需要 直接 商品 需求 了解 只是 提供 关键 赋予 用户 应该 更加 深刻 之后 介绍 体验 相信 以上 认识 同样 巨大 十分 的影响 可以看出 重要性 购买 从而 会员 积分 累计 可以通过 并且 展开 维护 据此 价值 数据 同时 带来 海量 信任 如何 做到 之一 源于 近年来 话题 关心 可谓 企业战略 运营 全面 运用 重视 开始 创新 以便 那么 优势 取得 市场 竞争 事件 飞速 发展 已经 移动互联网 随着 供应链 产品质量 进入 行销 重点 广告 要求 时代 一代 检验 包装 显得 尤为 重要 因此 危机 民众 产生了 技术 一个 原料 生产 追踪 实时 储存 发送 为中心','1');
INSERT INTO `v9_search` VALUES('364','1','336','1504779420','一物一码系统管理流程是怎样？ 一码 流程 系统 信息 流程 能够 消费者 读取 系统 我们 情况 存储 管理 做到 细节 加密 各种 展示 产品的 产品 激活 造假 控制 验证 通过 进行 没有 同时 证书 生产 问题 因为 泛滥 影响 化妆品 日用 高速 我国经济 伴随 发展 食品 制品 介绍 严重 可以 就是 以上 根源 打击 起到 不但 能力 打假 增加 品牌 认识 完全 人人 信任度 作用 大家 更加 深刻 帮助 详细 不能 复制 希望 使用 手机 扫描 科技 只有 销售 摄像头 非法 即使 其中 解读 今天 法规 的政策 相关 国家 怎样 为了抑制 这种 诸多 出台 现象 认证 机构 文字 检验 记录 仓储 配送 等等 图像 音频 满足 功能 如何 企业 诉求 视频 无论 体现','1');
INSERT INTO `v9_search` VALUES('365','1','337','1504779480','一物一码营销平台怎样实现促销活动 一码 促销活动 平台 平台 营销 消费者 商品 促销活动 企业 促销 信息 进行 所以 以及 能够 大家 查询 规则 设置 我们 了解 商家 开展 预算 环节 防伪 因为 赋予 帮助 正是 自己 实现 如今 积极 建立 统计 趋势 有关 中奖 数据 可以 根据 活动 时间 参与 形势 角度 宏观 单独 地址 厂商 生产 配置 灵活 一个 看到 友好 变化 销售 就是 介绍 以上 形态 良性 一般 利用 带来 更好 这些 希望 手段 形成 实施 激励 不仅 发展 后续 关注 终端 致力于 体验 预测 今天 到底 如何 知名度 提升 直接 购买 怎样 领取 同时 提高 等等 功能 问题 大量 导致 制定 通过 类似 奖品 合理 超额 经费 下线 上线 计划 出现 经常 传统 安全 营销活动','1');
INSERT INTO `v9_search` VALUES('366','1','338','1504865880','二维码促销方案有哪些作用？ 二维码 作用 方案 促销 方案 资源 营销 我们 作用 可以 中奖 更好 的发展 进行 大家 避免 奖品 有效 兑现 客户 促销活动 制定 分析 寻求 如今 知道 数据 的竞争 满足 哪些 想要 所以 非常 预算 模式 费用 传统 防止 成本 需要 就要 不能 已经 参与 随着 专业 社会 有关 严格 监控 导致 报表 控制 最后 超预期 技术支持 确保 生成 直接 做到 终端 利用 维系 全过程 一个 保证 技术 习惯 利于 评估 成果 整合 销售数据 以上 更深 认识 能够 希望 介绍了 一些 结束 收集 物资 内容 数量 随时 调整 通过 合作 虚假 立即 溢出 发现 一旦 仓储 适合 新型 深入 产品 然而 企业 以及 那么 商家 如何利用 方式 今天 商品 杜绝 活动 合理安排 代理商 物流 采购 浪费 选择 压缩 最小 服务 机构 供应 涉及 弊端 调动 激励机制 消费者 积极性 顺利 推进 增加 主动性 合适','1');
INSERT INTO `v9_search` VALUES('367','1','339','1504865940','二维码营销的好处有哪些？ 二维码 好处 营销 企业 互动 帮助 效果 进行 能够 如今 品牌 优化 移动互联网 通过 好处 实现 的发展 上线 过程 商家 客户 快速 时代 增强 成本 媒介 传统 利用 管理 以及 平台 营销活动 积极 越来越 量化 形式 比较 意识 重要性 显然 当然 从而 不断 社会 随着 哪些 改变 更好 习惯 人们 生活 反馈 兴趣 渠道 时间 分布 满意度 信息 使用 体验 方面 意见 大量 可见 转化 关注 搜集 海量 创新 方案 制定 并且 重要 这个 整合 挖掘 商业机会 资源 带动 智能手机 广大 微博 丰富 详尽 有关 完成 借助 就是 各种 达到 大家 接下来 我们 目的 客户服务 提升 营销管理 质量 降低 顾客 收集 分析 数据 迅速 然而 现场 容易 无法 来源','1');
INSERT INTO `v9_search` VALUES('368','1','340','1504865940','二维码营销的几大招式有哪些？ 二维码 招式 营销 购物 商品 广告 方式 大家 品牌 如今 消费者 想要 越来越 更好 的发展 可以 扫描 移动 商店 虚拟 消费 用户 网站 使用 预订 地铁 购买 这种 属于 或者 包装 喜欢 刺激消费 采用 展示 一个 的方式 怎样 直接 我们 哪些 以及 显然 企业 商家 运行 火爆 所以 难免 流行 各种 活动 有关 推广 类商品 实物 上述 情况 流量 适用于 以此 鼓励 优惠 再次 地址 承诺 返回 此外 上网 拉动 交易 特定 告知 时期 领域 依然 渗透 过程 安全 保证 采取 介入 难点 以上 欢迎 希望 能够 比较 市场 就是 介绍了 欲望 如何 其中 许多 团购 凭证 作为 生活服务 加上 这是 不错 还有 相当 距离 火热 十分 模式 虽然 本地 一些 批量 框架 看中 选择 每个 就要 说是 最早 做好 营销活动 接下来 这些 接受 他们 而言 冲动 客户 遇到 立即 试用 快递 实体 相关 产品 对于 页面 效果 理想 推出 阶段性 基本 进入 详情 媒体 投放 主要 用于','1');
INSERT INTO `v9_search` VALUES('369','1','341','1505125200','二维码营销的优势有哪些？ 二维码 优势 营销 广告 企业 可以 商家 进行 消费者 利用 结合 手机 优势 我们 具有 活动 数据 以及 这么 定位 效果 扫描 如今 更为 图形 成本 实体 作为 知道 功能 准确 信息 传递 提升 宣传 传统 完美 跨越 便捷 广泛 关注 变成 通过 使用 易于 流量 只要 转化 设备 应用 新奇 特点 带有 摄像 得到 用户 方向 大家 传播 根据 各种 技术 优惠措施 自己 鼓励 浏览 记录 统计 领域 习惯 归纳 消费 依据 特征 上线 空间 投放 精确 实现 立体 举办 明显 地方 这样 起来 展示 吸引客户 挖掘 时候 相信 以上 正是 因为 重视 然而 理解 介绍 应该 电视节目 或者 及时调整 市场 同时 实际 部分 潜在 关键 距离 能够 现在 之间 各类 入口 其中 印刷 到底 运营 相比 媒体 网站推广 所以 众多 产品 可实现 哪些 输入 推广 接下来 有关 有着 绝对 比较 新型 方法 创意 价值 之前 任何 情形 有效 时间 网络 获取 相关 智能手机 借助 地域 限制 超过 更多 数量 降低了 无论 版面 减少 成本优势 出现 大大 规模 大小 物品 服务 提供 何种 还是 经营 得出','1');
INSERT INTO `v9_search` VALUES('370','55','2','1524394859','Web前端开发工程师  以上 开发 经验 熟练 浏览器 工作 交互 本科 熟悉 工程师 移动 学历 设计 计算机 专业 相关 使用 能够 精通 问题 第三方 进行 独立 框架 兼容 解决 技术 布局 有效 构建 各种 掌握 代码 确保 标准 项目 响应 面议 薪资 全职 体验 了解 深入 较为 效果 共同 合作 良好 完成 网站','1');
INSERT INTO `v9_search` VALUES('371','55','3','1524395156','测试经理  测试 经验 以上 团队 工作 能力 相关 软件测试 技术 具备 方法 软件工程 具有 产品 管理 经理 本科 互联网 学历 优先 组建 沟通 责任心 总结 善于 热爱 发现 分析 问题 良好 开始 录用 以下 态度 超过 成功 带领 负责 认真 认同 强度 公司 文化 精神 合作 适应 工具 理论 精通 流程 文档 原理 标准 全职 面议 薪资 英文 听说 主动 进行 至少 掌握 界面 自动化 移动 开发 可靠性 安全性 熟悉 各种 性能 功能 客户端','1');
INSERT INTO `v9_search` VALUES('372','55','4','1524395293','UI总监  设计 项目 负责 以上 相关 团队 需求 能力 经验 总监 整体 熟悉 协调 互联网 产品 工作 学历 本科 带领 原型 沟通 产品的 标准 开发 质量体系 移动互联网 专业 计算机 美术 主流 项目管理 大型 实施 电子商务 良好 具备 语言 表达 优先 有效 能够 组织 素质 技术 综合 发布 网页 方向 确保 成本 整个 交付 质量 规划 方案 进度 资源 管理 全职 面议 薪资 调研 参与 计划 制定 评审 交互 体验 用户 提升 风险 监控 发展 良性 保证 优化 指引 评估 成果 输出 界面 操作 合理 是否 按时','1');
INSERT INTO `v9_search` VALUES('373','55','5','1524395362','HRBP  人力资源 经验 公司 以上 部门 根据 管理 推动 执行 优化 方案 互联网 提供 实施 思考 具备 能力 本科 负责 流程 员工 深入 工作 学历 进行 人员 团队 大学 组织 发展 效率 熟练 方面 英文 关系 考虑 优先 听说 成果 熟悉 体系 绩效 丰富 外企 项目 以及 优秀 责任心 项目管理 协调 合作 他人 资源 积极主动 达成 对于 提高 善于 沟通 不同 观点 达成共识 能够 并有 业务部门 组织结构 合理 促进 解决方案 针对性 配置 效果 反馈 招募 编制 岗位 诊断 全职 经理 面议 薪资 发展战略 了解 问题 个人 业务 改进 特点 贯彻 政策 起草 关怀 建立 情况 实际 各项 人力资源部 行政 文化 激励 内部 行政管理 专业 配合 建议','1');
INSERT INTO `v9_search` VALUES('374','55','6','1524395422','高级web前端工程师  经验 开发 熟悉 优化 页面 框架 浏览器 以上 优先 理解 分离 具有 响应 体验 架构 代码 一定 网页 性能 语义 兼容 熟练 标准 深刻 方案 数据 表现 主流 使用 不同 设备 问题 之间 解决 工作 团队 风格 编码 主动 积极 沟通 能力 基本 并有 良好 编程 工具 调试 平板 智能手机 多种 项目 需求 系统 根据 用户 完成 以及 不断 面的 手机 实现 网站 面议 薪资 工程师 本科 学历 公司 负责 全职 总结 持续 高级 应用 网页设计 核心技术 语言 精通 速度 掌握 设计 模块 布局','1');
INSERT INTO `v9_search` VALUES('375','55','7','1524395487','销售总监  销售 团队 能力 以上 制定 管理 熟悉 市场 工作 经验 激励 指导 负责 计划 具有 费用 组织 总监 产品销售 协作 丰富 大型 现代 熟练 培训 措施 从事 各种 以及 运用 管理模式 业务 模式 日常 良好 表达 沟通 的的 行业 协调 突破 出色 软件 技巧 情况 完整 实施 战略 领导 转变 全年 结果 公司 总经理 面议 薪资 学历 要求 协助 全职 预算 引导 销售数据 潜力 测算 提高 考核 销售渠道 体系 方向 控制 进度 分析 分销 原有 整体','1');
INSERT INTO `v9_search` VALUES('376','55','8','1524395530','大数据开发工程师  数据 开发 以上 熟悉 相关 基于 环境 经验 本科 学历 项目 实际 计算机 运行 提供 计算 算法 产品 存储 工作 挖掘 理论 数据库 查询 脚本 专业 优化 系统 平台 核心 参与 全职 工程师 薪资 面议 模块 设计 性能 处理 数据仓库 故障 监控 组件','1');
INSERT INTO `v9_search` VALUES('377','55','9','1524395567','销售经理  能力 以上 客户 具有 良好 独立 销售 经验 资源 公司 行业 沟通 大专 经理 优先 学历 考虑 表达 项目 适应 出差 制作 协作 语言 获得 工作 团队 项目进度 知名品牌 为主 协助 维护 开发 负责 薪资 面议 全职 现有 建立 合作 通过 各种 市场 协调 部门 长期 合作关系 内部 活动','1');
INSERT INTO `v9_search` VALUES('378','55','10','1524395607','B2B销售经理  能力 以上 经验 销售 行业 客户 具有 独立 良好 考虑 资源 经理 公司 本科 沟通 优先 学历 语言 协作 表达 团队 项目 相关 软件 或者 顾问 实施 出差 适应 制作 英文 工作 通过 为主 协助 维护 现有 知名品牌 开发 薪资 面议 全职 负责 建立 长期 项目进度 各种 市场 活动 合作 协调 合作关系 内部 部门 获得','1');
INSERT INTO `v9_search` VALUES('379','55','11','1524395646','软件测试工程师  测试 项目 经验 以上 质量 公司 工作 良好 参与 开发 提高 理解 功能 自动化 工具 敏捷 编写 软件 技术 了解 提供 技术支持 相关 学历 需要 本科 能力 自我 部署 整个 丰富 重要性 管理系统 深刻 引进 组织 学习 快速 考虑 优先 系统 具有 沟通 初期 通过 集成 持续 单元 编程 随着 体验 用户 保证 可靠性 深入 计划 需求 挖掘 后台 面议 薪资 工程师 全职 确保 目的 平台 研发 执行 记录 进展 推动 流程 模式 软件测试 发展 计算机 根据 最新 脚本 跟踪 提交 状态 问题 回归 进行 部分 专业','1');
INSERT INTO `v9_search` VALUES('380','55','12','1524395696','Java软件工程师  经验 设计 开发 熟悉 具有 以上 数据库 技术 测试 文档 参与 本科 学历 常用 解决 过程 疑难 分析 框架 需求 原理 特性 构架 实现 深入 理解 管理 优先 考虑 待遇 优厚 提供 精通 丰富 使用 单元 编码 详细 各种 技术问题 应用 承担 模块 系统 面议 薪资 软件工程 全职 完成 编写 性能 任务 面向 能力 写作 对象 熟练 运用 规范 软件开发 维护 审查 代码 问题 大型 进行','1');
INSERT INTO `v9_search` VALUES('381','55','13','1524395732','信息技术经理  公司 以上 系统 工作 能力 制定 安全 体系 相关 技术 企业 信息 经理 学历 本科 完成 理解 实战 全面 较为 深入 架构 计算机 管理 信息化 优化 专业 测试 数据库 经验 网络安全 拥有 责任心 意识 的风险 强烈 主动 的态度 压力 承担 能够 具备 分析 了解 程度 一定 需要 独立 沟通 经验丰富 管理方 协助 实施 推广 重组 重建 运用 规范 全职 面议 薪资 负责 网络 流程 决策 执行 组织 价值 面的 根据 整合 强化 策略 审计 挖掘 资源 效率 提高 评估 发展','1');
INSERT INTO `v9_search` VALUES('382','55','14','1524395777','法务经理  公司 工作 合同 公司经营 以上 法律 纠纷 建立 法律法规 经验 律师 管理制度 研究 法律咨询 预防 涉及 控制 的风险 诉讼 具有 分析 相关 电子商务 能力 协调 互联网 行业 材料 收集 整理 其他 参与 包括 学历 审核 本科 提供 协议 全职 上市 上市公司 风险控制 面议 优先 资格证 有关 日常 准备 证据 事务 体系 执业 持有 企业 熟悉 沟通 团队 人际 组织 良好 合作 意识 精神 敬业 诚实 为人 具备 经理 数据 安全 软件开发 案件 了解 薪资 独立 法律问题 应变 解决 决策 一定 协助 流程 依法 依据 部门 促进 经营 讨论 管理层 文本 重要 商务 完善 面的 管理方 管理体系 档案 制度 所有 维护 谈判 资料 书面 职能部门 必要 经济 处理 修改 起草 及其他 外部 支持 负责 内部 合法性 活动 限于 有的 业务 指导 各类 保障 颁布 同时 的影响 进行','1');
INSERT INTO `v9_search` VALUES('383','2','1','1524464419',' 透云科技发布最新消费者扫码白皮书 白皮书 消费者 科技 消费者 科技 认为 创造 应用 商品 成为 交互 万物 互联 价值 活动 意愿 品牌 提升 时代 发布 通过 购买 他们 可以 发现 商家 论坛 调查 创新 入口 主动 信息 希望 领导者 互动 每月 包装 分享 经历 基于 行为 调研报告 愿意 周围 只是 日益 增强 不再 客户 表示 未知 积极 或者 成本 公司 能力 消费 选择 流失 身边 影响 朋友 的影响 推荐 共享 商业 想要 高度 传播 实时 记录 即时 了解 新时代 免费下载 全文 点击 链接 帮助 新一 经由 我们 市场份额 销售 开展 促销 刺激 赋予 领域 有的 媒介 市场营销 有益 开发 场景 方式 企业 采用 产品的 必要 正在 产生 经济效益 自信 潮流 值得 友好 增加 进取 作为 研究 围绕 本次 最新 调研 在中国 结合 定性 定量 问卷 城市 进行 信赖 印象 休闲 食品 海报 其次 商场 农产品 激励 不够 经常 集中 主要 定制 个性化 产品 甚至 搜索 经验 服务 战场 获取 渠道 购物 决策 情况 做出 降低','1');
INSERT INTO `v9_search` VALUES('384','2','2','1524464501','透云科技发布2017《快消行业二维码互动营销趋势白皮书》  品牌 营销 互动 消费者 科技 内容 服务商 行业 创意 趋势 活动 提供 开展 希望 通过 行为 应用 显示 数据 发布 成为 超过 使用 个性化 今天 领导者 基于 帮助 商品 能力 技术 选择 价值 市场营销 媒介 沟通 调研 目的 选用 新时代 轻松 开启 表示 规模 先生 因素 首先 城市 代表 第三方 看重 对中国 考虑 水平 意愿 实时 记录 信息 领域 有的 即时 传播 商业 未知 创造 共享 高度 有益 场景 重要 不断 分析 连接 双向 完善 持续 开发 赋予 提升 目前 激励 加强 积分 未来发展 逐渐 现状 另有 累积 追踪 人员 发现 调查 全国 排名 地区 人气 方式 广东 北京 分别 习惯 人士 擅长 愿意 旨在 围绕 合作伙伴 一直 专业 结果 构成 核心 的必要性 作为 手段 不仅 此外 防伪 看到 带来 建立 信任 利用 了解 的数据','1');
INSERT INTO `v9_search` VALUES('385','2','3','1524465270','透云科技发布《2017一物一码行业现状及发展研究白皮书》 一码 白皮书 现状 行业 业务 科技 应用 企业 规模 品牌 个性化 规模化 现状 营销 亿元 我们 产品 发布 快速发展 市场 未来 目前 各个 管理 分销 达到 预计 发展 显示 研究 激烈 方面 公司 竞争 合作 进一步 处于 持续 主要 能力 年度 呈现 最为 信任 已经 服务 家企业 趋势 同时 的发展 领导者 大型 优势 预见 业内 表示 领域 明显 相信 随着 理由 产品设计 凸显 同比增长 必然 得到 高速 愿意 进入 综合 扩张 更具 提供 信赖 每年 积累 非常 丰富 经验 展开 知名 光明 多个 国内外 下载 全文 未知 详情 更多 了解 蒙牛 作为 一家 专注 灵活性 需要 方案 整合 推动 物联网 升级 现有 截止 包括 开发 不断 行业发展 创新 基因 贴近 分别 阶段 具体 模式 形成 用户 关联 分类 市场份额 监管 监督 食品安全 国家 一块 将继续 扩大 成为 环节 销售 广泛 增长 大幅 实现 其中 包含 流通 周期 生命 普遍 覆盖 商品 入门 门槛 防伪 其后 其他 值得关注 占领 的趋势 可以看出 由此 发现 自动化 实施 要求 工业 危机 简单 造成 一定 部分 认为 构成 阻力 中间 经销商 意愿 并且','1');
INSERT INTO `v9_search` VALUES('386','1','342','1505122800','二维码营销能够解决什么难题？ 二维码 难题 我们 可以 解决 营销 商品 帮助 调整 问题 人员 销售 企业 进行 促销活动 大家 一个 带来 难题 能够 使得 程度 奖品 力度 出现 经营 成本 更加 展示 运营 一定 时段 时机 详细 活动 这种 传统 时候 浏览 通过 后台 服务 系统 一些 面积 动态 顾客 发展 速度 有关 智能手机 便利 毕竟 如此 自从 产品 市场 投入 一旦 针对 今天 促销 非常有限 然而 改变 无法 情况 作为 短缺 硬件 很大 直接 质量 作用 利用 不仅 下降 落地 日期 力图 投放 区域 各个 并且 按照 比例 消费者 希望 这些 介绍 就是 内心 以上 高效 即可 比如 往往 重要 节日 周末 加大 中奖 简单 操作 指令 需要 那么 根据 应对 根本 但是 谈不上 虽然 困难 或者 哪些 手机 体验 到底 选择 等问题 可能 样机 由于 卖场 所有 用户 购买 这时 进去 受到 租金 诸多 不足 办法 面对 的影响 尤其 优惠 推出 功能 描述 规则 对于 页面 既有 图片 视频 领取 评论 各种 此外 关于 方式','1');
INSERT INTO `v9_search` VALUES('387','1','343','1505122860','二维码营销平台如何促进消费者更好交流？ 二维码 消费者 平台 消费者 营销 活动 就是 奖品 更好 如今 促销 平台 当然 最为 推广 大家 各种 想要 参与 促进 提升 交流 考虑 有关 所以 所有 人群 不同 围绕 我们 火爆 避免 知名度 商家 竞争 市场 激烈 众多 以及 企业 十分 场合 有所 消费 差别 或者 品牌 吸引力 如何 因素 必须 这些 类商品 富有 同一 操作 大大 概率 中奖 影响 积极性 有所不同 方便 拿出 商品 载体 本身 进一步 需要 利用 介绍 以上 注意 事项 帮助 带来 能够 希望 印刷 千万 方案 一次 厂家 实现 功能 投入 产品 甚至 百万 往往 种类 基础 首先 整个 因此 这个 知道 毕竟 接下来 之间 用户 其中 做好 营销活动 主要 过程 特别 只要 核心 展开 手机 可以 无论 传统 建立 还是 促销活动 这样 力度 宣传 足够 一定 中期 行动 包括 海报 广告 上线 限于 如何利用','1');
INSERT INTO `v9_search` VALUES('388','1','344','1505209260','二维码营销为什么会如此火爆？ 二维码 营销 消费者 互动 互联网 我们 企业 如今 数据 用户 通过 时代 大家 进行 普及 这么 过去 然而 为什么 得到 知道 不了 关系 因为 依赖 一切 只能 从事 正是 活动 成为 火爆 脱离 媒体 社交 年代 分组 所有 标签 添加 公众 沟通 流量 增长 更快 经济 体系 入口 参与 引擎 系统 如此 关注 营销活动 即可 后台 信息 相信 介绍 支持 提供 研发 改进 之后 所以 欢迎 有效 便利 认识 了解 产品 以及 每个 收集 在后 记录 一次 带动 分析 逐步 后续 描绘 清晰 管理 电脑 当然 常见 频率 账号 自己 开通 纷纷 执行 进入 的方式 面对面 直接 爆发 网站 视频 微博 聚焦 设备 已经 移动 平板 占据 大部分 方式 消费 主流 数字化 时间 智能手机 移动互联网 有关 接下来 心理','1');
INSERT INTO `v9_search` VALUES('389','1','345','1505209320','节假日如何制定一物一码营销方案 一码 方案 数据 发放 营销 节假日 我们 企业 特定 所以 商家 保障 效果 安全 时段 不会 实时 要求 活动 平台 消费者 一个 可以 方案 通道 各种 经常 激活 可实现 能够 不同 因为 帮助 正是 时间 促销活动 创意 期间 如何 系统 过程 管道 进行 环境 资金 海量 达到 节日 知道 疯狂 起到 看到 推广 有关 大家 以及 创新 激烈 开启 具有 资金的 稳定 非常 集中 获胜 泄露 不利于 市场 运转 有人 接触 污染 的数据 调整 运行 充分 介绍 的竞争 心理 竞争 不断 相当于 随着 满足 快速发展 如今 传统 方式 难以 只有 由此 诉求 社会 就是 以上 营销活动 营销策略 最大化 当然 事项 注意 需要 能力 设置 自行 操作 及时 环节 实现 这个 机会 把握 制定 今天 定制 金额 主题 大幅提升 高额 销量 产品 促进 引擎 提出 封闭 传输 生成 源头 消费 焦点 吸引 成为 时效 广大 单位 创造 关注 积极 加密','1');
INSERT INTO `v9_search` VALUES('390','1','346','1505209320','一物一码：做促销要懂得互动 一码 消费者 企业 互动 营销 促销 不少 互联网 传统 我们 方式 来说 品牌 同时 所以 参与 利用 时代 能够 关键 保证 可以 效益 费用 在于 每个 角度 体验 之间 已经 的到来 摆脱 逐步 以及 满足 商家 需求 不了 紧密 联系 实现 懂得 进行 不仅 所在 兴趣 抓住 加强 值得 产品的 过程 常用 目的 然而 就要 手段 达到 来源 想要 打下 坚实 建设 入口 基础 积极 一定 注重 做好 的发展 更好 作为 转型 提高 效果 纽带 身份 切实 保障 目前 纷纷 热情 消费 增加 唯一 而且 只能 扫描 不同 一次 有效 出现 情况 重复 防止 重要 当然 就是 避免 奖品 带来 之外 除了 服务 数字化 促销活动 积分 深入 分享 社交 活动 结合 支出 现实 人工 屏蔽 问题 困扰 节省 大大 方面 这个 激发','1');
INSERT INTO `v9_search` VALUES('391','1','347','1505295780','一物一码创新营销有什么优势？ 一码 优势 营销 产品 可以 优势 帮助 大家 我们 通过 产品的 数据 进行 消费者 创新 实时 如今 市场 企业 就是 消费 增加 有关 技术 监控 用户 具有 营销策略 更加 区域 所以 系统 应该 来源 陌生 不会 给出 所谓 赋予 以此 相信 一个 原料 记录 细分 提供 维度 不同 针对 个性化 时间 人群 因素 制定 例如 以上 介绍 策略 方向 调整 分析 希望 活动 更好 带来 能够 迅速 从而 实行 整合 分布 购买 清晰 等等 行为 提高 接下来 信息 了解 物流 销售 基于 等信息 仓储 方便 同样 互动 积分 会员 流量 上线 体验 营销活动 多元化 话费 生产 开展 每个 多样化 品牌','1');
INSERT INTO `v9_search` VALUES('392','1','348','1505295840','一物一码技术帮助企业更好的进行营销 一码 技术 企业 技术 企业 营销 消费者 利用 如今 活动 一个 更好 以及 商家 大家 产品 产品的 进行 帮助 已经 实现 这个 标签 即可 信息 通过 唯一 提供 积极 防伪 的发展 就是 相信 发展 越来越 成熟 随着 同样 不会 陌生 关注 促销活动 路上 可见 公众 成为 作用 添加 成本 传统 在于 地方 吸引 营销活动 推广 增加 详情 使用 无疑 所在 未来 想要 覆盖 行业 由此可见 来源 重要性 世界 改变 数据 后期 准备 支持 互联网 这么 深刻 现在 不是 可以 起来 平台 从而 连接 三者 流通 各种各样 开展 接下来 如何 有关 我们 全面 轻松 显示 手机 拿到 每个 企业文化 全方位 等等 产品展示 相关 怎么 又是 解决方案 物流 仓储 追溯 其实 具体 可实现 赋予 表现 认识','1');
INSERT INTO `v9_search` VALUES('393','1','349','1505382300','一物一码系统有何创新营销？ 一码 系统 我们 消费者 营销 系统 企业 如今 利用 市场 活动 营销活动 营销策略 更好 商家 提供 不同 区域 监控 产品 更加 进行 大街 那么 以及 想要 到底 好处 各种 的发展 知道 火爆 数据 创新 效率 策略 分布 购买 整合 报表 方向 迅速 调整 消费 科学 能够 可见 很大 带来 巨大 促销活动 同时 方便 不仅 依据 有效 规划 便利 通过 等等 细分 制定 可靠 真实 行为 多样化 现金 积分 会员 帮助 定制 维度 市场需求 品牌 动态 实时 人群 之间 容易 多元化 上线 吸引 提高 增强 体验 根据','1');
INSERT INTO `v9_search` VALUES('394','1','350','1505382300','一物一码营销系统对企业有哪些作用？ 一码 作用 系统 消费者 营销 品牌 企业 系统 作用 我们 活动 帮助 他们 如今 越来越 个性化 产品的 可以 带来 能够 产生 产品 信息 提升 基于 参与 更好 支付 习惯 使用 物品 分辨 比如 功能 利用 了解 因为 哪些 大家 日常 今天 营销活动 开展 互动 多样 丰富 关键 建立 需要 直接 沟通 需求 对话 赋予 商品 通过 连接 从而 用户 提供 进行 据此 体验 以上 的发展 希望 就是 内容 价值 积分 连续 会员 可以通过 并且 累计 展开 数据 海量 同时 维护 检验 技术 一个 储存 发送 生产 原料 追溯 实时 商家 各种 以及 当然 常见 说说 有关 包装 单纯 为了 除了 原因 购买 或是 简单 之外 情感 满足 为中心 是以 随着 移动互联网 信赖 产品质量 供应链 飞速 发展 重点 广告 要求 一代 只是','1');
INSERT INTO `v9_search` VALUES('395','1','351','1505468760','月饼市场一物一码二维码红包促销系统有那些优势？ 二维码 一码 月饼 消费者 市场 购买 厂商 商家 如今 相信 营销 提升 获得 可以 销量 控制 用户 促销 进行 中秋 优势 行业 改变 由此 竞争 中奖 金额 的发展 愿意 数据 主动 那些 正是 系统 品牌 导购 激烈 移动互联网 建立 由于 类型 然而 利用 不少 积极 时间 肯定 等等 大家 分享 能够 哪些 销售 奖励 促销活动 我们 更是 礼物 游戏 活动 不同 节点 变化 结合 需求 提成 发放 实际 有所不同 全民 特定 设定 自身 根据 信息 以上 盈利 就是 作为 市场营销 依据 针对性 科技 技术 具有 从而 更好 期间 介绍 有关 提供 决策 有人 解决 产品 链接 推销 每个 优先 问题 获取 通过 渠道 时候 包括 系列 帮助 鼓励 在后 任意 选择 礼品 防止 商品 自由 合同 如何 增加 到底 方案 自己 所以 接下来 应用 容易 里面 以及 了解 清楚 一个 身份证 多少 地区 效应 曝光 产生 情况 传播 之后 采用 方法 得到 成本 节约 后台 实惠 奖项 极大 互动 直接 不仅仅','1');
INSERT INTO `v9_search` VALUES('396','1','352','1505468880','中秋将至：如何利用一物一码技术进行月饼促销？ 一码 月饼 技术 促销 相信 如今 中秋 可以 包装 市场 系统 我们 进行 厂商 商家 技术 使用 一个 不同 金额 设置 密码 或者 大家 然而 竞争 行业 激烈 移动互联网 由于 正是 肯定 不少 积极 如何 销量 改变 的发展 由此 利用 标记 地方 中奖 商品 等信息 使得 以及 独立的 身份 基础 在后 拥有 运用 对应 引导 介绍 有关 科技 就是 期间 更好 盈利 帮助 从而 活动 以上 模式 如何利用 灵活 公众 关注 消费者 游戏规则 等等 定制 特性 自身 根据 链接 用来 接下来 所以 能够 增加 促销活动 到底 问题 面的 这方 当然 可操作性 提升 产品 时间 简单 执行 并且 成本 方案 营销 特殊 赋予 实现 标签 解决方案 储存 图片 字母 数字 文字 自己 视频','1');
INSERT INTO `v9_search` VALUES('397','1','353','1505728140','一物一码有哪些特性？ 一码 特性 可以 促销 消费者 使得 设计 决策 我们 根据 策略 技术 不同 可能 资源 调整 所以 促销活动 作用 品牌 利用 特性 因为 传播 信息 另外 时候 执行 个月 提前 现在 以前 厂商 进行 哪些 现场 以及 商家 成为 非常 产品 信赖 备受 主要 营销 知道 就是 应该 互联 满足 交换 良好 变成 整合 互动 高效 国人 期待 各种各样 经销商 手机 网上 有的 搭建 快乐 麻烦 可是 轻松 多种 排行榜 积分 趣味 喜欢 界面 只有 需求 对于 新产品 定价 了解 可以通过 当然 方面 多方面 很大 拓展 活动 更好 企业 增加 促进 帮助 不会 手里 既有 潜在 发放 免费 有效 实用 实物 拿出 交给 体验 只要 终端 程序 销售 避免 准备 各种 细节 开始 之中 一般 只能 所在 地区 节假日 及时调整 中奖 同时 实时 消费 时段 后台 手段 今天 大家 有关 如虎添翼 到底 改变 比率 奖品 方式 一个 地方 无法 采取 对手 实力 不足 回应 整个 投放 虚拟 场景 定位 区域 代价 竞争 有些 时刻 必要 实践 最后 不是 保证 最佳 效果 初始 降到 变得 灵活 甚至 周期 反馈 情况 随时 例如','1');
INSERT INTO `v9_search` VALUES('398','1','354','1505728200','一物一码在营销中的几点妙用 一码 妙用 促销 可以 营销 大家 消费者 厂商 不同 使得 非常 设计 根据 相信 因为 策略 可能 成为 现场 产品 决策 调整 现在 所在 时候 适合 手段 渠道 方法 传统 然而 主要 作用 应该 知道 零售商 我们 快乐 可是 麻烦 认识 之后 如今 轻松 手机 有的 经销商 促销活动 喜欢 提升 三一 便利 定位 虚拟 场景 国人 进行 例如 重要性 趣味 以上 重要 拿出 终端 只要 交给 销售渠道 这个 不会 对于 体验 销售 良好 期待 界面 便捷 各种各样 满足 实物 程序 交换 资源 就是 一个 地区 改变 消费 时段 最后 时刻 不是 信息 后台 实时 今天 所以 有关 过程 技术 采用 避免 必要 方式 采取 实力 不足 地方 整个 区域 回应 无法 以前 对手 竞争 反馈 情况 初始 提前 实践 随时 灵活 有些 代价','1');
INSERT INTO `v9_search` VALUES('399','1','355','1505814600','做好一物一码营销，要做好这几点 一码 营销 活动 企业 做好 消费者 需要 参与 个月 一个 选择 注意 平台 方式 数据 功能 时候 传播 了解 往往 随着 这些 价值 需求 重要 互动 完整 大部分 确认 开通 运营 更多 逐渐 第一 因此 产品 周期 阶段 配合 时间 投入 想要 不断 以及 到底 尝试 那么 开始 认可 发展 后续 呈现 方便 服务 是否 已经 基于 回落 应该 报告 第三 动作 的增长 包含 几何 后台 正规 公司 一家 当然 有关 事项 进行 合作 好好 挑选 眼睛 我们 十分 事情 介绍 大家 实时 奖项 提供 上会 操作 调整 不同 以上 就是 管理 分开 区域 人群 用于 适应 才能 合适 解决 一时 明确 问题 做到 促销 可以 来说 导向 新品 推广 品牌 智能 实体 防伪 传达 核心 处于 缓慢 设置 建议 大量 增长 结果 出现 重复 爆发 第二 没有 营销活动 愿意 非常 变得 内容 吸引 经验 带来 奖品 一定 来看 并且','1');
INSERT INTO `v9_search` VALUES('400','1','356','1505814660','做一物一码营销有哪些需要注意的？ 一码 我们 营销 一个 所以 如今 没有 注意 了解 消费者 需要 过程 公众 时候 为什么 诱导 引导 就是 利益 还是 品牌 可见 到处 大街 如何 通过 进行 泛滥 程度 有所 火热 哪些 到底 有关 大家 今天 尽量 如果 那么 记得 尽可能 顾客 活动 过来 以为 足够 给予 思考 这个 礼品 折扣 获得 价值 创意 至少 总结 来看 其实 问题 做好 一切 最为 遵循 重要 客户至上 原则 介绍 角度 可以 吸引 诱惑 即便 简洁 别人 看看 以上 出发 或者 两者 清楚 主要 传播 比如 链接 有的 形象 着力 接下来 推广 展示 无力 引起 看来 关注 手机 添加 正确 订阅 几百 自己 更多 精彩 但是 宣传 政策 促销 然后 维持 最好 有没有 做到 做法 用法','1');
INSERT INTO `v9_search` VALUES('401','1','357','1505901060','二维码防伪标签可以给企业带来什么好处？ 二维码 好处 标签 防伪 标签 商品 能够 不断 消费者 更是 大家 企业 完成 避免 我们 如今 因为 客户 技术 有没有 习惯 推广 经销商 这个 功能 品牌 厂家 公司 讲究 带来 当然 选购 市场 谨慎 好处 信息 生活 正是 质量 提高 时代 尤其 人们 慎重 进步 科技 购物 商家 所以 发展 一面 了解 一般 共同 互动 参加 经过 广泛 每个 树立 比较 可以通过 然而 详情 无法 更多 价值 附加 通过 活动 以上 就是 之间 以此 可以 介绍了 关于 深层 认识 更深 希望 一些 定制 激烈 自动 移动互联网 电子化 手法 需要 依据 协助 促进 枢纽 程度 泛滥 知道 问题 哪些 以至于 体验 积极 使用 今天 严重 不好 有关 平常 时候 一定 提升 一个 自由 这是 形象 喜欢 竞争 现在 性价比 参阅 没有 之类 或是 是不是 放心 有保障 不是 肯定 不过 实力 这么','1');
INSERT INTO `v9_search` VALUES('402','1','358','1505901120','二维码防伪解决方案的作用有哪些？ 二维码 解决方案 作用 防伪 标签 产品 企业 解决方案 技能 作用 能够 工作 带来 具有 正是 食物 商场 现在 运用 五金 进行 信息 公司 这种 所以 医药 玩具 因为 选择 服装 考虑 重视 优先 随着 哪些 越来越 发展 满意 效果 需求 推行 大大 落后 年代 信息化 选用 适合 趋势 作出 结合 纷纷 起到 机械 由此可见 装修 其他 行业 巨大 同样 更多 盈利 完善 这些 由于 适用于 等行业 以外 及时 迈进 一个 进步 传递 疑问 这个 解决 科技 归纳 虽然 一切 数据 可是 种类 有关 技术 好处 这么 欢迎 大家 我们 接下来 剖析 容易 容量 编码 保密 查询 可靠性 成本 广泛 非常 适用 特色 即可 悄悄 面积 加密 覆盖 次数 发现 根据 特性 只需 消费者 标识 制作 化妆品','1');
INSERT INTO `v9_search` VALUES('403','1','359','1505901120','二维码营销的优势介绍 二维码 优势 营销 广告 可以 企业 我们 消费者 数据 信息 进行 商家 介绍 优势 大家 根据 利用 能够 效果 记录 活动 结合 扫描 定位 传递 提升 成本 宣传 准确 传统 用户 方向 关注 转化 完美 流量 图案 一定 陌生 不会 几何 符号 某种 正是 设备 特定 规律 形成 知道 一个 随着 图片 普及 各种 跨越 优惠措施 鼓励 立体 空间 上线 实现 消费 习惯 归纳 技术 得出 挖掘 领域 浏览 精确 特征 统计 依据 投放 现在 或者 以及 起来 以上 希望 关于 就是 这样 地方 电视节目 吸引客户 举办 相关 明显 展示 距离 之间 潜在 变成 部分 其中 时候 通过 认识 深刻 实际 市场 各类 带来 及时调整 同时 帮助 自己 无论 哪些 运营 相比 媒体 到底 识别 所以 今天 自动 即可 放在 有关 有着 绝对 价值 创意 比较 情形 任何 超过 之前 新型 方法 借助 智能手机 网络 限制 地域 有效 时间 更多 版面 数量 降低了 减少 大大 成本优势 出现 印刷 规模 提供 物品 服务 何种 经营 大小 还是 获取','1');
INSERT INTO `v9_search` VALUES('404','1','360','1505987580','二维码营销的作用有哪些？ 二维码 作用 消费者 营销 企业 成本 同时 能够 服务 通过 信息 作用 产品 降低 提供 各个 商务 利用 大家 带来 娱乐 互联网 应用 电子商务 意见 扫描 想法 产品的 作为 运用 生产 模式 评价 移动互联网 体验 品牌 多元化 基于 传统 自己 获取 提高 购买 了解 销售 渗透 生活 有关 工作 发展 不断 随着 哪些 如今 行业 信息化 有着 业务 的发展 要求 新时代 满足 不能 内容 主动 欲望 建议 激发 质量 时代 更加 符合 需求 改进 调整 做出 相应 达到 最大化 组合 创新 经济 利润 期望 参与 大大 并且 大幅度提高 另一方面 桥梁 建立 互动 市场占有率 以上 更好 理解 帮助 希望 介绍 一方面 加强 购物 认知 积极性 活动 这个 便捷 局限 友好 媒体 单一 入口 打破 体系 网络营销 到底 促销 检索 的效率 网络 角度 凭借 结合 网络技术 高速 新型 范围 流动 配置 得到 技术 物流 资金流 减少 搜索 及时 反馈 使得 他们 全面 属性 性能 即可 编码 机会 所以 优势 方面 考虑 今天 从而 我们 市场 营销活动 一个 表达 等等 环节 不可 缺少 进行','1');
INSERT INTO `v9_search` VALUES('405','1','361','1505987580','防伪溯源系统对企业有什么作用？ 作用 系统 企业 信息 防伪 能够 读取 消费者 企业 我们 系统 产品 各种 情况 展示 存储 作用 进行 这些 问题 带来 流程 加密 做到 大家 可以 细节 泛滥 市场 生产 所以 因为 快速发展 如今 通过 激活 验证 民生 社会 关于 控制 解决 选购 随着 证书 没有 有关 不好 造假 同时 的影响 决定 起到 用户 品牌 专业 方式 不但 设备 能力 根源 看到 打击 信任度 内容 不同 完全 多种 摄像头 就是 介绍 以上 打假 时时 利用 好处 理解 更好 帮助 希望 人人 增加 复制 不能 非法 即使 销售 其中 使用 扫描 手机 只有 到底 并存 功能 以及 为了 重视 商家 积极 接下来 方案 出台 实现 完成 机构 产品的 最大 容量 认证 检验 仓储 配送 等等 记录 工具 目前 无论 诉求 满足 视频 音频 储量 文字 图像 体现','1');
INSERT INTO `v9_search` VALUES('406','1','362','1505987640','利用红包进行二维码促销有哪些优势？ 二维码 红包 优势 消费者 促销 企业 进行 活动 控制 利用 哪些 奖项 从而 优势 大家 中奖 当然 行业 方面 我们 根据 商家 产品 简单 奖品 地区 实惠 可以 效果 设置 快捷 人群 通过 推广 能够 同样 吸引 各种 普及 不会 深受 喜爱 商机 纷纷 无限 看到 广大 如今 陌生 相信 随着 真正 送到 有助于 管理 编码 之间 手里 形式 设定 自主 直接 部分 商品 传播 真实 受到 理解 例如 经销商 终端 角色 以及 介绍了 出发 导购 科技 两个 就是 实现 以上 有关 身份 希望 时间 某个 销售额 反馈 账户 区域 带来 后台 起到 投放 知道 费用 力度 适用于 营销活动 需要 消除 客户 体验 透明 即可 过程 刺激 购买 欲望 这么 欢迎 障碍 提高 功能 采购 客观 评估 流通 实物 减少 中间 复杂 兑换 礼品 成本 优化 调整 关注 以往 有利于 的效率 公众 转化 数据 做出 相关 监控 有效 统计 环节','1');
INSERT INTO `v9_search` VALUES('407','1','363','1506078900','企业通过二维码营销如何提高竞争力？ 二维码 竞争力 企业 企业 消费者 顾客 市场 营销 产品 利用 可以 支付 大家 竞争力 目标 满足 能够 带来 宣传 同时 满意 顺应 因此 一个 创意 需要 需求 不断 创新 变化 产品的 根据 提高 今天 个人 携带 移动 人群 拓宽 逐渐 增强 满意度 知名度 就要 客户 我们 迅速 结合 利益 快捷 提升 工作 重要 希望 如今 体验 用户 网络服务 习惯 随着 节约 成本 交易 火爆 保持 强调 活力 方便 特点 感受 规律 评价 加强 过程 依赖 功能 大大 现金 新型 组合 体系 为了 无疑 消费 除了 一些 的安全 就是 这个 介绍 这些 建议 趋势 加快 帮助 生活 节奏 包括 快速 目前 以上 舒适 一样 越来越 时代 关于 普及 这种 累积 购买 业务 任何 建立 管理工作 成为 做好 只有 通过 行为 角度 出发 认为 是从 观点 更多 所谓 大致 掌上 关系 调整 数据 通道 大力 各种 提供 各类 特定 时候 优势 程度 意识 反馈 如何 记录 熟悉 偏好 不同 营销策略 塑造 运作 整个 想要 立足 无法 存在 市场环境 占有 现状 终端 随身 设计 模式 商业 变更 以往 成功 以及 对策 哪些 途径 有关 适应 放在 热闹 在于 员工 基本原则 生存 抓住 机遇 坚持 发挥 展现 自由 持续 尝试 更加 人性化 碰撞 一起 空间 又是 灵魂 无数 改变 力求 手机 门户网站 直接 隐藏 甚至 场所 商场 地铁 电视 全面 获得 进一步 贴近 面对 不能 服务 自己 阅读 相关 信息 改善 开拓','1');
INSERT INTO `v9_search` VALUES('408','1','364','1506078900','如何进行一物一码系统流程的管理？ 一码 流程 系统 信息 流程 我们 能够 消费者 读取 各种 情况 系统 进行 存储 产品 展示 细节 加密 带来 做到 同样 出现 商家 正是 激活 不良 强大 为了 常见 制造 如何 利益 不断 实力 因为 同时 证书 管理 生产 造假 没有 经济 控制 验证 国家 产品的 日常 可以 企业 用品 不好 大家 食品 化妆品 完全 能力 打假 打击 根源 以上 信任度 体现 仓储 配送 科技 品牌 增加 就是 人人 销售 只有 作用 即使 非法 使用 介绍 复制 不能 起到 扫描 其中 摄像头 手机 希望 帮助 不但 功能 到底 接下来 管理系统 所以 的影响 当然 问题 不仅 以及 体验 消费 文字 图像 音频 机构 认证 等等 记录 检验 视频 无论 方面 诉求 满足 通过','1');
INSERT INTO `v9_search` VALUES('409','1','365','1506078960','如何利用一物一码进行啤酒促销？ 一码 啤酒 促销 啤酒 传统 无法 营销 如今 大家 利用 进行 我们 手段 提升 成本 同样 各种 如何利用 有关 希望 啤酒行业 能够 奖品 查询 人力 消费者 活动 参与 不可 以及 大企业 商家 积极 互联网 生活 发展 不在 高速 改变 当然 业绩 需要 由于 正是 识别 激光 标记 综合 采用 破坏 重复 物力 优点 生产方式 开启 避免 之前 特殊 通过 即使 问题 外部 加深 注意 事项 过程 促销活动 介绍 帮助 消耗 推广 做好 更好 认识 就是 以上 管理 数据库 结合 污染 实现 复制 小时 高达 高效 灵活 为什么 越来越 原因 困难 不够 吸引力 营销活动 所以 今天 积极性 费用 容易 能力 应变 调整 配送 仓储 之后 上线 中间商 渠道 大多 优惠 销量 周期 而且 复杂 环节','1');
INSERT INTO `v9_search` VALUES('410','1','366','1506338160','如何提高二维码营销的精准度？ 二维码 营销 商家 方式 用户 提高 产品 方案 一个 技术 就是 唯一 企业 以及 大家 我们 如何 实现 来说 由于 自己 推广 资讯 促销活动 利用 肯定 市场 如今 那种 比较 火爆 消费者 相关 所以 良好 制定 由此 合理 是从 效应 同样 无论 哪个 产品的 情况 信息 后台 数据 调整 使得 产生 自然 大大 体验 获取 数字化 以上 介绍 升级 可以 创意 结合 关于 需要 带来 帮助 能够 希望 注意 事项 评估 成熟 支持 否则 任何 很大 程度 不仅 专业 平台 还要 而且 专注 方面 问题 面的 所谓 加密 这方 有关 购买 欲望 刺激消费 从而 那么 进一步提升 接下来 编码 程序 每个 对应 智能 属性 物联网 支付 账号 成为 沟通 这个 之后 扫描 具备 为了 喷墨 工艺 激光 海量 包装 生产过程 工业化 因为 原本 过程 接口','1');
INSERT INTO `v9_search` VALUES('411','1','367','1506338220','为什么你的二维码营销做的不成功？ 二维码 产品 营销 营销活动 活动 如今 促销 可以 企业 消费者 时间 数据 成功 激烈 信息 我们 效果 大家 为什么 用户 身份 每个 产品的 匹配 不同 竞争 十分 带来 好处 能够 利用 清晰 成本 包装 行为 处在 之后 各种 细分 地域 执行 如果 广告 时代 每次 充分 信息化 调整 相应 策划 就要 快速 接受 的方式 介绍 同样 即可 设置 有的 促销活动 市场 的竞争 就是 锁定 对应 获得 通过 以上 迅速 灵活性 帮助 即时 无法 往往 更改 希望 有关 大大 只需 一个 增强 同时 需要 特定 有时候 时候 导致 细节 总是 更换 无疑 变化 不断 浪费 这时候 开展 力度 数量 随时 投入 后台 更好 显而易见 营销管理 根据 产生 以及 接下来 商家 但是 关于 计划 火爆 推广 新颖 脱颖而出 灵活 以往 形式 描绘 这些 事先 确定 达到 没有 进行 整理 越来越 系统 相对 点击 大量 使用 消费 浏览 预期','1');
INSERT INTO `v9_search` VALUES('412','1','368','1506338220','一物一码帮助零售企业更好发展 一码 企业 零售 企业 发展 消费者 程序 帮助 如今 实现 传统 连接 管理 更好 行业 科技 需要 进步 复杂 因为 投入 如何 大量 用户 进入 布局 商城 营销 能够 随着 分销 人力 商品 高速 社会 不断 不能 完成 人们 我们 流量 技术 物力 满足 平台 大家 附近 数据 提出 通过 需求 已经 领取 积分 支付 点击 在线 下单 流通 上线 利用 直接 核心技术 回家 关注 然后 起来 礼品 三者 公众 消费 针对性 潜力 建立 信息 属性 客户 进行 希望 带来 介绍 就是 以上 频率 可以 强化 此外 放大 效果 完美 可以通过 系统 地域 分布 分析 详细 收集 促销 的发展 做到 购物 程序开发 有关 手段 数字化 主要 零售业 区别 智能化 最终 今天 所以 运营 一体化 简单 快捷 商家 清晰 发现 搜索 直观 看到 视频 使用 哪些 功能 核心 模式 获取 推荐 会员 结合 奖励 开发 以及 订单 包括 服务 查看','1');
INSERT INTO `v9_search` VALUES('413','1','369','1506424680','一物一码的强大作用 一码 作用 作用 包装 时间 我们 强大 可以 大家 产品 有关 产品的 层级 零售商 生产 具体 这些 关系 帮助 或者 生产管理 等信息 安排 程度 管理 介绍 继续 质检 编码 信息 所在 非常 说是 如今 流行 各个 接下来 巨大 不良 监控 一定 成本 浪费 生产线 水平 正确 发生 同样 零售 品牌 维护 软硬件 配置 内容 记录 确切 方便 大门 留给 不止 当然 节省 挖掘 今天 其它 这里 科技 符号 颜色 检查 机制 质量 额外 及时 部门 通过 简单 字母 特定 数字 元素 装置 某个 带给 了解 初级 进行 任何 配备 工作人员 经过 到达 以及 单个 打破 不断 没有 贯穿 二级 乃至 整个 供应链 流通 过程 根基 缺失 追踪 体系 物流 环节 商品 更为 关注 食品 包含 实时 日期 自动化 目标 锁定 生产商 需要 发挥 依靠 系统 配送 仓储 提高 产生 情况','1');
INSERT INTO `v9_search` VALUES('414','1','370','1506424740','一物一码改变促销新模式 一码 模式 促销 我们 传统 消费者 消费 提高 随着 商品 模式 同时 因为 企业 不断 提升 如今 改变 市场 区域 等等 可以 市场占有率 体验 销量 直接 带来 变化 不小 已经 的影响 行业 一方面 生活水平 发生 理念 所以 实现 轻松 习惯 掌握 当下 市场环境 分布 营销 针对性 流向 明显 除此之外 有着 效果 大幅度 通过 统计 相关 信息 收集 监控 历史 淘汰 可能 并且 积极 科技发展 抛弃 可见 效益 只有 适应 技术 时代 的发展 步伐 能够 把握 的方式 有效 拉动 生存 快速 扩大 更好 不仅仅 后果 相反 如果 来说 完全 话题 有关 大家 科技 一方 移动互联网 成熟 非常 渠道 手段 接下来 不了 满足 流程 手机话费 多变 灵活 快捷 礼品 虚拟 兑换 受众 时间 不同 针对 实物 方便 成本 拿到 之后 环节 执行 投放 以后 完成 促销活动 人力 物力 方式 节省 不仅 进行调整','1');
INSERT INTO `v9_search` VALUES('415','1','371','1506424740','一物一码技术能够给产品带来哪些价值？ 一码 价值 产品 企业 消费者 利用 能够 我们 越来越 营销 公众 活动 进行 所以 价值 实现 大家 呈现 可以 产品 品牌 技术 之后 带来 拓展 看到 组合 原因 商家 商机 传播 展示 不仅 手段 就是 内容 如今 多元化 渠道 很大 以及 哪些 可谓 有关 广泛 使用 普遍 抓住 普通 除了 想要 数量 关注 营销活动 结束 然而 关键 取消 周期 低价 迅速 以上 介绍 经销 增加 系统 好处 希望 认识 深刻 了解 更好 分销 三级 帮助 产品的 分享 心理 知名度 认知 招募 市场 实惠 提升 起到 特性 作用 聚集 功能 赋予 当中 平台 今天 诞生 到底 可以通过 场景 同时 不同 的方式 保持 推广 目的 互动 高效 方式 拥有 存在 长期 积分 主动性 之中 丰富 随着 途径 形象 现场','1');
INSERT INTO `v9_search` VALUES('416','1','372','1506511260','一物一码让你更好“饮酒”  消费者 互动 营销 进行 更好 企业 产品 我们 为了 场景 通过 购买 参与 数据 智能 消费 平台 信息 吸引 心情 扫描 方式 获取 选择 做出 入口 想要 采集 当然 等等 沟通 小游戏 的方式 常用 技术 转化 一个 以及 可以 重复 销售 连接 分享 以后 更加 自从 这个 知道 持续 精确 决策权 之前 的发展 已经 物理 后续 手机 产品的 互联网 变成 设备 最佳 就要 接触 频率 服务 提高 应该 最高 能力 不断 就是 移动 过程 需要 好玩 作为 社交 具有 故事 有趣 内容 刺激消费 欲望 从而 传播 创作 体验 本身 形成 其中 可以通过 愿意 极度依赖 购买的 整个 同时 快速 决定 兴趣 产生 气氛 迅速 促销活动 哪里 后台 关注 公众 如何利用 如何 人和 有关 多少 附近 一次 时候 即可 营销活动 成为 流量 用户 同样 中秋 国庆 时刻 不管 庆祝 上线 刺激 移动互联网 发出 节日 新颖 大家 得到 一定 经历 以往 很大 的数据 接下来 方案 为什么 了解 轻松 时代','1');
INSERT INTO `v9_search` VALUES('417','1','373','1506511260','一物一码让消费者放心买月饼 一码 月饼 消费者 品牌 消费者 我们 销售 能够 技术 放心 带来 假冒 这些 大家 厂家 防伪 通过 为了 帮助 名牌 商家 然而 临近 慢慢 厂商 因为 进入 侵犯 如何 有些 中秋 这是 涉嫌 身份 生产 对于 成品 商标 这个 遭到 广东 日前 流通 绝对 警方 非常 犯罪 集团 不明 成功 给力 家人 不妨 零容忍 一个 最新 打击 的态度 直接 应该 保证 扫描 渠道 确认 就是 其实 警惕 的安全 提醒 官方 自己 网络 低价 各位 提高 希望 不良 可以通过 保护 快乐 以及 科技 说说 接下来 的到来 有关 识别 随着 所以 产品的 泛滥 导致 不仅 不好 影响 形象 同样 体验 购物 现在 保障 伤害 自身 选择 标签 监控 质量 打假 实现 确保 名誉 流入 同时 损害 安全问题 食品 市场 追溯','1');
INSERT INTO `v9_search` VALUES('418','1','374','1506511320','一物一码系统助力新营销 新营 一码 系统 营销 系统 消费者 技术 获得 产品 大家 商品 信息 一个 品牌 能够 我们 如何 设计 优势 互动 印刷 不同 精确 如今 随着 完整 更加 容量 这个 数据 参与 营销活动 流程 所有 销售 过程 价值 因此 切实 飞速 互联网 发展 不断 有关 作为 入口 今天 改变 升级 同时 那些 成本 立体 直接 自己 此外 起来 得到 供应链 这些 重构 传统 整个 形成 延伸 现在 捕捉 包装 受影响 以上 就是 有的 位置 可用 保证 介绍 关于 企业 更好 的发展 一定 做好 所在 相信 恰当 类商品 追踪 成为 难题 的数据 提供 身份证 针对 模式 创新 确保 产品的 对应 调研 尤其 领取 特点 特别 适用于 要求 性能 具有 安全 电子 终端 展现 服务 多功能 多样化 时代 相比 管理 从而 据此 更多 经过 并且 进行 对于 快速 减少 来说 部分 占据 重要 行为 通过 原料 制造 了解 详细 包括 生产 特性 明确 好处 增强 路径 各种 奖励 人工','1');
INSERT INTO `v9_search` VALUES('419','1','375','1506597780','一物一码营销不能忽略这些 一码 奖品 营销 就是 促销 所以 可以 消费者 进行 产品 成本 企业 重要 产品的 价值 设计 怎么 我们 方式 自己 出去 推销 十分 推广 来说 使用 衡量 一定 标准 选择 不是 节省 商家 防止 销售 事情 通过 一些 如今 大家 今天 更好 时候 参考 拒绝 利益 方案 决定 难以 更加 利润 的的 赠送 而是 能够 不会 如何 盈利 带来 市场价格 价格 是由 诱惑 一个 从而 利润空间 垃圾 参与 提高 才能 怎么样 过时 为什么 原因 设置 并非 促销活动 来看 总结 足够 吸引力 销量 得到 主要 相关 找到 作为 为了 适合 只有 互补 只是 想要 欲望 客户 或是 而已 一味 揭开 主角 当然 技术 购买 某种 物品 其它 科技 这些 不能 忽略 有关 了解 帮助 介绍 细节 之后 扫描 身份证 方面 移动 调控 库存 随时 上面 之前 必要 效果 随便 有用 代表 智能化 这种 不仅 积分 内部 中间商 数据 支撑 提供 的数据 收集 清楚','1');
INSERT INTO `v9_search` VALUES('420','1','376','1506597900','一物一码营销平台可以实现什么？ 一码 平台 营销 数据 市场 如今 平台 个性化 我们 客户 商家 用户 所以 群体 当然 需求 为了 部署 支持 私有化 安全 转化 打造 从而 热潮 掀起 开启 更是 可以 多样化 实现 行业 企业 尤其 积极 模式 利用 相信 产生 任何 连接 沟通 拓展 完整 生态 需要 改变 不停 一样 并且 挖掘 商业 不断 变化 真正 背后 个人 不利 找出 关键 进行 针对性 时机 意向 通过 清晰 运营 提升 机会 捕捉 活动 有的 系列 等等 礼品 时候 结果 难题 这些 解决 意外 可见 火爆 已经 的竞争 压力 越来越 就要 目标 仿佛 行为 实时 渠道 有关 大家 接下来 到底 分析','1');
INSERT INTO `v9_search` VALUES('421','1','377','1506598440','一物一码营销有内涵 一码 内涵 营销 企业 消费者 传统 如今 形成 数据 奖品 系统 吸引 实物 话费 消费 垂直 布局 规划 产品 经销商 获取 需要 利用 最终 狂潮 掀起 更是 接下来 我们 行业 尤其 模式 相比 内涵 火爆 能够 更加 同样 优势 明显 管理办法 手中 到达 难以 杜绝 整体 影响 促销 价值 具体 才能 高效 基础 坚实 奠定 管理 分级 有关 经过 效果 可以 突破 起来 联系 增强 竞争力 下去 生存 更好 从而 密切 纽带 有效 避免 情况 追踪 管理模式 提供 同一 保障 切实 商品 大家 参与 体验 用户 提高 极大 培养 越来越 品牌 他们 提升 忠实 礼品 利器 包括 限于 即时 用于 来源 方向 决定 每个 科技 互动 后台 通过 现在 促成 升级 方式 而是 进行 盲目 并非 开展','1');
INSERT INTO `v9_search` VALUES('422','1','378','1506684840','一物一码重新定义营销 一码 我们 进行 一个 企业 更好 能够 用途 无人 利用 营销 带来 通过 当然 消费者 奖励 促销 营销活动 商家 经销商 关注 如今 因为 信息 商品 扫描 应该 渠道 可以通过 不知 词语 手机 阅读 全文 等等 巨大 眼里 活动 以及 看到 领取 盈利 移动 重复 希望 广泛 非常 用户 互联 并且 再次 不足 超过 过程 被告 不可 即时 整个 获得 抓住 机遇 业绩 给予 积极 帮助 奖品 提升 促进 大大 反馈 提高 的效率 同时 印刷 价格 吸引客户 产品 要素 所以 模式 互联网 合并 从前 直接 手段 关键 普及 从而 消费 连接 有关 如何 重新 谈谈 大家 其中 大市 可以看出 工具 只是 看成 商机 各种 今天 接下来 利益 自己 推广 定义 其实 动态信息 功能 实现 丰富 弥补 包含 广阔 所谓 对应 就是 正好 造假 得以 可以 正是 特别 感谢 过去 通常 极其 容易 单一 缺陷 最大 建立','1');
INSERT INTO `v9_search` VALUES('423','1','379','1506684900','做好二维码防伪有什么值得注意的？ 二维码 产品 品牌 供应链 我们 防伪 如今 对于 提高 产品的 需要 生产商 环节 帮助 企业 做好 造假 伤害 保护 使得 验证 但是 由于 质量 生活 讲究 市场 威胁 非常 经营 以及 形象 更加 生活水平 非法 泛滥 贸易 来说 透明度 随着 拥有 应该 不止 各级 流程 包装 更多 落实 是否 抵达 涵盖 目的地 计划 范围 代码 由此可见 定位 及时 信息 重要性 所在 的发展 更好 才能 只有 存储 根据 来源 一个 任何 重要 同时 监管 同样 接下来 通过 推行 整个 大家 如何 有关 行为 注意 值得 仅仅 一角 问题 如果说 扫描 直接 消费者 标识 购买 他们 而言 最终 唯一 首先 那么','1');
INSERT INTO `v9_search` VALUES('424','1','380','1506684900','做好二维码营销有哪些需要注意？ 二维码 营销 就是 如今 消费者 我们 需要 权威 做好 认证 大家 产品 标签 生成 所以 想要 注意 知道 注册 问题 各种 平台 介绍 企业 事项 过程 宣传 机构 这样 活动 所有 核心 不了 已经 营销策略 本质 更好 依赖 互联网 更多 当然 传统 满足 灵活 变形 材质 塑料 金属 适应 不同 以上 信赖 关于 形态 可以 能够 设备 方式 推广 帮助 带来 印刷 不仅仅 希望 并且 等等 激光 最后 取得 商品 最好 运用 复制 容易 厂商 在中国 哪些 最终 现在 经过 正规 中心 壁垒 技术 带有 不少 可信 以此 几乎 相同 最大 没有 缺乏 程度 自主 重要 的方式 这件 整个 首先 特别 行动 包括 促销 足够 初期 必须 参与 提高 也就是 提升 接下来 限于 厂家 展示 系统 进行 推销 基于 实现 有关 数量 那么 利用 本身 注意力 制造商 促销活动 除了 在线 产品的 包装 抓住 不宜 文字 庞大','1');
INSERT INTO `v9_search` VALUES('425','1','381','1506684960','做好二维码营销有什么秘诀？ 二维码 秘诀 营销 营销活动 传播 我们 商家 大家 生活 消费者 秘诀 利用 出来 就是 做好 形成 参与 互动 模式 一次 优惠 得到 可以 评估 数据 通过 能够 然后 自己 愿意 创建 方式 整个 策划 传统 关系 不了 已经 遍布 然而 活动 正是 企业 以及 到处 脱离 如今 不会 相信 陌生 只要 某种 理念 权益 带来 帮助 或者 分享 有趣 相应 觉得 实物 折扣 这种 优化 调整 实施 才能 重要 价值 渠道 效果 不同 有助于 这些 完整 开始 以上 这样 做到 只有 希望 关于 介绍 兑现 那样 快速 迅速 十分 十几 几十 可能 反应 各种 推广 所以 重要性 那么 是否 面的 话题 这方 接下来 分钟 构造 病毒 微博 内容 达到 群体性 交易的 交易 简单 的影响 媒体 之前 时间 充分 两个 一个 不是 移动互联网 有的 也就是 社会化 特性 结束','1');
INSERT INTO `v9_search` VALUES('426','1','382','1507721820','二维码防窜货如何做？ 二维码 产品 包装 可以 企业 物流 信息 查询 经销商 数据 当前 进行 地区 相关 管理 商家 扫描 追踪 系统 相互 关联 状态 利用 生产 对应 上传 用户 通过 城市 销售 管理系统 生产线 之后 关系 设备 然后 包含 可在 发现 发生 随时 出来 处理 产品的 方式 数码 根据 所在 使用 经济社会 防伪 生成 组成 事情 找到 等等 相对 各级 时间 编号 级别 终端 判断 分配 是否 嫌疑 人员 平台 当前的 位置 建立 之间 完成 差异 可以通过 较大 操作 流向 消费者 存在 可能 知道 已经 而是 普通 不是 商品 后台 大量 放到 本来 可获 这个 每个 展示 如何 实现 及时 自己 有效 从而 快速 行为 即可 二级 具体 功能 重点 接下来 行动 采取 我们 介绍 大家 进一步 科技 三级','1');
INSERT INTO `v9_search` VALUES('427','1','383','1507721820','二维码防伪标签的功能是什么？ 二维码 标签 功能 防伪 产品 标签 能够 查询 标识 消费者 大家 运用 一个 产品的 即可 手机 有关 功能 公司 突出 优势 处理 传统 提高 信息 一次 打假 网络 办理 认证 数码 具有 十分 成本 只需 号码 今天 区分 所以 科技 我们 包含 电话号码 时刻 下来 记录 体系 电话 营销 全国 遍布 使用 建立 全国性 监控 统一 做好 随时 进行 极大 品种 快捷 同时 造假 更好 希望 就是 介绍 以上 知名度 打击 工作 利用 这些 关于 次数 所在 区域 及时 精确 法律 依据 却是 编码 包装 有的 赋予 好像 唯一 便于 无需 一样 身份证 公用 到底 学习 专门 只能 一经 情况 通常 一次性 显著 统一性 可用于 其它 条码 发送 扫描 经过 窍门 便利 制造 激光 简单 任何','1');
INSERT INTO `v9_search` VALUES('428','1','384','1507722720','二维码防伪标签能够给产品带来什么影响？ 二维码 标签 产品 防伪 标签 产品 公司 所以 工作 能够 技能 具有 起到 作用 信息 处理 适用于 疑问 企业 重视 运用 越来越 影响 随着 一个 进行 带来 推行 商场 五金 服装 食物 医药 玩具 及时 重要 出现 我们 今天 大家 有关 迈进 以外 科技 满意 大大 效果 作出 需求 发展 进步 协助 如此 趋势 由此可见 传递 现象 致使 迅速 这个 机械 装修 其他 需要 不能 一直 因而 可是 由于 结合 路径 出售 各级 标识 根据 加密 特性 悄悄 只需 消费者 制作 到底 哪些 即可 查询 以来 火爆 选用 适合 快速 上面 年代 信息化 现在 化妆品 广泛 编码 容量 保密 可靠性 成本 非常 适用 特色 落后','1');
INSERT INTO `v9_search` VALUES('429','1','385','1507722780','二维码防伪方法帮助化妆品辨真假 二维码 真假 化妆品 防伪 查询 我们 消费者 化妆品 方法 产品 进行 公众 大家 帮助 显示 扫描 解决方案 通过 密码 可以 放心 一个 标识 相差 味道 细节 包装 普通 根本 需要 所以 不能 简直 如果 关注 提示 现在 点击 能够 就是 结果 系统 菜单 第一次 再次 按钮 正确 页面 行业 有关 介绍了 以上 希望 更好 购物 问题 解决 假冒 谨防 使用 生产 某公司 日期 失效 时间 购买的 消费 赋予 身份 产品的 概率 降低 此时 一般 专业 主要 流程 覆盖 如下 利用 其实 实现 如何 全部','1');
INSERT INTO `v9_search` VALUES('430','1','386','1507809480','二维码防伪追溯系统有哪些功能优势？ 二维码 优势 功能 追溯 功能 防伪 优势 企业 一个 信息 产品 系统 有效 提供 记录 报告 实现 悄然 监管 全过程 消费者 哪些 出现 杜绝 透明 即可 形成 可以 大家 管理机构 查询 快速 能够 提高 不但 处理 希望 存在 文明 平台 商业 管理 信息化 竞争力 进程 行为 带来 帮助 食品安全 提升 能力 及时 根源 品牌 声誉 提出 解决 降低 本身 办法 风险 找到 迅速 食品 依据 问题 关于 以上 就是 介绍 事件 针对 到底 有关 要求 通知 发送 信用评级 所以 我们 今天 完整 质量问题 商品 维权 有道 市场 规范 购买 权益 保护 秩序','1');
INSERT INTO `v9_search` VALUES('431','1','387','1507809540','二维码营销的目的所在？ 二维码 所在 目的 营销 信息 大家 促销活动 企业 营销策略 业务 进行 用户 我们 目的 扫描 消费者 促进 浏览 帮助 传播 所在 功能 需要 模式 更改 相关 引导 介绍 产品 今天 刺激消费 行为 购买 目录 户外 报纸 一些 展览 关于 内容 名片 地铁 网站 希望 视频 文字 能够 带来 核心 图片 链接 系统 选择 然后 放在 知识 重新 客户服务 手机 效果 可以 查询 付款 活动 推广 产品展示 宣传 实现 回报 最大 方便 随时 修改 就是 即可 调整 以上 应用 获得 最小 投资 后台 花钱 代码 入门 整体 容易 通过 入口 服务 互联网 到底 有关 在线 开发 收到 科学 数量 来源 路径 广告 移动 越来越 关注 技术 随着 客户 准确 各种 时间 节省 友好 瓶颈 轻松 赚钱 网上 预订 礼品 订单 电影 扩展','1');
INSERT INTO `v9_search` VALUES('432','1','388','1507809540','二维码营销解决方案有什么好处？ 二维码 好处 解决方案 营销 解决方案 消费者 如今 可以 好处 我们 进行 大家 信息 愿意 购买 活动 提升 有关 直接 扫描 企业 运用 系统 商品 所以 社会经济 十分 激烈 的竞争 市场 随着 的发展 生存 为了 入口 上线 已经 法则 关键 判断 哪些 极大 引导 建立 互动 品牌 参与 注册 消息 功能 商城 帮助 就是 优势 以上 介绍 在线 真实 获取 设置 个人 带来 希望 能够 关注 积极 明显 掀起 看到 热潮 尤其 更加 行业 识别 可以通过 积分 分享 今天 赋予 也就是 所谓 到底','1');
INSERT INTO `v9_search` VALUES('433','1','389','1507809600','二维码营销能够给商家带来哪些好处？ 二维码 好处 商家 带来 我们 能够 好处 商家 无人 哪些 需要 进行 兑换 便利 营销 利用 到底 形象 简单 大家 不仅 提升 不必 意味着 管理 充满 同时 工作 传统 统计 成本 流行 降低 那么 不知 可谓 接下来 一些 如今 相信 做好 只需 分散 真正 核心 更加 即可 精力 收益 极大 的效率 几何 消费者 效率 增长 事物 成为 无法 根本 人力 以上 只是 诸多 有关 介绍了 模式 资本 物力 部分 组成 相比 自动 青睐 话题 新闻 节省 处理 零售商 对于 而言 准备 收入 介绍 花费 至少 可能 毕竟 获得 要求 客户 付款 每次 排队 漫长 有时候 时间 小时 一个 甚至 专门 通过 银行','1');
INSERT INTO `v9_search` VALUES('434','1','390','1507896000','二维码营销能够给我们消费者带来什么？ 二维码 消费者 我们 消费 能够 带来 卫生 无人 营销 大家 利用 现金 情况 无论 手机 不同 所以 时代 交易 简单 标准化 一个 绿色 拿出 只需 可以 特点 携带 突出 模式 问题 信用卡 内部 一手 提倡 存在 哪些 到底 好处 接下来 那么 不知 消费者 相信 如今 可谓 一些 轻轻 介绍 显然 对于 轻松 付款 这样 所有 生成 大大 程序 签名 银行储蓄 需要 目前 到来 简化 等等 信息 还是 会员 不便 不仅 商家 成为 自然 看好 以上 就是 深度 意味着 标签 应用 介绍了 优势 同时 各种 推广 活动 了解 更好 希望 通过 帮助 隐患 方面 健康 无法 避免 尤其 越来越 物品 相比 众所周知 而言 符号 实体 根本 没有 电子 然而 他们 流通 完成 这个 导致 讲究 传统 便捷 准备 如果 随着 智能手机 诞生 只能 这次 急需 购买 优点 银行卡 支付 成都 一致 场合 编码 组成 大小 形状 相应 界面 不会 产生 品牌 足够 建立 一点 上看 标准 欢迎 来说 有时候 多人 电子化 已经 实现 显得 效率 这种 成功 购物 解决 不适','1');
INSERT INTO `v9_search` VALUES('435','1','391','1499947260','二维码营销平台能够帮助企业解决什么问题？ 二维码 问题 平台 平台 营销 问题 解决 企业 能够 佣金 大家 通过 分销 微博 可以 社交 销售 传播 有关 帮助 产品 销售渠道 快速 订单 渠道 奖励 保障 更多 招募 朋友 激励 设置 三大 哪些 我们 今天 如今 十分 火爆 商城 增加 利于 营销活动 灵活 工具 最大化 利润 评估 维度 三个 结算 体系 商家 利益 有效 营销策略 双赢 实现 机制 以上 就是 带来 希望 介绍 晋级 业务 分类 促成 针对 进行 发展 打造 升级 零售 建立 多种 模式 可以通过 第三方 数量 庞大 用户 成熟 稳定 获取 及其他 合理 额外 等级 分配 占领 迅速 零门槛 的申请 大量 支付','1');
INSERT INTO `v9_search` VALUES('436','1','392','1507896060','二维码营销一物一码扫码送红包如何实施？ 二维码 一码 红包 消费者 营销 系统 活动 产品 如今 企业 可以 能够 带来 行业 多少 喜欢 一个 实惠 我们 金额 成本 品牌 促销活动 直接 非常 就是 社会 存在 当然 推广 更好 想要 更多 的发展 避免 个性化 各种 流行 由此可见 操作 正是 因为 不仅 到手 同样 简单 使用 灵活 盈利 参数 各项 配置 实现 轻轻 控制 调节 只需 从而 实物 吸引 礼品 知名度 提升 采购 流通 自主 降低 唯一 赋予 然后 在线 监控 复杂性 过程 整个 这样 好处 看到 公众 关注 不等 并且 所以 现金 随机 中奖 页面 实施 如何 进入 包装 只要 接下来 大家 受到 真实 心理 主动 参与 区域 哪些 顺应 有关 投放','1');
INSERT INTO `v9_search` VALUES('437','1','393','1507896120','看二维码营销如何撩到你？ 二维码 营销 可以 如今 饮料 竞争 用户 大家 活动 企业 统计 客户 进行 商家 了解 不同 根据 并且 中奖 可以通过 能够 后台 高效 来说 过程 激烈 方面 做到 面的 推广 有关 今天 需要 脱颖而出 多种 不仅 市场 类型 想要 所以 行业 十分 更好 带来 好奇 清新 好处 高端 如何 感受 利用 程度 很大 科技 介绍 显示 概率 数量 喜欢 及时调整 情况 进而 起到 清晰 希望 效果 刺激 参与 打下 坚实 以后 信息 方案 基础 及时 调整 从而 一些 通过 基本 参与者 目标 详细 预期 完成 热情 就是 以上 大企业 记录 同行业 实际 的竞争 公司 大型 如何利用 快速 直接 手机 我们 购买 传统 促销活动 宣传 海报 包装 商品 以及 户外 另外 有效 广告 针对 风格 操作 简介 由于 对于 节省 大量 需求 制作 自己 人力 物力 控制','1');
INSERT INTO `v9_search` VALUES('438','1','394','1508155380','利用一物一码制造营销活动有什么优势? 一码 优势 营销 技术 产品 可以 进行 利用 如今 我们 数据 实时 优势 营销活动 大家 制造 帮助 市场 消费 消费者 企业 通过 活动 推广 商家 各种 用户 营销策略 更加 增加 加入 越来越 带来 基于 监控 行列 系统 能够 区域 提供 细分 希望 具有 制定 因素 维度 人群 购买 方向 调整 迅速 从而 策略 以上 关于 介绍 就是 时间 例如 整合 分布 清晰 等等 行为 积分 有关 方便 同样 了解 产品的 今天 所以 信息 多样化 可以通过 提高 多元化 体验 品牌 针对 个性化 实行 上线 话费 开展 流量 会员 互动 不同','1');
INSERT INTO `v9_search` VALUES('439','1','395','1508155380','企业如何更好的进行二维码营销 二维码 企业 企业 用户 营销 扫描 如何 进行 更好 没有 需要 欲望 体验 激发 所以 品牌 大多数 人群 广告 吸引 打造 利用 只有 需求 被动 拉动 越来越 满足 销售 处于 一方 才能 抓住 带动 主动 建议 有效 消费 较大 作用 阅读 软件 并且 打开 发挥 下载 专门 一方面 活动 刺激 年轻人 便捷 高效 发展 潜在 客户 但是 针对 以及 工作 家庭 行动 不便 老人 行为 价值 市场 引导 简单 简化 步骤 或者 消费者 使用 网址 快速 以上 过程 对应 直接 链接 可以 角度 另一方面 良好 认知 体现 不到 否则 就是 而且 习惯 希望 使得 许多 这些 能够 推广 帮助 教育 面前 接下来 我们 大家 模式 更新 着眼于 创造 有关 到底 优势 依据 理论 规律 重要 不仅 培养 忠实 打出 有利于 互动 此外 有趣 系列 折扣 快乐 享受 扩大 带来 之后 优惠 充分 众多 形式 问题 创意 连接 思考 现在 优化 一个 个性化 加之 足够 理由 独特 带给 方式 创新 呈现 目标','1');
INSERT INTO `v9_search` VALUES('440','1','396','1508155440','如何做好一物一码促销方案？ 一码 方案 促销 方案 资源 需要 做好 促销活动 奖品 市场分析 大家 最好 中奖 数据 制定 有效 兑现 步骤 避免 监控 专业 预算 防止 费用 寻求 进行 评估 成本 严格 可以 哪些 传统 企业 难题 客户 做到 想要 今天 导致 超预期 最后 参与 极大 丰富 报表 生成 满足 消费者 动态 需求 直接 个性化 运营 有关 科技 我们 就是 以上 简单 介绍了 带来 帮助 能够 希望 终端 成果 销售数据 物资 内容 数量 调整 一旦 发现 结束 整合 立即 虚假 溢出 随时 激励机制 产品 等等 利润 效率 深入 分析 杜绝 新型 产品的 适合 活动 支持 合作 合适 机构 确保 一个 保证 全过程 利用 选择 浪费 涉及 弊端 如何 供应 采购 代理商 合理安排 物流 仓储 维系','1');
INSERT INTO `v9_search` VALUES('441','1','397','1508155440','桶装水利用一物一码有哪些好处？ 一码 桶装水 好处 我们 需要 可以 过程 消费者 查询 用户 实现 扫描 信息 好处 进行 注册 正规 利用 生产 通过 追溯 市场 种类 家庭 办公 十分 不是 的的 确认 购买的 相关 防伪 有效 哪些 放心 日期 企业 必不可少 但是 购买 能够 有关 健康 登录 大家 时候 介绍 了解 情况 促销 质量问题 立即 带来 定义 管理 产品 方便 就是 分销 更加 流向 追踪 网络 销售收入 提高 增加 出现 系统 配送 一起 选购 同时 地址 默认 下单 品牌 进入 在线 立刻 智能手机 页面 以上 数量 输入 完成 使用 作为 关于 其中包括 姓名 可以通过 毕竟 接下来 来说 保证 采用 所以 如今 商家 有无 网点 某公司 提示 标识 身份 质量 生产过程 品质 监控 同步 相对 包含 标签 齐全 甚至 是否 证件 及其 哪个 何时 独立的 每个 等信息 一旦','1');
INSERT INTO `v9_search` VALUES('442','1','398','1508241900','微信二维码营销方案有哪些需要注意的？ 二维码 方案 营销 一个 我们 进行 利用 活动 如今 没有 所以 方案 今天 注意 到底 推广 利益 诱导 时候 引导 消费者 哪些 品牌 手机 如果 还是 随着 普及 十分 需要 就是 如何利用 火爆 各种 公众 大家 事情 泛滥 为什么 添加 订阅 几百 自己 礼品 获得 价值 思考 以为 给予 足够 折扣 用法 这个 正确 过来 顾客 尽量 想要 看看 更好 就要 能够 带来 这些 希望 以上 别人 吸引 尽可能 帮助 记得 那么 创意 或者 至少 可以 诱惑 即便 简洁 形象 着力 有的 传播 主要 清楚 有关 说说 两者 比如 精彩 了解 有没有 更多 关注 引起 无力 看来 做到 做法 展示 然后 页面 漂亮 链接 促销 政策 最好 维持 宣传 但是','1');
INSERT INTO `v9_search` VALUES('443','1','399','1508241900','一物一码促销要学会互动 一码 促销 消费者 企业 互动 费用 品牌 关键 效果 来说 支出 能够 营销 加强 参与 保证 可以 体验 角度 每个 效益 在于 同时 甚至 大企业 部分 成本 控制 对于 推广 因此 所以 有的 往往 占据 市场 较大 而言 常用 活动 值得 就要 过程 然而 手段 目的 分享 积极 激发 达到 社交 深入 联系 紧密 利用 作为 越来越 如今 消费 热情 入口 实现 坚实 基础 打下 建设 之间 增加 保障 所在 不仅 兴趣 抓住 学会 积分 产品的 唯一 提高 切实 纽带 身份 来源 服务 为了 不同 重要 如何 做好 有关 任务 今天 我们 大家 而且 只能 方面 大大 这个 困扰 问题 节省 结合 之外 带来 除了 数字化 现实 防止 重复 有效 一次 扫描 情况 出现 人工 屏蔽 奖品 避免 促销活动','1');
INSERT INTO `v9_search` VALUES('444','1','400','1508241960','一物一码二维码营销方案能够实现什么？ 二维码 一码 方案 营销 企业 用户 方案 产品 品牌 如今 能够 消费者 帮助 自己 独特 我们 市场 所以 更好 展示 实现 活动 自主 传播 礼品 信息 功能 就是 大家 形象 实施 查询 扫描 通过 记录 放心 商品 就要 作为 非常 淘汰 广泛 使用 能力 生存 推广 的竞争 想要 压力 电子 支付 给力 主流 游戏 数据库 系统集成 合作 一致 人员 自动 报警 相比 全国 流向 传统 成本 产品的 办法 互动 配置 开辟 崭新 道路 建设 眼前 文字 提升 一个 希望 带来 有关 介绍 媒介 以上 图片 视频 多样 在线 地理位置 资源 支持 促销 反馈 宣传 利用 问答 有奖 客户 新鲜 追踪 复制 防止 提示 快速 可以 验证 动手 设计 那么 发展 防伪 简单 直观 环节 起到 流程 提供 数据 掌握 购买 作用 同时 平台 促销活动 参与 到底 成为 核心 生成 危机 追溯 解决 信赖 轻松 系统 生产过程 日期 等信息 生产 厂家 后台','1');
INSERT INTO `v9_search` VALUES('445','1','401','1508241960','一物一码给产品提供身份证明 一码 身份 产品 产品 能够 身份 证明 我们 消费者 进行 需要 可以 大家 东西 自己 同样 对于 更多 服务 便捷 拥有 特性 唯一 提供 智能 帮助 如今 生活 产品的 受到 只有 如何 提高 应用 实现 来说 带来 身份证 生长 使用 手机 查询 快速 多方 新鲜 包装 方面 例如 由于 特殊 要求 程度 所以 面的 产生 就是 具有 以上 科技 介绍 希望 好处 利用 关于 购买 认识 信息 关注 日期 生产 放心 信任 难度 造假 环境 信赖 赋予 识别 更加 怎么 到底 那么 接下来 说说 运用 追溯 打假 分享 同时 互动 更好 传播 大大 使得 技术 范围 可以通过 能力 标志 防伪 普通 独特 互联网 社交 具备 更是 变成','1');
INSERT INTO `v9_search` VALUES('446','1','402','1508329200','一物一码给新零售带来全新渠道 一码 渠道 全新 产品 消费者 市场 企业 通过 零售 带来 全新 个性化 供应链 如今 体验 能够 大家 渠道 商品 客户 营销 我们 品牌 活动 支付 同时 分析 实现 环节 造成 传统 不断 提升 时尚 丰富 帮助 数字化 提供 特别 研发 价值 确认 查询 重视 完成 开始 纷纷 优势 等等 越来越 购物 推广 已经 以及 成为 并且 习惯 运营 连接 可以 产生 数据 海量 多样 开展 有的 大大 符合 快速 如果 提高 成交 展现 赋予 技术 此时 进行 反应 适时 调整 需要 更新 策略 识别 出发 管理 接受 利用 回头 升级 给予 整个 更加 更具 用户 从而 据此 喜欢 理解 思路 所有 介绍 以上 不会 这里 基础 最终 希望 过程 变化 知道 复杂 生产 源头 消费 厂家 手中 经历 取得 更多 接下来 自己 以便 运用 企业战略 有关 哪些 终端 零售业 库存 结构性 影响 严重 等问题 新产品 尤其 流行 元素 过去 服务 无法 适应 时代 对话 不确定性 完整性 诸多 存在 不仅 周期 负担 打造 改造 物流 是从 一体化 模式 容易','1');
INSERT INTO `v9_search` VALUES('447','1','403','1508329200','一物一码红包系统有哪些功能？ 一码 红包 功能 可以 系统 企业 更好 中奖 控制 有效 哪些 商家 产品 设置 进行 导购 消费者 销量 功能 正是 因为 产品有 比如 地区 通过 商品 营销 后台 品牌 人群 时间 提升 数据 部分 经销商 根据 同时 同样 丰富 得到 的发展 提供 积分 礼品 以及 大家 普通 实现 从而 引导 关注 如果 提高 商城 公众 设计师 节假日 重大 春节 国庆 角色 身份 同一 其他 过程 记录 使用 我们 特性 这些 营销活动 分析 报表 形成 具有 有关 发展成为 全部 或者 扩大 介绍了 就是 以上 影响力 卖场 设定 奖项 清楚 能够 技术 基于 自主 接下来 组合 自由 方案 帮助 参加 到底 那么 分为 促销活动 知道 金额 需要 实际 活动 选择 长期 另外 特定 投放 持续 发给 多少 市场 刺激消费 最低 营销策略 期间','1');
INSERT INTO `v9_search` VALUES('448','1','404','1508329260','一物一码护肤品，让消费者更放心 一码 护肤品 消费者 我们 产品 消费者 信息 通过 可以 进行 追踪 品牌 市场 如今 所以 大量 大家 推广 查询 造假 企业 系统 宣传 厂家 管理 产品的 成本 哪些 问题 帮助 打击 商家 女性 假冒 一些 放心 带来 尤其 制造 社会 这个 为了 暴利 但是 不法 有效 解决 更加 注重 保养 一个 需求 购物 准确 并且 加大了 便于 图片 标签 定位 数字 防伪 获得 快速 功能 相关 每个 来说 无疑 动态 最新 扫描 查看 以上 就是 能够 更好 希望 有关 简单 追究 责任 环节 具体 形式 了解 流程 详细 跟踪 来源 实现 情况 出入 信赖 因为 一旦 皮肤 很大 流入 如何 的影响 现象 健康 方法 科技 不堪 需要 提升 环境 互动 及时 精确 统计 等信息 行为 数量 顾客 手机 方便 赋予 比较 起来 优势 到底 加密','1');
INSERT INTO `v9_search` VALUES('449','1','405','1508415660','一物一码技术能实现哪些功能？ 一码 功能 技术 问题 解决 消费者 营销 产品 技术 功能 我们 实现 大家 能够 哪些 信息 有关 今天 多少 数据 介绍了 自我 如今 公众 火爆 不用 相信 积分 购买 互动 到底 渠道 通过 包括 时候 相关 进行 商家 获得 系列 用户 主页 介绍 就是 以上 视频 希望 商品 帮助 插入 提供 决策 依据 每个 可以 带来 一个 等等 防伪 打假 厂家 物流 流向 监控 追踪 授权 包装 扫描 进入 企业 可获 重复 商城 关注 直接 生产 追溯 质量 销售 整个 信任 过程 兑换','1');
INSERT INTO `v9_search` VALUES('450','1','406','1508415720','一物一码技术对产品营销有哪些重要性 一码 重要性 产品 技术 营销 产品 如今 企业 消费者 活动 产品的 重要性 一个 我们 可见 大家 实现 标签 信息 通过 提供 唯一 就是 随着 同样 发展 所以 到处 生活 哪些 相信 不会 陌生 即可 成熟 利用 营销活动 全方位 添加 成本 增加 认识 等等 产品展示 企业文化 吸引 地方 相关 详情 在于 传统 已经 现在 不是 这么 可以 准备 作用 路上 使用 来源 行业 后期 成为 公众 关注 数据 支持 覆盖 无疑 未来 由此可见 促销活动 有关 流通 平台 说说 今天 积极 商家 以及 开展 推广 各种 三者 连接 又是 可实现 这个 怎么 每个 显示 轻松 手机 拿到 赋予 表现 全面 从而 起来 仓储 物流 具体 其实 解决方案','1');
INSERT INTO `v9_search` VALUES('451','1','407','1508415720','一物一码技术促进消费者互动 一码 消费者 技术 消费者 企业 互动 营销 促销 不少 传统 品牌 方式 技术 所以 关键 实现 体验 能够 参与 我们 来说 互联网 费用 积极 可以 每个 同时 效益 保证 角度 逐步 需求 利用 商家 以及 的到来 时代 已经 满足 不了 摆脱 紧密 联系 然而 分享 值得 社交 深入 来源 就要 积分 达到 激发 活动 目的 常用 过程 促销活动 手段 之间 消费 热情 增加 保障 切实 其实 就是 坚实 基础 打下 建设 效果 提高 加强 所在 兴趣 抓住 不仅 产品的 纽带 身份 唯一 在于 如何 只能 而且 不同 到底 有关 促进 从而 更加 大家 今天 重要性 扫描 一次 大大 节省 方面 这个 困扰 支出 结合 带来 除了 服务 数字化 问题 现实 情况 重复 防止 有效 出现 避免 人工 屏蔽 奖品 之外','1');
INSERT INTO `v9_search` VALUES('452','1','408','1508502180','一物一码让食品更加安全 一码 食品 消费者 食品 营销 我们 产品 积分 品牌 企业 就是 所以 如今 不良 商家 为了 利益 消费 营销活动 参与 关心 更加 各种 提供 但是 安全问题 关注 购物 公众 可以 最为 进行 同时 相信 安全 帮助 有害 作为 建立 稳定 积累 成为 引导 身份证 解决方案 追溯 除了 他们 可以通过 真实 有效 平台 在云端 分析报告 根据 潜力 客户 针对 分析 受众 存储 全部 各类 实现 通过 形成 活动 的数据 这样 终端 在线 互动 管理 销售 做到 如何 渠道 完善 时有 了解 重要 说说 大家 今天 事情 应用 购买 获得 累计 相对 产品价格 赢取 可在 商城 相应 兑换 一次 形象 动画 丰富 即可 扫描 页面 展示 专业 协助 全过程 原料 领取','1');
INSERT INTO `v9_search` VALUES('453','1','409','1508502180','一物一码是如何颠覆产品营销模式？ 一码 模式 产品 模式 消费 产品 促销 大家 如今 市场 消费者 使得 营销 颠覆 可以 体验 商家 决策 品牌 上线 如何 一个 有关 流量 便捷 可能 根据 情况 成为 虚拟 信息 获取 通过 趣味 进行 联通 调整 非常 就是 公众 诸多 而且 策略 应用 普遍 因为 的方式 我们 到底 今天 喜爱 深受 已经 以上 转化 手机 可在 介绍 得以 双向 增量 变成 瓶颈 实现 遭遇 能够 场景 个性化 帮助 带来 希望 可以通过 用户 促销活动 国人 喜欢 存量 成本 还有 经济 从而 售后服务 查询 识别 诸如 来源 游戏 成功 积分 拓展 会员 享受 谋求 融合 大趋势 升级 越来越 随着 企业 提供 途径 零售 转型 服务 商城 后台 数据 掌握 所在 详细 行为 实际 实时 提升 具体 地区 执行 周期 甚至 随时 反馈 时段 偏好 无法 状况 以前 手段 改变 一般 只能 将来 各种 前期 个月 降到 没有 方法 有效 突出 现象 渠道 方面 管理 现在 系统 设置 一样 利用 代价 竞争 对手 实力 有些 灵活 更为 不足 采取 整个 区域 难以 方式 优惠','1');
INSERT INTO `v9_search` VALUES('454','1','410','1508502240','一物一码营销的的好处有哪些？ 一码 好处 消费者 可以 营销 商家 好处 促销活动 各种 经常 大家 通过 能够 我们 吸引 互动 同样 更好 设计 产品 商品 营销策略 提示 参与 不仅 这样 看到 商场 随着 提高 销量 但是 如今 眼球 或者 哪些 数字化 相信 超市 唯一 促销 并且 从而 带动 独立 在于 福利 投放 平台 行业 企业 交互 关注 广泛 激发 冲动 引起 应用 目前 体验 打造 作用 消息 习惯 以上 就是 带来 帮助 希望 有关 介绍 消费 地区 查询 及时 目的 生产 日期 知道 年龄 系统 同时 原料 接下来 还有 除了 这些 那么 等等 利用 出现 的的 例如 价格 积分 优惠 折扣 人性化 用户 广告 来源 路径 分析 统计 进行 次数 信息 细分 赚钱 游戏 轻松 实用 活跃 下单 预订 在线 赠送 礼品 主要','1');
INSERT INTO `v9_search` VALUES('455','1','411','1508502300','一物一码营销正火爆 一码 正火 营销 消费者 购买 产品 我们 企业 互动 通过 所以 进步 如今 信息 重复 智能 数据 了解 可以 过程 场景 平台 火爆 已经 共同 潮流 沟通 获取 跟随 采集 最为 产品的 市场 参与 购买了 不能 传统 公众 关注 销售 满足 可以通过 一个 进行 消费 精确 能够 就是 社会 模式 转化 随着 这个 的方式 购买的 整个 变成 之前 决策权 的发展 互联网 技术 物理 能力 服务 后续 选择 以及 形成 做出 决定 快速 兴趣 产生 提高 以上 大家 更多 希望 功能 实现 同时 而是 清晰 行为 只是 其中 掌握 有没有 多少 这些 之后 品牌 持续 愿意 心情 流量 入口 成为 用户 营销活动 即可 迅速 以往 后台 扫描 到底 利用 魅力 很大 经历 手机 移动 极度依赖 时代 移动互联网 设备 应该 连接 最高 频率 接触 更加 轻松 的数据 得到 一定 不管 并且 气氛 节日 分享 最佳','1');
INSERT INTO `v9_search` VALUES('456','1','412','1508761500','二维码防伪标签的原理 二维码 原理 标签 标签 我们 防伪 可以 能够 产品 只需 产品的 原理 各自 十分 有着 手机 进行 购物 大家 介绍 一致性 一致 全国 呈现 标识 一个 办法 一样 身份证 商场 或者 超市 因为 扫描 拿出 判断 商品 来源 正是 只要 发现 有关 希望 带来 长处 管理方 国家 任何 面的 使用 这样 网络 条码 帮助 东西 投入 加工 打假 当地 起来 查阅 知道 联合 连接 这里 联网 管理办法 就是 以上 一起 处理 全国性 极大 企业 唯一 自己 人们 这个 放心 今天 说说 代表 不同 联系 低价 制造 过程 加上 常用 需要 与其 开展 相应 验证 类别 信息 这么 迅速 市场 进入 印刷','1');
INSERT INTO `v9_search` VALUES('457','1','413','1508761620','二维码防伪的特点有哪些？ 二维码 特点 防伪 进行 企业 我们 产品 哪些 能够 特点 大家 如今 产品的 查询 打假 展开 消费者 只需 通过 有关 越来越 更是 标签 商场 接下来 方便 数据 更加 管理 普及 由于 同时 十分 有利于 信息化 如果 联网 全国 计算 有利 占有 地方 位置 便于 才能 相关 部分 形成 机会 由此可见 抓住 报表 的数据 做好 还是 带来 帮助 希望 事情 必要 一切 商城 方向 保护 过多 次数 品牌 损害 迅速 资源 呈现 的趋势 未来 这是 到底 行业 制作 手机 技巧 专门 扫描 关于 出售 年代 互联网 学习 无需 习惯 计划 处理 形势 正确 利于 选择 各项','1');
INSERT INTO `v9_search` VALUES('458','1','414','1508761680','二维码防伪广泛应用在各个行业 二维码 行业 防伪 标签 我们 产品 生活 企业 能够 广泛 进行 大家 行业 具有 同样 更加 选用 及时 完成 一个 问题 管理 不同 由于 所以 快速 使用 出现 移动 利用 当中 从而 使得 便捷 正是 因为 互联网 随着 信息 应用 现在 市场 售后服务 市场需求 营销 效果 大大 满意 起到 服装 等行业 化妆品 食物 五金 医药 十分 适用 合适 主动 打假 一体 多功能 玩具 不能 可以 解决 以上 功能 呈现 传递 就是 介绍 更好 了解 帮助 希望 关于 作用 导致 有用 之外 协助 进步 趋势 科技 因而 适用于 出售 渠道 各级 可是 一直 困扰 开展 黑白 哪些 难以 便利 购物 巨大 带来 各个 今天 有关 计算机 内部 或许 的方式 对应 两个 查询 有的 身份证 部署 操作 没有 造假 无论如何 生成 方法 图形 记载 演变 逻辑 基础 而且 随机 对此 加密 同时 号码 分配 序列 完美','1');
INSERT INTO `v9_search` VALUES('459','1','415','1508761680','二维码防伪技术的独特优势是什么？ 二维码 防伪技术 优势 复制 我们 安全 产品 影响 不良 防伪 优势 购物 如今 大家 带来 追踪 进行 检查 无需 数据 的数据 不可 验证 技术 追溯 制品 客户 不同 解决方案 可以 可实现 有关 独特 很大 消费者 同时 品牌 体验 不仅 肯定 商家 受到 的影响 可在 此外 每个 灵活 运用 针对 适用于 容易 及时 识别 检测 起来 使用 标准 快速 大规模 设备 现成 室内 给予 制作 固定 目的 根据 周期 过程 以上 能够 帮助 希望 所在 就是 介绍 生命 加工 全程 定制 动机 比较 数字 敏感 特性 生产 结合 符号 矩阵 需求 便于 今天 所以 几乎 材料 不好 任何 用于 印象 哪些 说说 可见 原来 经济 包含 使得 便宜 原材料 加入 生产线 安全区 造成 只需 通过 方式 加密 效果 特殊 简单 扫描 因为 是否 发现 即可 普通','1');
INSERT INTO `v9_search` VALUES('460','1','416','1508848140','二维码防伪溯源真正做到假货照妖镜 二维码 照妖镜 假货 我们 防伪 化妆品 可以 进行 实现 如今 追溯 通过 购买 但是 以及 市场 消费者 唯一 系统 问题 产品 同时 跟踪 质量 品牌 许多 识别 结合 购物 来说 需要 所以 护理 保养 皮肤 注重 非常 对于 女性 泛滥 管理 帮助 安全问题 全过程 发现 周期 一旦 存在 记录 包装 责任 来源 生命 可以通过 仓储 生产 软硬件 销售 有关 应用 产品质量 介绍 就是 大家 可见 带来 放心 更加 便利 很大 以上 信息化 自动 统计 环节 标识 数据库 产量 销量 效果 一举 质量安全 达到 等信息 带有 斗争 喜爱 为了 深受 其中 上面 做到 真正 解决 拿出 手机 只要 面的 这方 树立 企业 在于 每个 优势 查询 产品的 身份 建立 数字化 打假 强力 全产业链 出现 扫描 正当 权益 维护 形象 正面 数据 功能 营销 具有 自己 体系','1');
INSERT INTO `v9_search` VALUES('461','1','417','1508848140','二维码营销系统有什么优势？ 二维码 优势 系统 营销 消费者 企业 互动 产品 购买 通过 系统 用户 大家 过程 优势 数据 以及 可以 营销活动 一个 的发展 参与 沟通 就是 平台 产品的 转化 销售 的方式 服务 重复 后续 提供 这个 清晰 收集 想要 更好 接下来 可谓 十分 难免 就要 我们 各种 有关 利用 如今 火爆 所在 不断 介绍 即时 真实 以上 能力 提高 效果 执行 了解 营销策略 以往 依赖 带来 摆脱 帮助 代理 能够 自主 把握 关于 公司 希望 技术 已经 行为 做出 决定 只是 所以 而是 掌握 兴趣 产生 同时 其中 愿意 物理 决策权 之前 快速 变成 整个 购买的 选择 形成 互联网 创造 一次 信息 公众 关注 即可 记录 在后 描绘 逐步 分析 每个 入口 流量 采集 成为 到底 最高 连接 频率 接触 最佳 机会 依靠 品牌 正是 进行 应该 支持 消费 改进 研发 场景 移动互联网 移动 设备 手机 极度依赖 时代 本身','1');
INSERT INTO `v9_search` VALUES('462','1','418','1508848200','二维码营销需要注意的几个关键点 二维码 关键点 消费者 营销 我们 扫描 但是 所以 价值 如今 可以 吸引 介绍 一个 体验 地点 更加 当然 注意 需要 大家 手段 这样 链接 能够 只有 虽然 引导 进行 不是 正是 非常 普及 了解 而言 火爆 角度 有关 就是 因为 使用 人员 网页 用户 打开 内容 不会 看到 文字 描述 确保 为了 某个 目的 如果 说是 简洁 特定 不要 加上 千万 简单 出来 立刻 一些 地方 帮助 带来 必要 因此 关注 没什么 概念 如何 以上 希望 的发展 大多数 亲自 一点 意识 是否 之后 那些 自己 对于 行业 一切 事实上 认为 常常 知道 消耗 显而易见 创建 成本 直接 沟通 之间 产品 跟踪 而且 今天 哪些 这些 网站 桌面 电脑 期待 居然 多么 情况 精致 移动 成功 精力 事情 时间 毕竟 似乎 没有 必须 提供 至关重要 想象 已经 理由 代码','1');
INSERT INTO `v9_search` VALUES('463','1','419','1508848200','防伪溯源系统对商家有什么重要意义？ 意义 商家 系统 产品 系统 防伪 企业 商家 信息 政府 能够 价值 查询 消费者 带来 问题 意义 管理 追溯 大家 环节 加工 合格 我们 有关 检查 购买 全面 途径 提高 归纳 验证 监管部门 商场 哪个 流程 今天 来说 关于 到底 科技 形象 实力 下降 快速 物流 介绍 本身 安全 食物 进行 监管 帮助 利用 好处 希望 完善 加强 理念 预警 处理 老百姓 加大 力度 手法 展示 主动 分销 就是 以上 质量 重要 执法 注意事项 用于 抛弃 统计 出现 反映 流通 改进 剖析 便利 流向 管理层 经过 产品的 直接 产品有 根据 工艺 相关 营养 数字 包装 扫描 没有 整个 经销商 生成 过程 找出 输入','1');
INSERT INTO `v9_search` VALUES('464','1','420','1508934660','进行二维码红包营销对饮品行业有什么影响？ 二维码 饮品 红包 营销 饮料 消费者 进行 激烈 市场 企业 行业 大家 通过 一个 有关 使用 作为 信息 可以 分析 参与 获得 实现 不断 引起 不同 目前 由此 争夺 各种 影响 价格战 各类 品牌 最为 我们 之一 竞争 等等 互动 之间 加强 交叉 现在 的方式 提高 策略 数据 反馈 销售 积极性 及时 相关 销量 以上 群体 定位 完整 准确 就是 介绍 带来 帮助 能够 希望 的影响 比较 产品 促销活动 注意 主角 带动 情况 产品的 其他 渠道 同时 到底 很大 发生 许多 现象 程度 所以 今天 说说 阻碍 的发展 扫描 手机 购买 连接 详细 直接 方式 获取 领取 双向 上线 建立 载体 赋予 优势','1');
INSERT INTO `v9_search` VALUES('465','1','421','1508934660','护肤品行业防伪溯源系统介绍 护肤品 行业 系统 行业 我们 消费者 完成 产品 能够 经过 信息 功能 企业 介绍 所以 系统 互动 防伪 大家 扫描 环节 进行 积分 管理 产品的 追溯 查询 兑换 收取 带来 营销 商家 暴利 奖品 厂家 不良 大量 有关 品牌 出现 制造 知道 如今 职责 详细 打击 今天 记录 包装 人均 加工 出售 工艺 任意 采购 新型 小游戏 发布 参与 数据 就是 以上 搜集 化妆品 营销管理 现金 帮助 联系 形式 科技 希望 以及 快速 预警 图片 怎样 有效 问题 了解 每个 流程 来源 情况 出入 定位 获得 条码 相关 而且 精确','1');
INSERT INTO `v9_search` VALUES('466','1','422','1508934720','快消品行业实施一物一码的益处？ 一码 益处 行业 消费者 手机 企业 实施 行业 随着 发生 我们 的发展 变化 品牌 营销 同时 流失 过程 策略 形成 并且 分类 促销 更好 能够 进步 吃饭 社会 移动互联网 兴起 主流 住宿 出行 哪些 进行 类型 不同 结合 使用 投放 实行 说说 即将 预警 防止 有效 有关 方式 忠诚 更加 购物 放心 体验 用户 提升 利用 数字 可以 平台 实现 得以 轻松 消费 重复 几乎 支付 娱乐 许多 流程 内部 事项 关系 所以 所有 感知 始终 互动 大家 力量 推荐 产生 喜欢 产品 体系 会员 今天 之前 不可 通过 快速 模式 带来','1');
INSERT INTO `v9_search` VALUES('467','1','423','1508934780','快消品一物一码营销 一码 用户 营销 消费者 我们 商品 改变 促销 随着 企业 生活 参与 便利 产品 活动 饮料 通过 成为 同时 零售 传统 方式 一个 行业 传播 入口 利用 数据 互动 流量 所以 赋予 每个 愿意 品牌 沟通 直接 因为 同样 高铁 支付 彻底 普及 共享 不断 发展 科技 影响 变得 出行 越来越 正是 属性 其实 的方式 实惠 良好 形成 上线 在线 媒介 故事 达成 发生 传递 理念 真正 可见 多么 支持 提供 重要 积极 推广 吸引 更好 做出 后续 渠道 避免 促销活动 智能手机 收集 描绘 清晰 逐步 分析 能够 分享 标签 提升 人们 激烈 活跃 刺激 刺激消费 如何 应用 到底 异常 竞争 不是 技术 一点 两点 载体 带来 可以 市场 世界各地 常常 奖品 购买 基于 即可 领取 变化 方便 非常 现金 解决方案 原因 困难 不够 吸引力 习惯 已经 如今 巨大','1');
INSERT INTO `v9_search` VALUES('468','1','424','1509021180','利用一物一码技术来进行营销的好处有哪些？ 一码 好处 技术 营销 数据 我们 利用 技术 用户 群体 客户 个性化 大家 打造 能够 支持 私有化 部署 安全 转化 作用 实现 行业 多样化 模式 更是 掀起 从而 热潮 开启 市场 哪些 好处 进行 如今 企业 积极 商家 可见 尤其 任何 以上 沟通 就是 起到 生态 机会 拓展 介绍 连接 清晰 关于 通过 希望 帮助 运营 提升 意向 带来 针对性 找出 时机 关键 不利 目标 就要 需求 今天 了解 毕竟 已经 仿佛 火爆 实时 渠道 行为 分析 产生 捕捉 完整','1');
INSERT INTO `v9_search` VALUES('469','1','425','1509021240','啤酒行业如何利用一物一码进行促销？ 一码 啤酒 行业 促销 我们 啤酒 传统 无法 带来 进行 成本 大家 提升 手段 奖品 啤酒行业 消费者 参与 人力 不可 查询 有关 互联网 同样 因为 生活 由于 同时 变化 如今 的发展 社会 生活方式 发生 普及 便利 能够 如何利用 正是 即使 仓储 帮助 特殊 问题 外部 通过 避免 消耗 物力 识别 优点 需要 环节 开启 配送 之前 重复 综合 高效 利用 复制 介绍 就是 小时 高达 以上 实现 好处 生产方式 标记 激光 采用 灵活 污染 希望 管理 数据库 结合 破坏 说说 越来越 为什么 今天 业绩 以及 商家 行业 企业 积极 营销 各种 使用 只是 单纯 而且 复杂 准备 活动 上线 之后 容易 能力 应变 调整 周期 销量 原因 困难 不够 吸引力 积极性 费用 中间商 渠道 大多 优惠','1');
INSERT INTO `v9_search` VALUES('470','1','426','1509021240','企业为什么要做二维码营销？ 二维码 企业 企业 顾客 营销 广告 他们 客户 媒体 可以 访问 我们 一个 获得 为什么 互动 宣传 推广 任何 大家 有关 介绍 资源 最近 通过 吸引 订单 甚至 投放 程度 第一 内容 目的 从而 竞争 火爆 增加 一时 跟踪 高效 地点 时间 能够 带来 精确 今天 智能手机 方式 移动 帮助 时段 同行 如今 到底 不用 主要 产品 信息 发现 短信 渠道 做出 以及 总量 类型 话费 包括 机型 选择 利用 无法 做到 其他 这是 记录 参考 收集 吸引客户 体验 引起 名片 拿出 吸引力 东西 了解 相信 就是 必须 好处 以上 欲望 刺激 购买 创新 一定 宝贵 商业 财富 储蓄 积累 会员 进行 开展 希望 眼球 首先 想要 激烈 现阶段 无限 得到 关注 沟通 容易 而言 直接 对于 更多 机会 有限 形式 丰富 未来 销售 已经 成为 效果 调整 不同 便于 成本 局限 达到 节约 每个 数据 最高 基于 性价比 判断 比较 轻松 版面 受到 大小 地方 面前 只要 历史 现在 展示 文字 动画 视频 不再 声音 清晰 美的 图片 分析','1');
INSERT INTO `v9_search` VALUES('471','1','427','1509021300','企业运用一物一码能够带来哪些好处？ 一码 好处 企业 消费者 企业 促销活动 直接 可以 奖品 能够 本身 商品 销售 促销 成本 调整 产品 传统 实现 就是 好处 所以 品牌 沟通 更加 使得 诸多 人员 最近 智能 还是 购买的 因为 带来 哪些 解决 参与 并且 运用 不仅 营销 动态 需要 时段 这种 无论 问题 其实 如今 我们 逐渐 媒介 一些 市场 可持续发展 然而 根据 后台 投入 改变 同时 吸引 注意 制造 奖项 设置 最大 主动 自然 不少 节日 提高 一旦 同样 力图 投放 区域 在线 各个 困境 比例 一定 技术 所有 利用 内心 管理系统 按照 高效 的最 日期 进行 重要 找到 面临 运营 这样 管理 帮助 时机 目前 周末 方式 受到 面积 经营 时候 面对 尤其 租金 的影响 变为 产物 今天 到底 有关 科技 大家 办法 往往 服务 质量 短缺 硬件 很大 程度 下降 提示 实物 快递 虚拟 领取 购买 使用 落地 培训 体验 非常有限 无法 针对 作用 作为 解决方案 更好 情况 非常','1');
INSERT INTO `v9_search` VALUES('472','1','428','1509107700','如何利用一物一码技术对商品进行推广？ 一码 商品 技术 消费者 企业 通过 营销 产品 互联网 品牌 商品 行业 这种 技术 模式 推广 平台 更好 进行 随着 互动 的发展 满足 如何利用 对于 还是 发生 更多 来说 得到 传播 产品的 的到来 使得 积分 分享 形式 奖励 可以 活动 获取 尤其 客户 提高 变革 标记 合作 我们 无论 传统 以及 商家 帮助 从中 机会 可谓 赢得 互相 追踪 之间 增加 获利 公众 成果 方式 利用 能够 适当 原理 由此可见 营销策略 优化 或者 比如 关注 影响力 行为 购买 而且 持续 吸引客户 从而 销量 有助于 产品有 数据 心理 激励 这样 实现 双赢 第三方 回报 寻求 直接 开发 不得不 思考 一个 有关 大家 今天 目光 才能 怎么 如何 问题 特定 人群 明显 更加 包括 现金 即可 应用 吸引 独特 个性化 不同 奖品 会员 沟通 障碍 意识 参与 升级 不断 优势 关键 赋予 崛起 需求','1');
INSERT INTO `v9_search` VALUES('473','1','429','1509107700','商品为什么要使用二维码防伪标签？ 二维码 标签 商品 标签 防伪 产品 商品 所以 我们 可以 消费者 自己 大家 一个 品牌 带来 购物 市场 商家 泛滥 的影响 导致 防止 厂家 习惯 能够 了解 这个 有没有 效果 强大 形象 不良 意识 使用 就是 实现 如今 经销商 却是 但是 目前 参考 性价比 很快 希望 一面 激烈 喜欢 每个 识别 这么 竞争 无法 一般 独特 比较 知识 功能 以此 不但 帮助 定制 代理 之间 关于 介绍 以上 恶意 需求 根据 甚至 可以通过 客户 辅助 更多 起到 企业 下属 推广 宣传 操作 产生 为什么 这种 情况 有关 说说 今天 纷纷 不是 没有 当然 实力 有保障 这是 提高 程度 一定 自由 放心 之类 平时 知道 时候 已经 或是 是否 产品的','1');
INSERT INTO `v9_search` VALUES('474','1','430','1509107760','什么是一物一码？ 一码 营销 促销 普及 消费者 平台 一个 品牌 随着 获得 因为 数据 数字 管理 提供 积分 传统 企业 消费 可以 确认 奖品 关注 我们 大家 所以 今天 概念 定义 即将 说说 的方式 吸引 工具 作为 底层 营销活动 基础 服务商 增加 技术 登陆 金额 传播 影响力 信息 支付 移动 解决方案 提升 体验 追溯 全程 获取 防止 经费 等等 促销活动 控制 经销商 质量 产品的 分析 购买 以及 这个 借助 行为 就是 便于 来说 总结 责任人 开发 设置 应用 商家 可以通过 身份证 逐渐 火爆 智能 新型 开始 更多 有的 犹如 识别 商品 之上 产品 解决 终端 成本 降低 难题 优势 顾客 方便 所在 大大 出来 手机 不再 行业 兑换 人力 解放 环节 中间 礼物','1');
INSERT INTO `v9_search` VALUES('475','1','431','1509107760','食品防伪溯源系统有哪些特点？ 特点 食品 系统 防伪 我们 食品 系统 查询 消费者 信息 要求 所以 标签 日益 过程 如今 智能手机 生活 特点 源码 生产 这些 可以 为了 相关 功能 多样化 唯一 通过 的发展 得到 提高 情况 生活水平 东西 哪些 必备 食品安全 关注 轻松 现在 用户 哪里 简单 以往 只能 特别 只要 手机 技术 方便 可能 步骤 接近 具体 更具 使得 标准 增强 可见 更好 保障 能够 由于 正是 包装 做到 品牌 满足 不能 已经 日期 生长 甚至 材料 基本 面的 呈现 实现 这个 号码 追溯 具有 今天 保证 科技 大家 有关 说说 或者 自从 简易 服务 系列 出现 变革 免去 所有 几乎 颠覆 后期 设计 绝对 就是 附加 如果 整个 体系 提供 中心 关键 复杂','1');
INSERT INTO `v9_search` VALUES('476','1','432','1509367020','使用二维码对产品进行防伪有什么优势？ 二维码 优势 产品 产品 消费者 我们 防伪 进行 使用 选择 信息 作为 终端 移动 流量 带来 提供 同样 智能手机 准确 查询 即可 提升 数量 通过 网站 移动互联网 转化 互动 方便 用户 商家 的担忧 品质 可以 资讯 电子商务 随着 但是 如今 优势 市场 十分 丰富 统计 品牌 具有 客户 平台 大家 企业 介绍 所以 以及 效果 增加 可以通过 宣传 连接 越来越 媒介 互联网 广大 好奇 心理 大众 利用 接受 方式 发挥 运营 产业链 载体 上下 以上 就是 能够 帮助 希望 优点 有关 管理 拓展 交易 吸收 系统 便捷 入口 吸引 所得 同时 体验 高效 引导 打击 好处 哪些 的影响 形象 不好 不便 接下来 有效 获取 反馈 实时 行为 信赖 采用 每个 行业 很大 图片 只需 唯一 及时 目前 识别 网络 造假 非常 容易 软件 专用 下载 无需 功能','1');
INSERT INTO `v9_search` VALUES('477','1','433','1509367020','一物一码能够给产品带来的好处 一码 好处 产品 商品 产品 企业 数据 好处 能够 带来 我们 产品的 消费者 造假 模仿 大家 政府 一个 跟踪 查询 通过 分析 一切 后台 系统 赋予 知道 唯一 标识 信息 现有 即使 成本 增加了 大大 不能 根本 万万 不良 各种 杜绝 监控 行为 危害 的可能性 利益 无从 介绍了 方面 就是 有关 希望 理解 更好 帮助 以上 合理化 有效 实时 认证 数量 监管 进行 质量 起到 流程 周期 生命 实行 可以 哪些 利用 到底 追溯 那么 动态 全程 可以通过 营销 货物 整个 甚至 消费 终端 清楚 落实 环节 整合 同时 详情','1');
INSERT INTO `v9_search` VALUES('478','1','434','1509367080','一物一码能够给传统促销带来哪些改变？ 一码 传统 促销 我们 传统 可以 带来 活动 能够 进行 大家 策略 设计 场景 商家 有关 方式 出来 技术 互动 数据 根据 手段 促销活动 需要 可能 后台 资源 调整 商品 需求 满足 所以 知道 到底 不能 已经 变化 社会 的发展 如今 随着 营销 哪些 今天 手机 有效 实现 虚拟 以上 一个 多种 积分 应用 就是 简单 帮助 局限性 持续 一直 领域 通过 计算机 一些 介绍了 希望 整合 面的 一样 超市 改变 奖品 饮料 比如 东西 近期 电影 高效 各种各样 印刷 界面 品牌 无法 传播 另外 这些 模式 灵活 更加 提前 之后 然而 纽带 在线 趣味 有趣 环节 搭建 耗费 而且 物力 人力 一定 效果 具体 制定 消费者 企业 细节 销售 随时 时段 消费 地区 时间','1');
INSERT INTO `v9_search` VALUES('479','1','435','1509367080','一物一码让企业生产管理更加高效 一码 生产管理 企业 包装 帮助 生产管理 企业 时间 大家 我们 零售商 更加 高效 如今 首先 安排 材质 系统 生产 程度 质检 或者 产品的 实现 等信息 管理 生产商 产品 编码 利用 说说 有关 如何 就要 的发展 火爆 非常 如果 想要 更好 今天 机制 检查 初级 额外 质量 通过 元素 数字 某个 装置 简单 玻璃 二级 成本 一定 浪费 水平 塑料 部门 带给 字母 特定 现在 希望 需要 能够 带来 这里 以上 介绍 方面 以下 相同 采用 节省 符号 颜色 当然 层级 之前 合适 功能 这些 选择 包含 产生 提高 依靠 配送 仓储 商品 关注 更为 自动化 透明 食品 具体 内容 记录 确切 方便 大门 生产线 不良 监控 配置 软硬件 情况 实时 日期 及时 品牌 同样 发生 作用 零售 维护 正确','1');
INSERT INTO `v9_search` VALUES('480','1','436','1509367140','一物一码让我们买到放心肉 一码 放心肉 我们 系统 进行 企业 监管 一直 因为 关注 问题 产品 通过 可以 养殖 一个 不仅 放心 政府部门 消费者 保障 食品安全 加工 正是 生产 独立的 人员 严重 如何 消费 质量安全 购买 所有 制品 影响 带来 数据库 利用 网上 互联 具有 身份证 疾病 防控 平衡 统计 预警 完整 的数据 监测 工作 积极 生成 唯一 编号 赋予 独立 可以使 防伪 质量管理 能力 促进 提升 技术 进一步提升 商品 方式 创新 好处 日常 更加 便利 可见 安全 生活 质量 正规 云计算 现代 密码 技术开发 应用 物联网 建设 先进 计算机 提供 合作 追溯 体系 推动 生长 面的 介绍 建立 全产业链 终端 这方 说说 如今 今天 大家 希望 出现 出生 以来的 全程 监控 最终 电子 管理系统 成品 零售 市场 主管 政府 行业 规范 限于 查询 档案 上传 标志 环节 完成 距离 周期 信息 重量 包装 存储 出入 数据 时间 仓储 相关 部门','1');
INSERT INTO `v9_search` VALUES('481','1','437','1509453600','一物一码营销是未来发展趋势 一码 趋势 营销 品牌 互动 消费者 方案 方式 提供 终端 移动 产品 个性化 参与 帮助 背景 企业 定制 介绍 平台 趋势 基于 场景 轻松 快速 随着 使用 积分 信息 商品 促销 创造性 内容 连接 重要 互联 此时 作为 因素 决定性 取胜 数据 全球 性能 有关 了解 提高 移动互联网 多种 营销活动 奖品 适用于 服务 奖励 需求 广泛 成为 已经 属性 更好 认可 经过 全新 方向 创新 更是 于一体 能够 以上 动态 就是 入口 游戏 打造 桥梁 建立 客户 重要性 高效 简单 可以 大家 一个 身份 希望 实时 定位 市场 通过 发展 布局 渠道 未来发展 以及 研究 接下来 价值 实践 开发 应用 传统 存在 提升 持续 支撑 维护 追踪 无法 效果 自有 每位 加强 扫描 即可 双向 上线 获取 同时 不断 留下 活动 缺点','1');
INSERT INTO `v9_search` VALUES('482','1','438','1509453600','一物一码营销系统轻松解决促销 一码 系统 促销 渠道 系统 企业 销量 营销 问题 帮助 大家 收集 方式 后台 如何 传统 信息 如今 数据 我们 就是 能够 智能 全程 奖品 自动 活动 厂家 根据 有关 管理 不易 情况 有效 随着 激励 进行 必定 提升 经销商 首要 促销活动 最佳 增加 考虑 关键 历程 过程 促进 十分 轻松 互联网 尤其 解决 发展 迅速 出现 一体化 带来 实现 需求 希望 一旦 每次 对应 设置 用途 客户 造假 位置 监测 通过 市场营销 决策 消费者 提高 参与 终端 时间 真正 实时 了解 后期 地点 提供 兴趣 支持 掌握 以上 频率 介绍 热情 不仅 激发 的操作 便捷 简单 及时 当然 社会 模式 营销活动 变革 的发展 已经 所以 需要 不了 满足 浪潮 看重 重要 组成 手段 的最 厂商 下级 方面 因此 政策 动态 配置 奖项 方便 概率 中奖 制定 实际 火爆 今天 说说 节点','1');
INSERT INTO `v9_search` VALUES('483','1','439','1509453600','一物一码营销要顺应潮流 一码 潮流 营销 产品 消费者 一个 我们 企业 方式 传统 潮流 顺应 相关 可以 想要 宣传 提供 更好 的发展 效果 销量 帮助 界面 只是 做好 形成 许多 市场 促销活动 结合 就要 如今 个性化 进行 积极 自己 行业 打造 大家 接下来 突然 束缚 敢于 有关 属于 促销 美的 高额 数量 还有 不仅仅 作为 一定 逐渐 不足 弥补 大批 年轻人 实物 高校 显著 游戏 优势 自然 所以 注意 增长 事情 领先 当中 专业化 效率 对于 处于 获得 快乐 调整 手段 参与 同时 实时 时代 带动 潜在 当然 增加了 礼品 信息 身份 标识 入口 制定 拥有 身份证 所有 获取 通过 那些 认证 功能 良好 互动 但是 虽然 广告 简单 来说 采用 独特 增加 不到 视觉 沟通 缺少 心中 占有 思维 常规 打破 众多 模式 相比 突出 竞争者 高效','1');
INSERT INTO `v9_search` VALUES('484','1','440','1509453660','有关二维码营销的介绍 二维码 用户 营销 介绍 我们 有关 进行 吸引 大家 商家 通过 以及 就是 能够 例如 方便 不同 一些 宣传 主要 利用 可以 产品 正确 场景 关注 每个 第三 企业 产品的 他们 第一 今天 第二 积极 扫描 相关 参与 等等 效果 地铁 公交车 怎么 达到 讲述 故事 背后 到底 电子 关系 分析 不对 连接 以上 简单 带来 希望 事项 介绍了 直接 可以通过 推广 自己 方法 使用 页面 现场 转发 朋友 帮助 拿到 展会 为了 觉得 结束 活动 便宜 这个 公众 之后 打开 这样 体验 手机 占用 或者 出来 非常 视觉 直观 取消 所以 内容 没有 需要 电脑 影响 应用 网页 位置','1');
INSERT INTO `v9_search` VALUES('485','1','441','1509453720','做二维码营销需要考虑的问题 二维码 问题 消费者 营销 扫描 价值 问题 考虑 需要 地点 而言 角度 一个 体验 我们 大家 了解 链接 打开 引导 更好 提升 使用 内容 人员 网页 意识 就是 用户 成本 显而易见 创建 哪些 今天 有关 加上 不要 千万 一些 描述 带来 能够 文字 帮助 出来 特定 某个 为了 目的 确保 知道 立刻 可以 只有 简单 之前 非常 一切 必要 认为 常常 事实上 大多数 概念 关注 没什么 的发展 手段 行业 自己 之后 以上 因此 那些 是否 亲自 介绍 对于 如何 方便 确定 希望 所以 跟踪 而且 产品 之间 但是 这些 沟通 直接 似乎 没有 桌面 电脑 居然 期待 网站 多么 移动 简洁 精致 成功 想象 精力 事情 时间 消耗 毕竟 必须 提供 吸引 至关重要 已经 理由 代码 如果','1');
INSERT INTO `v9_search` VALUES('486','55','15','1524489190','测试主管  测试 能力 相关 以上 良好 团队 工作 软件测试 具有 工具 方法 设计 流程 完成 负责 具备 本科 热爱 主管 学历 经验 专业 计算机 掌握 系统 性能 分析 熟悉 脚本 导入 一定 自动化 改进 精通 问题 的责任 合作 意识 沟通 高度 执行 以及 持续 管理 解决 监督 软件 按照 进行 全面 规范 指导 成熟 薪资 面议 全职 引进 带领 组织 项目进度 提升 客户 满意度 销售 项目 任务 辅导 成员 协助 撰写','1');
INSERT INTO `v9_search` VALUES('487','55','16','1524489420','产品经理/项目经理  产品 用户 需求 能力 策划 进行 经理 互联网 负责 项目 独立 以上 运营 整体 功能 防伪 行业 原型 变化 关注 经验 数据 设计 发展方向 规划 文档 协调 强烈 创新 意识 敏锐 搭建 工具 热爱 善于 工作 细节 事物 团队 行为 执行力 产品设计 流程 擅长 具备 理解 优先 撰写 表达 系统 熟练 具有 动向 详细 使用 沟通 良好 逻辑 感知 进度 清晰 构思 策略 发展 完善 呈现 场景 模型 创建 概念 制定 未来 学历 本科 面议 薪资 全职 促销 追溯 研究 分析 完成 找到 跟踪 研发 产品的 对应 提升 指标 体验 方案 确保 合作 开发 实施 推动 框架 测试 高效 紧密 人员','1');
INSERT INTO `v9_search` VALUES('488','55','17','1524489602','Java高级软件工程师  技术 能力 熟悉 具有 以上 能够 相关 编写 良好 本科 业务 工作 模块 精通 经验 设计 负责 系统 学历 开发 专业 优先 基于 了解 使用 阿里 实际 基本 表达 精神 合作 团队 沟通 心理 环境 压力 素质 责任心 认真 项目 解决 学习 技术问题 文档 书写 通过 主流 需求 产品 根据 完成 研发 毕业 计算机 软件 服务器 薪资 软件工程 高级 面议 从事 全职 基础知识 扎实 模板 数据库 至少 习惯 代码 并有 框架 语句','1');
INSERT INTO `v9_search` VALUES('489','55','18','1524489792','项目经理  能力 产品 分析 以上 沟通 经验 目的 客户 制定 跟踪 定制 方案 熟悉 实施 具备 经理 项目 一定 市场 学历 本科 需求 优先 负责 承受 压力 以及 模型 撰写 业务 理解 足够 把握 调研 文档 竞争 市场分析 意识 政府部门 大中型 合作 企业 敏锐 具有 精神 协作 团队 优秀 组织 结构 协调 耐心 工作 开发 分工 部门 测试 相关 硬件 计划 解决方案 面议 薪资 全职 系统 管理 采购 进度 服务 互联网 比较 扎实 软件 推进 总结 质量 不同 通用 知识','1');
INSERT INTO `v9_search` VALUES('490','56','11','1524552629','雪花啤酒营销案例 雪花 啤酒 案例 案例 添加 这里 营销 啤酒 优势 项目 基本 信息 成功','1');
INSERT INTO `v9_search` VALUES('491','56','12','1524552747','伊利牛奶营销案例 伊利 牛奶 案例 添加 这里 项目 案例 营销 牛奶 优势 信息 基本 成果','1');

DROP TABLE IF EXISTS `v9_search_keyword`;
CREATE TABLE `v9_search_keyword` (
  `keyword` char(20) NOT NULL,
  `pinyin` char(20) NOT NULL,
  `searchnums` int(10) unsigned NOT NULL,
  `data` char(20) NOT NULL,
  UNIQUE KEY `keyword` (`keyword`),
  UNIQUE KEY `pinyin` (`pinyin`),
  FULLTEXT KEY `data` (`data`)
) ENGINE=MyISAM DEFAULT CHARSET=utf8;


DROP TABLE IF EXISTS `v9_session`;
CREATE TABLE `v9_session` (
  `sessionid` char(32) NOT NULL,
  `userid` mediumint(8) unsigned NOT NULL DEFAULT '0',
  `ip` char(15) NOT NULL,
  `lastvisit` int(10) unsigned NOT NULL DEFAULT '0',
  `roleid` tinyint(3) unsigned DEFAULT '0',
  `groupid` tinyint(3) unsigned NOT NULL DEFAULT '0',
  `m` char(20) NOT NULL,
  `c` char(20) NOT NULL,
  `a` char(20) NOT NULL,
  `data` char(255) NOT NULL,
  PRIMARY KEY (`sessionid`),
  KEY `lastvisit` (`lastvisit`)
) ENGINE=InnoDB DEFAULT CHARSET=utf8 ROW_FORMAT=DYNAMIC;

INSERT INTO `v9_session` VALUES('s01n7s99pgvtt3lddp7kds8250','1','116.231.247.61','1524707031','1','0','admin','database','export','code|s:0:\"\";userid|s:1:\"1\";roleid|s:1:\"1\";pc_hash|s:6:\"wEmbbg\";lock_screen|i:0;');

DROP TABLE IF EXISTS `v9_site`;
CREATE TABLE `v9_site` (
  `siteid` smallint(5) unsigned NOT NULL AUTO_INCREMENT,
  `name` char(30) DEFAULT '',
  `dirname` char(255) DEFAULT '',
  `domain` char(255) DEFAULT '',
  `site_title` char(255) DEFAULT '',
  `keywords` char(255) DEFAULT '',
  `description` char(255) DEFAULT '',
  `release_point` text,
  `default_style` char(50) DEFAULT NULL,
  `template` text,
  `setting` mediumtext,
  `uuid` char(40) DEFAULT '',
  PRIMARY KEY (`siteid`)
) ENGINE=InnoDB AUTO_INCREMENT=2 DEFAULT CHARSET=utf8 ROW_FORMAT=DYNAMIC;

INSERT INTO `v9_site` VALUES('1','默认站点','','http://www.wfyuan.com/touyun/','透云科技|一物一码_一物一码营销_一物一码营销公司','一物一码','透云科技通过“一物一码”技术致力于为每一件商品赋予独一无二的二维码，打通品牌与每一位既有消费者之间的进一步沟通交流。','','default','default','{\"upload_maxsize\":\"20480\",\"upload_allowext\":\"jpg|jpeg|gif|bmp|png|doc|docx|xls|xlsx|ppt|pptx|pdf|txt|rar|zip|swf\",\"watermark_enable\":\"0\",\"watermark_minwidth\":\"300\",\"watermark_minheight\":\"300\",\"watermark_img\":\"statics\\/images\\/water\\/\\/mark.png\",\"watermark_pct\":\"85\",\"watermark_quality\":\"80\",\"watermark_pos\":\"9\"}','412de47a-3fbf-11e8-a101-c81fbecfcb4c');

DROP TABLE IF EXISTS `v9_sms_report`;
CREATE TABLE `v9_sms_report` (
  `id` bigint(15) NOT NULL AUTO_INCREMENT,
  `mobile` varchar(11) NOT NULL,
  `posttime` int(10) unsigned NOT NULL DEFAULT '0',
  `id_code` varchar(10) NOT NULL,
  `msg` varchar(90) NOT NULL,
  `send_userid` mediumint(8) unsigned NOT NULL DEFAULT '0',
  `status` tinyint(2) NOT NULL DEFAULT '0',
  `return_id` varchar(30) NOT NULL,
  `ip` varchar(15) NOT NULL,
  PRIMARY KEY (`id`),
  KEY `mobile` (`mobile`,`posttime`)
) ENGINE=InnoDB DEFAULT CHARSET=utf8 ROW_FORMAT=DYNAMIC;


DROP TABLE IF EXISTS `v9_special`;
CREATE TABLE `v9_special` (
  `id` smallint(5) unsigned NOT NULL AUTO_INCREMENT,
  `siteid` smallint(5) unsigned NOT NULL DEFAULT '0',
  `aid` int(10) unsigned NOT NULL DEFAULT '0',
  `title` char(60) NOT NULL,
  `typeids` char(100) NOT NULL,
  `thumb` char(100) NOT NULL,
  `banner` char(100) NOT NULL,
  `description` char(255) NOT NULL,
  `url` char(100) NOT NULL,
  `ishtml` tinyint(1) unsigned NOT NULL DEFAULT '0',
  `ispage` tinyint(1) unsigned NOT NULL,
  `filename` char(40) NOT NULL,
  `pics` char(100) NOT NULL,
  `voteid` char(60) NOT NULL,
  `style` char(20) NOT NULL,
  `index_template` char(40) NOT NULL,
  `list_template` char(40) NOT NULL,
  `show_template` char(60) NOT NULL,
  `css` text NOT NULL,
  `username` char(40) NOT NULL,
  `userid` mediumint(8) unsigned NOT NULL DEFAULT '0',
  `createtime` int(10) unsigned NOT NULL DEFAULT '0',
  `listorder` smallint(5) unsigned NOT NULL,
  `elite` tinyint(1) unsigned NOT NULL DEFAULT '0',
  `disabled` tinyint(1) unsigned NOT NULL DEFAULT '0',
  `isvideo` tinyint(1) unsigned NOT NULL DEFAULT '0',
  PRIMARY KEY (`id`),
  KEY `disabled` (`disabled`,`siteid`)
) ENGINE=InnoDB DEFAULT CHARSET=utf8 ROW_FORMAT=DYNAMIC;


DROP TABLE IF EXISTS `v9_special_c_data`;
CREATE TABLE `v9_special_c_data` (
  `id` mediumint(8) unsigned NOT NULL DEFAULT '0',
  `author` varchar(40) NOT NULL,
  `content` text NOT NULL,
  `paginationtype` tinyint(1) unsigned NOT NULL DEFAULT '0',
  `maxcharperpage` mediumint(6) unsigned NOT NULL DEFAULT '0',
  `style` char(20) NOT NULL,
  `show_template` varchar(30) NOT NULL,
  UNIQUE KEY `id` (`id`)
) ENGINE=InnoDB DEFAULT CHARSET=utf8 ROW_FORMAT=DYNAMIC;


DROP TABLE IF EXISTS `v9_special_content`;
CREATE TABLE `v9_special_content` (
  `id` mediumint(8) unsigned NOT NULL AUTO_INCREMENT,
  `specialid` smallint(5) unsigned NOT NULL DEFAULT '0',
  `title` char(80) NOT NULL,
  `style` char(24) NOT NULL,
  `typeid` smallint(5) unsigned NOT NULL DEFAULT '0',
  `thumb` char(100) NOT NULL,
  `keywords` char(40) NOT NULL,
  `description` char(255) NOT NULL,
  `url` char(100) NOT NULL,
  `curl` char(15) NOT NULL,
  `listorder` mediumint(8) unsigned NOT NULL DEFAULT '0',
  `userid` mediumint(8) unsigned NOT NULL DEFAULT '0',
  `username` char(20) NOT NULL,
  `inputtime` int(10) unsigned NOT NULL DEFAULT '0',
  `updatetime` int(10) unsigned NOT NULL DEFAULT '0',
  `searchid` mediumint(8) unsigned NOT NULL DEFAULT '0',
  `islink` tinyint(1) unsigned NOT NULL DEFAULT '0',
  `isdata` tinyint(1) unsigned NOT NULL DEFAULT '0',
  `videoid` int(10) unsigned NOT NULL DEFAULT '0',
  PRIMARY KEY (`id`),
  KEY `specialid` (`specialid`,`typeid`,`isdata`),
  KEY `typeid` (`typeid`,`isdata`)
) ENGINE=InnoDB DEFAULT CHARSET=utf8 ROW_FORMAT=DYNAMIC;


DROP TABLE IF EXISTS `v9_sphinx_counter`;
CREATE TABLE `v9_sphinx_counter` (
  `counter_id` int(11) unsigned NOT NULL,
  `max_doc_id` int(11) unsigned NOT NULL,
  PRIMARY KEY (`counter_id`)
) ENGINE=InnoDB DEFAULT CHARSET=utf8 ROW_FORMAT=DYNAMIC;


DROP TABLE IF EXISTS `v9_sso_admin`;
CREATE TABLE `v9_sso_admin` (
  `id` smallint(6) NOT NULL AUTO_INCREMENT,
  `username` char(20) NOT NULL,
  `password` char(32) NOT NULL,
  `encrypt` char(6) DEFAULT NULL,
  `issuper` tinyint(1) DEFAULT '0',
  `lastlogin` int(10) DEFAULT NULL,
  `ip` char(15) DEFAULT NULL,
  PRIMARY KEY (`id`),
  UNIQUE KEY `username` (`username`)
) ENGINE=InnoDB AUTO_INCREMENT=2 DEFAULT CHARSET=utf8 ROW_FORMAT=DYNAMIC;

INSERT INTO `v9_sso_admin` VALUES('1','phpcms','6c35c6b76b7869ac2df44d7838c153c6','jwaRxC','1','0','');

DROP TABLE IF EXISTS `v9_sso_applications`;
CREATE TABLE `v9_sso_applications` (
  `appid` smallint(6) unsigned NOT NULL AUTO_INCREMENT,
  `type` char(16) NOT NULL DEFAULT '',
  `name` char(20) NOT NULL DEFAULT '',
  `url` char(255) NOT NULL DEFAULT '',
  `authkey` char(255) NOT NULL DEFAULT '',
  `ip` char(15) NOT NULL DEFAULT '',
  `apifilename` char(30) NOT NULL DEFAULT 'phpsso.php',
  `charset` char(8) NOT NULL DEFAULT '',
  `synlogin` tinyint(1) NOT NULL DEFAULT '0',
  PRIMARY KEY (`appid`),
  KEY `synlogin` (`synlogin`)
) ENGINE=InnoDB AUTO_INCREMENT=2 DEFAULT CHARSET=utf8 ROW_FORMAT=DYNAMIC;

INSERT INTO `v9_sso_applications` VALUES('1','phpcms_v9','phpcms v9','http://dev.wfyuan.com/touyun/','oWrdwwTBQ0tTgNUDgNnkKxc0KgIqZGqc','','api.php?op=phpsso','utf-8','1');

DROP TABLE IF EXISTS `v9_sso_members`;
CREATE TABLE `v9_sso_members` (
  `uid` int(10) unsigned NOT NULL AUTO_INCREMENT,
  `username` char(20) NOT NULL DEFAULT '',
  `password` char(32) NOT NULL DEFAULT '',
  `random` char(8) NOT NULL DEFAULT '',
  `email` char(32) NOT NULL DEFAULT '',
  `regip` char(15) NOT NULL DEFAULT '',
  `regdate` int(10) unsigned NOT NULL DEFAULT '0',
  `lastip` char(15) NOT NULL DEFAULT '0',
  `lastdate` int(10) unsigned NOT NULL DEFAULT '0',
  `appname` char(15) NOT NULL,
  `type` enum('app','connect') DEFAULT NULL,
  `avatar` tinyint(1) NOT NULL DEFAULT '0',
  `ucuserid` mediumint(8) unsigned DEFAULT '0',
  PRIMARY KEY (`uid`),
  UNIQUE KEY `username` (`username`),
  KEY `email` (`email`),
  KEY `ucuserid` (`ucuserid`)
) ENGINE=InnoDB DEFAULT CHARSET=utf8 ROW_FORMAT=DYNAMIC;


DROP TABLE IF EXISTS `v9_sso_messagequeue`;
CREATE TABLE `v9_sso_messagequeue` (
  `id` int(10) unsigned NOT NULL AUTO_INCREMENT,
  `operation` char(32) NOT NULL,
  `succeed` tinyint(1) NOT NULL DEFAULT '0',
  `totalnum` smallint(6) unsigned NOT NULL DEFAULT '0',
  `noticedata` mediumtext NOT NULL,
  `dateline` int(10) unsigned NOT NULL DEFAULT '0',
  `appstatus` mediumtext,
  PRIMARY KEY (`id`),
  KEY `dateline` (`dateline`),
  KEY `succeed` (`succeed`,`id`)
) ENGINE=InnoDB DEFAULT CHARSET=utf8 ROW_FORMAT=DYNAMIC;


DROP TABLE IF EXISTS `v9_sso_session`;
CREATE TABLE `v9_sso_session` (
  `sessionid` char(32) NOT NULL,
  `userid` mediumint(8) unsigned NOT NULL DEFAULT '0',
  `ip` char(15) NOT NULL,
  `lastvisit` int(10) unsigned NOT NULL DEFAULT '0',
  `roleid` tinyint(3) unsigned DEFAULT '0',
  `groupid` tinyint(3) unsigned NOT NULL DEFAULT '0',
  `m` char(20) NOT NULL,
  `c` char(20) NOT NULL,
  `a` char(20) NOT NULL,
  `data` char(255) NOT NULL,
  PRIMARY KEY (`sessionid`),
  KEY `lastvisit` (`lastvisit`)
) ENGINE=InnoDB DEFAULT CHARSET=utf8 ROW_FORMAT=DYNAMIC;


DROP TABLE IF EXISTS `v9_sso_settings`;
CREATE TABLE `v9_sso_settings` (
  `name` varchar(32) NOT NULL DEFAULT '',
  `data` text NOT NULL,
  PRIMARY KEY (`name`)
) ENGINE=InnoDB DEFAULT CHARSET=utf8 ROW_FORMAT=DYNAMIC;

INSERT INTO `v9_sso_settings` VALUES('creditrate','');
INSERT INTO `v9_sso_settings` VALUES('denyemail','');
INSERT INTO `v9_sso_settings` VALUES('denyusername','');
INSERT INTO `v9_sso_settings` VALUES('sp4','');
INSERT INTO `v9_sso_settings` VALUES('ucenter','');

DROP TABLE IF EXISTS `v9_syywym`;
CREATE TABLE `v9_syywym` (
  `id` mediumint(8) unsigned NOT NULL AUTO_INCREMENT,
  `catid` smallint(5) unsigned NOT NULL DEFAULT '0',
  `typeid` smallint(5) unsigned NOT NULL,
  `title` char(80) NOT NULL DEFAULT '',
  `style` char(24) NOT NULL DEFAULT '',
  `thumb` char(100) NOT NULL DEFAULT '',
  `keywords` char(40) NOT NULL DEFAULT '',
  `description` char(255) NOT NULL DEFAULT '',
  `posids` tinyint(1) unsigned NOT NULL DEFAULT '0',
  `url` char(100) NOT NULL,
  `listorder` tinyint(3) unsigned NOT NULL DEFAULT '0',
  `status` tinyint(2) unsigned NOT NULL DEFAULT '1',
  `sysadd` tinyint(1) unsigned NOT NULL DEFAULT '0',
  `islink` tinyint(1) unsigned NOT NULL DEFAULT '0',
  `username` char(20) NOT NULL,
  `inputtime` int(10) unsigned NOT NULL DEFAULT '0',
  `updatetime` int(10) unsigned NOT NULL DEFAULT '0',
  PRIMARY KEY (`id`),
  KEY `status` (`status`,`listorder`,`id`),
  KEY `listorder` (`catid`,`status`,`listorder`,`id`),
  KEY `catid` (`catid`,`status`,`id`)
) ENGINE=InnoDB AUTO_INCREMENT=5 DEFAULT CHARSET=utf8 ROW_FORMAT=DYNAMIC;

INSERT INTO `v9_syywym` VALUES('1','33','0','扫码营销','','','','提供营销管理工具和数据洞察系统，帮助品牌轻松部署营销活动。','0','http://www.wfyuan.com/touyun/index.php?m=content&c=index&a=show&catid=33&id=1','0','99','1','0','phpcms','1523713415','1523713541');
INSERT INTO `v9_syywym` VALUES('2','33','0','分销管理','','','','帮助品牌进行分销商管理，通过促销、返利等完善供应链中的缺失部分。','0','http://www.wfyuan.com/touyun/index.php?m=content&c=index&a=show&catid=33&id=2','0','99','1','0','phpcms','1523713543','1523713583');
INSERT INTO `v9_syywym` VALUES('3','33','0','防窜稽查','','','','帮助企业实现货物跟踪和窜货分析、预警。','0','http://www.wfyuan.com/touyun/index.php?m=content&c=index&a=show&catid=33&id=3','0','99','1','0','phpcms','1523713585','1523713621');
INSERT INTO `v9_syywym` VALUES('4','33','0','产品溯源','','','','基于物联网技术打造的开放、共享的溯源信息平台','0','http://www.wfyuan.com/touyun/index.php?m=content&c=index&a=show&catid=33&id=4','0','99','1','0','phpcms','1523713623','1523713656');

DROP TABLE IF EXISTS `v9_syywym_data`;
CREATE TABLE `v9_syywym_data` (
  `id` mediumint(8) unsigned DEFAULT '0',
  `content` text NOT NULL,
  `readpoint` smallint(5) unsigned NOT NULL DEFAULT '0',
  `groupids_view` varchar(100) NOT NULL,
  `paginationtype` tinyint(1) NOT NULL,
  `maxcharperpage` mediumint(6) NOT NULL,
  `template` varchar(30) NOT NULL,
  `paytype` tinyint(1) unsigned NOT NULL DEFAULT '0',
  `allow_comment` tinyint(1) unsigned NOT NULL DEFAULT '1',
  `relation` varchar(255) NOT NULL DEFAULT '',
  `jttp` varchar(255) NOT NULL DEFAULT '',
  `dtimage` varchar(255) NOT NULL DEFAULT '',
  KEY `id` (`id`)
) ENGINE=InnoDB DEFAULT CHARSET=utf8 ROW_FORMAT=DYNAMIC;

INSERT INTO `v9_syywym_data` VALUES('1','提供营销管理工具和数据洞察系统，帮助品牌轻松部署营销活动。<br />\r\n','0','','0','0','','0','1','','/touyun/uploadfile/2018/0414/20180414094520764.png','/touyun/uploadfile/2018/0414/20180414094447837.gif');
INSERT INTO `v9_syywym_data` VALUES('2','帮助品牌进行分销商管理，通过促销、返利等完善供应链中的缺失部分。<br />\r\n','0','','0','0','','0','1','','/touyun/uploadfile/2018/0414/20180414094603876.png','/touyun/uploadfile/2018/0414/20180414094612837.gif');
INSERT INTO `v9_syywym_data` VALUES('3','帮助企业实现货物跟踪和窜货分析、预警。<br />\r\n','0','','0','0','','0','1','','/touyun/uploadfile/2018/0414/20180414094641878.png','/touyun/uploadfile/2018/0414/20180414094651587.gif');
INSERT INTO `v9_syywym_data` VALUES('4','基于物联网技术打造的开放、共享的溯源信息平台<br />\r\n','0','','0','0','','0','1','','/touyun/uploadfile/2018/0414/20180414094719717.png','/touyun/uploadfile/2018/0414/20180414094727294.gif');

DROP TABLE IF EXISTS `v9_tag`;
CREATE TABLE `v9_tag` (
  `id` mediumint(8) unsigned NOT NULL AUTO_INCREMENT,
  `siteid` smallint(5) unsigned NOT NULL DEFAULT '0',
  `tag` text NOT NULL,
  `name` char(40) NOT NULL,
  `type` tinyint(1) unsigned NOT NULL DEFAULT '0',
  `module` char(20) NOT NULL,
  `action` char(20) NOT NULL,
  `data` text NOT NULL,
  `page` char(15) NOT NULL,
  `return` char(20) NOT NULL,
  `cache` mediumint(8) unsigned NOT NULL DEFAULT '0',
  `num` smallint(5) unsigned NOT NULL DEFAULT '0',
  PRIMARY KEY (`id`)
) ENGINE=InnoDB DEFAULT CHARSET=utf8 ROW_FORMAT=DYNAMIC;


DROP TABLE IF EXISTS `v9_template_bak`;
CREATE TABLE `v9_template_bak` (
  `id` int(10) NOT NULL AUTO_INCREMENT,
  `creat_at` int(10) unsigned DEFAULT '0',
  `fileid` char(50) DEFAULT NULL,
  `userid` mediumint(8) DEFAULT NULL,
  `username` char(20) DEFAULT NULL,
  `template` text,
  PRIMARY KEY (`id`),
  KEY `fileid` (`fileid`)
) ENGINE=InnoDB DEFAULT CHARSET=utf8 ROW_FORMAT=DYNAMIC;


DROP TABLE IF EXISTS `v9_times`;
CREATE TABLE `v9_times` (
  `username` char(40) NOT NULL,
  `ip` char(15) NOT NULL,
  `logintime` int(10) unsigned NOT NULL DEFAULT '0',
  `isadmin` tinyint(1) NOT NULL DEFAULT '0',
  `times` tinyint(1) unsigned NOT NULL DEFAULT '0',
  PRIMARY KEY (`username`,`isadmin`)
) ENGINE=InnoDB DEFAULT CHARSET=utf8 ROW_FORMAT=DYNAMIC;


DROP TABLE IF EXISTS `v9_type`;
CREATE TABLE `v9_type` (
  `typeid` smallint(5) unsigned NOT NULL AUTO_INCREMENT,
  `siteid` smallint(5) unsigned NOT NULL DEFAULT '0',
  `module` char(15) NOT NULL,
  `modelid` smallint(5) unsigned NOT NULL DEFAULT '0',
  `name` char(30) NOT NULL,
  `parentid` smallint(5) unsigned NOT NULL DEFAULT '0',
  `typedir` char(20) NOT NULL,
  `url` char(100) NOT NULL,
  `template` char(30) NOT NULL,
  `listorder` smallint(5) unsigned NOT NULL DEFAULT '0',
  `description` varchar(255) NOT NULL,
  PRIMARY KEY (`typeid`),
  KEY `module` (`module`,`parentid`,`siteid`,`listorder`)
) ENGINE=InnoDB AUTO_INCREMENT=58 DEFAULT CHARSET=utf8 ROW_FORMAT=DYNAMIC;

INSERT INTO `v9_type` VALUES('1','1','search','1','新闻','0','','','','1','新闻模型搜索');
INSERT INTO `v9_type` VALUES('2','1','search','2','下载','0','','','','3','下载模型搜索');
INSERT INTO `v9_type` VALUES('3','1','search','3','图片','0','','','','2','图片模型搜索');
INSERT INTO `v9_type` VALUES('52','1','search','0','专题','0','special','','','4','专题');
INSERT INTO `v9_type` VALUES('53','1','search','12','大事记','0','','','','0','');
INSERT INTO `v9_type` VALUES('54','1','search','13','众店宝','0','','','','0','');
INSERT INTO `v9_type` VALUES('55','1','search','14','加入我们','0','','','','0','');
INSERT INTO `v9_type` VALUES('56','1','search','15','成功案例','0','','','','0','');
INSERT INTO `v9_type` VALUES('57','1','search','16','首页一物一码','0','','','','0','');

DROP TABLE IF EXISTS `v9_urlrule`;
CREATE TABLE `v9_urlrule` (
  `urlruleid` smallint(5) unsigned NOT NULL AUTO_INCREMENT,
  `module` varchar(15) NOT NULL,
  `file` varchar(20) NOT NULL,
  `ishtml` tinyint(1) unsigned NOT NULL DEFAULT '0',
  `urlrule` varchar(255) NOT NULL,
  `example` varchar(255) NOT NULL,
  PRIMARY KEY (`urlruleid`)
) ENGINE=InnoDB AUTO_INCREMENT=31 DEFAULT CHARSET=utf8 ROW_FORMAT=DYNAMIC;

INSERT INTO `v9_urlrule` VALUES('1','content','category','1','{$categorydir}{$catdir}/index.html|{$categorydir}{$catdir}/{$page}.html','news/china/1000.html');
INSERT INTO `v9_urlrule` VALUES('6','content','category','0','index.php?m=content&c=index&a=lists&catid={$catid}|index.php?m=content&c=index&a=lists&catid={$catid}&page={$page}','index.php?m=content&c=index&a=lists&catid=1&page=1');
INSERT INTO `v9_urlrule` VALUES('11','content','show','1','{$year}/{$catdir}_{$month}{$day}/{$id}.html|{$year}/{$catdir}_{$month}{$day}/{$id}_{$page}.html','2010/catdir_0720/1_2.html');
INSERT INTO `v9_urlrule` VALUES('12','content','show','1','{$categorydir}{$catdir}/{$year}/{$month}{$day}/{$id}.html|{$categorydir}{$catdir}/{$year}/{$month}{$day}/{$id}_{$page}.html','it/product/2010/0720/1_2.html');
INSERT INTO `v9_urlrule` VALUES('16','content','show','0','index.php?m=content&c=index&a=show&catid={$catid}&id={$id}|index.php?m=content&c=index&a=show&catid={$catid}&id={$id}&page={$page}','index.php?m=content&c=index&a=show&catid=1&id=1');
INSERT INTO `v9_urlrule` VALUES('17','content','show','0','show-{$catid}-{$id}-{$page}.html','show-1-2-1.html');
INSERT INTO `v9_urlrule` VALUES('18','content','show','0','content-{$catid}-{$id}-{$page}.html','content-1-2-1.html');
INSERT INTO `v9_urlrule` VALUES('30','content','category','0','list-{$catid}-{$page}.html','list-1-1.html');

DROP TABLE IF EXISTS `v9_video`;
CREATE TABLE `v9_video` (
  `id` mediumint(8) unsigned NOT NULL AUTO_INCREMENT,
  `catid` smallint(5) unsigned NOT NULL DEFAULT '0',
  `typeid` smallint(5) unsigned NOT NULL,
  `title` char(80) NOT NULL DEFAULT '',
  `style` char(24) NOT NULL DEFAULT '',
  `thumb` char(100) NOT NULL DEFAULT '',
  `keywords` char(40) NOT NULL DEFAULT '',
  `description` char(255) NOT NULL DEFAULT '',
  `posids` tinyint(1) unsigned NOT NULL DEFAULT '0',
  `url` char(100) NOT NULL,
  `listorder` tinyint(3) unsigned NOT NULL DEFAULT '0',
  `status` tinyint(2) unsigned NOT NULL DEFAULT '1',
  `sysadd` tinyint(1) unsigned NOT NULL DEFAULT '0',
  `islink` tinyint(1) unsigned NOT NULL DEFAULT '0',
  `username` char(20) NOT NULL,
  `inputtime` int(10) unsigned NOT NULL DEFAULT '0',
  `updatetime` int(10) unsigned NOT NULL DEFAULT '0',
  `vision` varchar(255) NOT NULL DEFAULT '',
  `video_category` varchar(255) NOT NULL DEFAULT '',
  PRIMARY KEY (`id`),
  KEY `status` (`status`,`listorder`,`id`),
  KEY `listorder` (`catid`,`status`,`listorder`,`id`),
  KEY `catid` (`catid`,`status`,`id`)
) ENGINE=InnoDB DEFAULT CHARSET=utf8 ROW_FORMAT=DYNAMIC;


DROP TABLE IF EXISTS `v9_video_content`;
CREATE TABLE `v9_video_content` (
  `contentid` int(10) unsigned NOT NULL DEFAULT '0',
  `modelid` smallint(5) unsigned NOT NULL DEFAULT '0',
  `videoid` int(10) unsigned NOT NULL DEFAULT '0',
  `listorder` smallint(5) unsigned NOT NULL DEFAULT '0',
  KEY `videoid` (`videoid`)
) ENGINE=InnoDB DEFAULT CHARSET=utf8 ROW_FORMAT=DYNAMIC;


DROP TABLE IF EXISTS `v9_video_data`;
CREATE TABLE `v9_video_data` (
  `id` mediumint(8) unsigned DEFAULT '0',
  `content` text NOT NULL,
  `readpoint` smallint(5) unsigned NOT NULL DEFAULT '0',
  `groupids_view` varchar(100) NOT NULL,
  `paginationtype` tinyint(1) NOT NULL,
  `maxcharperpage` mediumint(6) NOT NULL,
  `template` varchar(30) NOT NULL,
  `paytype` tinyint(1) unsigned NOT NULL DEFAULT '0',
  `allow_comment` tinyint(1) unsigned NOT NULL DEFAULT '1',
  `relation` varchar(255) NOT NULL DEFAULT '',
  `video` tinyint(3) unsigned NOT NULL DEFAULT '0',
  KEY `id` (`id`)
) ENGINE=InnoDB DEFAULT CHARSET=utf8 ROW_FORMAT=DYNAMIC;


DROP TABLE IF EXISTS `v9_video_store`;
CREATE TABLE `v9_video_store` (
  `videoid` int(10) unsigned NOT NULL AUTO_INCREMENT,
  `title` char(60) NOT NULL,
  `vid` char(40) NOT NULL,
  `keywords` char(40) NOT NULL,
  `description` char(255) NOT NULL,
  `status` tinyint(3) NOT NULL DEFAULT '0',
  `listorder` smallint(5) unsigned NOT NULL DEFAULT '0',
  `addtime` int(10) unsigned NOT NULL DEFAULT '0',
  `userid` mediumint(8) unsigned NOT NULL DEFAULT '0',
  `picpath` char(120) NOT NULL,
  `size` char(20) NOT NULL,
  `timelen` mediumint(9) NOT NULL DEFAULT '0',
  `userupload` tinyint(1) NOT NULL DEFAULT '0',
  `channelid` tinyint(3) unsigned NOT NULL DEFAULT '0',
  PRIMARY KEY (`videoid`),
  KEY `videoid` (`videoid`,`status`)
) ENGINE=InnoDB DEFAULT CHARSET=utf8 ROW_FORMAT=DYNAMIC;


DROP TABLE IF EXISTS `v9_vote_data`;
CREATE TABLE `v9_vote_data` (
  `userid` mediumint(8) unsigned DEFAULT '0',
  `username` char(20) NOT NULL,
  `subjectid` mediumint(8) unsigned NOT NULL DEFAULT '0',
  `time` int(10) unsigned NOT NULL DEFAULT '0',
  `ip` char(15) NOT NULL,
  `data` text NOT NULL,
  `userinfo` text NOT NULL,
  KEY `subjectid` (`subjectid`),
  KEY `userid` (`userid`),
  KEY `ip` (`ip`)
) ENGINE=InnoDB DEFAULT CHARSET=utf8 ROW_FORMAT=DYNAMIC;


DROP TABLE IF EXISTS `v9_vote_option`;
CREATE TABLE `v9_vote_option` (
  `optionid` mediumint(8) unsigned NOT NULL AUTO_INCREMENT,
  `siteid` smallint(5) unsigned DEFAULT '0',
  `subjectid` mediumint(8) unsigned NOT NULL DEFAULT '0',
  `option` varchar(255) NOT NULL,
  `image` varchar(100) DEFAULT NULL,
  `listorder` tinyint(2) unsigned DEFAULT '0',
  PRIMARY KEY (`optionid`),
  KEY `subjectid` (`subjectid`)
) ENGINE=InnoDB DEFAULT CHARSET=utf8 ROW_FORMAT=DYNAMIC;


DROP TABLE IF EXISTS `v9_vote_subject`;
CREATE TABLE `v9_vote_subject` (
  `subjectid` mediumint(8) unsigned NOT NULL AUTO_INCREMENT,
  `siteid` smallint(5) unsigned DEFAULT '0',
  `subject` char(255) NOT NULL,
  `ismultiple` tinyint(1) unsigned NOT NULL DEFAULT '0',
  `ischeckbox` tinyint(1) unsigned NOT NULL DEFAULT '0',
  `credit` smallint(5) unsigned NOT NULL DEFAULT '0',
  `addtime` int(10) unsigned NOT NULL DEFAULT '0',
  `fromdate` date NOT NULL DEFAULT '0000-00-00',
  `todate` date NOT NULL DEFAULT '0000-00-00',
  `interval` tinyint(3) unsigned NOT NULL DEFAULT '0',
  `enabled` tinyint(1) unsigned NOT NULL DEFAULT '1',
  `template` char(20) NOT NULL,
  `description` text NOT NULL,
  `listorder` smallint(5) unsigned NOT NULL DEFAULT '0',
  `allowguest` tinyint(1) unsigned NOT NULL DEFAULT '1',
  `maxval` tinyint(2) unsigned NOT NULL DEFAULT '0',
  `minval` tinyint(1) unsigned NOT NULL DEFAULT '1',
  `allowview` tinyint(1) unsigned NOT NULL DEFAULT '1',
  `optionnumber` tinyint(3) unsigned NOT NULL DEFAULT '0',
  `votenumber` mediumint(8) unsigned NOT NULL DEFAULT '0',
  PRIMARY KEY (`subjectid`),
  KEY `enabled` (`enabled`),
  KEY `fromdate` (`fromdate`,`todate`),
  KEY `todate` (`todate`)
) ENGINE=InnoDB DEFAULT CHARSET=utf8 ROW_FORMAT=DYNAMIC;


DROP TABLE IF EXISTS `v9_wap`;
CREATE TABLE `v9_wap` (
  `siteid` smallint(5) unsigned NOT NULL DEFAULT '1',
  `sitename` char(30) NOT NULL,
  `logo` char(100) DEFAULT NULL,
  `domain` varchar(100) DEFAULT NULL,
  `setting` mediumtext,
  `status` tinyint(2) DEFAULT NULL,
  PRIMARY KEY (`siteid`)
) ENGINE=InnoDB DEFAULT CHARSET=utf8 ROW_FORMAT=DYNAMIC;

INSERT INTO `v9_wap` VALUES('1','PHPCMS手机门户','/statics/images/wap/wlogo.gif','','array (\n  \'listnum\' => \'10\',\n  \'thumb_w\' => \'220\',\n  \'thumb_h\' => \'0\',\n  \'c_num\' => \'1000\',\n  \'index_template\' => \'index\',\n  \'category_template\' => \'category\',\n  \'list_template\' => \'list\',\n  \'show_template\' => \'show\',\n)','0');

DROP TABLE IF EXISTS `v9_wap_type`;
CREATE TABLE `v9_wap_type` (
  `typeid` smallint(5) NOT NULL AUTO_INCREMENT,
  `cat` smallint(5) NOT NULL,
  `parentid` smallint(5) NOT NULL,
  `typename` varchar(30) NOT NULL,
  `siteid` smallint(5) NOT NULL,
  `listorder` smallint(5) DEFAULT '0',
  PRIMARY KEY (`typeid`)
) ENGINE=InnoDB DEFAULT CHARSET=utf8 ROW_FORMAT=DYNAMIC;


DROP TABLE IF EXISTS `v9_workflow`;
CREATE TABLE `v9_workflow` (
  `workflowid` smallint(5) unsigned NOT NULL AUTO_INCREMENT,
  `siteid` smallint(5) unsigned NOT NULL DEFAULT '0',
  `steps` tinyint(1) unsigned NOT NULL DEFAULT '1',
  `workname` varchar(20) NOT NULL,
  `description` varchar(255) NOT NULL,
  `setting` text NOT NULL,
  `flag` tinyint(1) unsigned NOT NULL DEFAULT '0',
  PRIMARY KEY (`workflowid`)
) ENGINE=InnoDB AUTO_INCREMENT=5 DEFAULT CHARSET=utf8 ROW_FORMAT=DYNAMIC;

INSERT INTO `v9_workflow` VALUES('1','1','1','一级审核','审核一次','','0');
INSERT INTO `v9_workflow` VALUES('2','1','2','二级审核','审核两次','','0');
INSERT INTO `v9_workflow` VALUES('3','1','3','三级审核','审核三次','','0');
INSERT INTO `v9_workflow` VALUES('4','1','4','四级审核','四级审核','','0');

DROP TABLE IF EXISTS `v9_ywym`;
CREATE TABLE `v9_ywym` (
  `id` mediumint(8) unsigned NOT NULL AUTO_INCREMENT,
  `catid` smallint(5) unsigned NOT NULL DEFAULT '0',
  `typeid` smallint(5) unsigned NOT NULL,
  `title` char(80) NOT NULL DEFAULT '',
  `style` char(24) NOT NULL DEFAULT '',
  `thumb` char(100) NOT NULL DEFAULT '',
  `keywords` char(40) NOT NULL DEFAULT '',
  `description` char(255) NOT NULL DEFAULT '',
  `posids` tinyint(1) unsigned NOT NULL DEFAULT '0',
  `url` char(100) NOT NULL,
  `listorder` tinyint(3) unsigned NOT NULL DEFAULT '0',
  `status` tinyint(2) unsigned NOT NULL DEFAULT '1',
  `sysadd` tinyint(1) unsigned NOT NULL DEFAULT '0',
  `islink` tinyint(1) unsigned NOT NULL DEFAULT '0',
  `username` char(20) NOT NULL,
  `inputtime` int(10) unsigned NOT NULL DEFAULT '0',
  `updatetime` int(10) unsigned NOT NULL DEFAULT '0',
  PRIMARY KEY (`id`),
  KEY `status` (`status`,`listorder`,`id`),
  KEY `listorder` (`catid`,`status`,`listorder`,`id`),
  KEY `catid` (`catid`,`status`,`id`)
) ENGINE=InnoDB DEFAULT CHARSET=utf8 ROW_FORMAT=DYNAMIC;


DROP TABLE IF EXISTS `v9_ywym_data`;
CREATE TABLE `v9_ywym_data` (
  `id` mediumint(8) unsigned DEFAULT '0',
  `content` text NOT NULL,
  `readpoint` smallint(5) unsigned NOT NULL DEFAULT '0',
  `groupids_view` varchar(100) NOT NULL,
  `paginationtype` tinyint(1) NOT NULL,
  `maxcharperpage` mediumint(6) NOT NULL,
  `template` varchar(30) NOT NULL,
  `paytype` tinyint(1) unsigned NOT NULL DEFAULT '0',
  `allow_comment` tinyint(1) unsigned NOT NULL DEFAULT '1',
  `relation` varchar(255) NOT NULL DEFAULT '',
  KEY `id` (`id`)
) ENGINE=InnoDB DEFAULT CHARSET=utf8 ROW_FORMAT=DYNAMIC;


DROP TABLE IF EXISTS `v9_zdb`;
CREATE TABLE `v9_zdb` (
  `id` mediumint(8) unsigned NOT NULL AUTO_INCREMENT,
  `catid` smallint(5) unsigned NOT NULL DEFAULT '0',
  `typeid` smallint(5) unsigned NOT NULL,
  `title` char(80) NOT NULL DEFAULT '',
  `style` char(24) NOT NULL DEFAULT '',
  `thumb` char(100) NOT NULL DEFAULT '',
  `keywords` char(40) NOT NULL DEFAULT '',
  `description` char(255) NOT NULL DEFAULT '',
  `posids` tinyint(1) unsigned NOT NULL DEFAULT '0',
  `url` char(100) NOT NULL,
  `listorder` tinyint(3) unsigned NOT NULL DEFAULT '0',
  `status` tinyint(2) unsigned NOT NULL DEFAULT '1',
  `sysadd` tinyint(1) unsigned NOT NULL DEFAULT '0',
  `islink` tinyint(1) unsigned NOT NULL DEFAULT '0',
  `username` char(20) NOT NULL,
  `inputtime` int(10) unsigned NOT NULL DEFAULT '0',
  `updatetime` int(10) unsigned NOT NULL DEFAULT '0',
  PRIMARY KEY (`id`),
  KEY `status` (`status`,`listorder`,`id`),
  KEY `listorder` (`catid`,`status`,`listorder`,`id`),
  KEY `catid` (`catid`,`status`,`id`)
) ENGINE=InnoDB DEFAULT CHARSET=utf8 ROW_FORMAT=DYNAMIC;


DROP TABLE IF EXISTS `v9_zdb_data`;
CREATE TABLE `v9_zdb_data` (
  `id` mediumint(8) unsigned DEFAULT '0',
  `content` text NOT NULL,
  `readpoint` smallint(5) unsigned NOT NULL DEFAULT '0',
  `groupids_view` varchar(100) NOT NULL,
  `paginationtype` tinyint(1) NOT NULL,
  `maxcharperpage` mediumint(6) NOT NULL,
  `template` varchar(30) NOT NULL,
  `paytype` tinyint(1) unsigned NOT NULL DEFAULT '0',
  `allow_comment` tinyint(1) unsigned NOT NULL DEFAULT '1',
  `relation` varchar(255) NOT NULL DEFAULT '',
  KEY `id` (`id`)
) ENGINE=InnoDB DEFAULT CHARSET=utf8 ROW_FORMAT=DYNAMIC;


DROP TABLE IF EXISTS `v9_zongdianbao`;
CREATE TABLE `v9_zongdianbao` (
  `id` mediumint(8) unsigned NOT NULL AUTO_INCREMENT,
  `catid` smallint(5) unsigned NOT NULL DEFAULT '0',
  `typeid` smallint(5) unsigned NOT NULL,
  `title` char(80) NOT NULL DEFAULT '',
  `style` char(24) NOT NULL DEFAULT '',
  `thumb` char(100) NOT NULL DEFAULT '',
  `keywords` char(40) NOT NULL DEFAULT '',
  `description` char(255) NOT NULL DEFAULT '',
  `posids` tinyint(1) unsigned NOT NULL DEFAULT '0',
  `url` char(100) NOT NULL,
  `listorder` tinyint(3) unsigned NOT NULL DEFAULT '0',
  `status` tinyint(2) unsigned NOT NULL DEFAULT '1',
  `sysadd` tinyint(1) unsigned NOT NULL DEFAULT '0',
  `islink` tinyint(1) unsigned NOT NULL DEFAULT '0',
  `username` char(20) NOT NULL,
  `inputtime` int(10) unsigned NOT NULL DEFAULT '0',
  `updatetime` int(10) unsigned NOT NULL DEFAULT '0',
  PRIMARY KEY (`id`),
  KEY `status` (`status`,`listorder`,`id`),
  KEY `listorder` (`catid`,`status`,`listorder`,`id`),
  KEY `catid` (`catid`,`status`,`id`)
) ENGINE=InnoDB DEFAULT CHARSET=utf8 ROW_FORMAT=DYNAMIC;


DROP TABLE IF EXISTS `v9_zongdianbao_data`;
CREATE TABLE `v9_zongdianbao_data` (
  `id` mediumint(8) unsigned DEFAULT '0',
  `content` text NOT NULL,
  `readpoint` smallint(5) unsigned NOT NULL DEFAULT '0',
  `groupids_view` varchar(100) NOT NULL,
  `paginationtype` tinyint(1) NOT NULL,
  `maxcharperpage` mediumint(6) NOT NULL,
  `template` varchar(30) NOT NULL,
  `paytype` tinyint(1) unsigned NOT NULL DEFAULT '0',
  `allow_comment` tinyint(1) unsigned NOT NULL DEFAULT '1',
  `relation` varchar(255) NOT NULL DEFAULT '',
  KEY `id` (`id`)
) ENGINE=InnoDB DEFAULT CHARSET=utf8 ROW_FORMAT=DYNAMIC;


